AccountNumber,NMI,DeviceNumber,DeviceType,RegisterCode,RateTypeDescription,StartDate,EndDate,ProfileReadValue,RegisterReadValue,QualityFlag
9000000001,90000000001,000000000009999999,MRIM,99999#001,Generalusage,11/08/2025 12:00:00 AM,11/08/2025 12:29:59 AM,0.075,0,A
9000000001,90000000001,000000000009999999,MRIM,99999#002,Controlledload,11/08/2025 12:00:00 AM,11/08/2025 12:29:59 AM,0.213,0,A
9000000001,90000000001,000000000009999999,MRIM,99999#001,Generalusage,11/08/2025 12:30:00 AM,11/08/2025 12:59:59 AM,0.049,0,A
9000000001,90000000001,000000000009999999,MRIM,99999#002,Controlledload,11/08/2025 12:30:00 AM,11/08/2025 12:59:59 AM,0.312,0,A
9000000001,90000000001,000000000009999999,MRIM,99999#001,Generalusage,11/08/2025 01:00:00 AM,11/08/2025 01:29:59 AM,0.082,0,A
9000000001,90000000001,000000000009999999,MRIM,99999#002,Controlledload,11/08/2025 01:00:00 AM,11/08/2025 01:29:59 AM,0.538,0,A
9000000001,90000000001,000000000009999999,MRIM,99999#001,Generalusage,11/08/2025 01:30:00 AM,11/08/2025 01:59:59 AM,0.092,0,A
9000000001,90000000001,000000000009999999,MRIM,99999#002,Controlledload,11/08/2025 01:30:00 AM,11/08/2025 01:59:59 AM,0.243,0,A
9000000001,90000000001,000000000009999999,MRIM,99999#001,Generalusage,11/08/2025 02:00:00 AM,11/08/2025 02:29:59 AM,0.06,0,A
9000000001,90000000001,000000000009999999,MRIM,99999#002,Controlledload,11/08/2025 02:00:00 AM,11/08/2025 02:29:59 AM,0.215,0,A
9000000001,90000000001,000000000009999999,MRIM,99999#001,Generalusage,11/08/2025 02:30:00 AM,11/08/2025 02:59:59 AM,0.045,0,A
9000000001,90000000001,000000000009999999,MRIM,99999#002,Controlledload,11/08/2025 02:30:00 AM,11/08/2025 02:59:59 AM,0.453,0,A
9000000001,90000000001,000000000009999999,MRIM,99999#001,Generalusage,11/08/2025 03:00:00 AM,11/08/2025 03:29:59 AM,0.032,0,A
9000000001,90000000001,000000000009999999,MRIM,99999#002,Controlledload,11/08/2025 03:00:00 AM,11/08/2025 03:29:59 AM,0.299,0,A
9000000001,90000000001,000000000009999999,MRIM,99999#001,Generalusage,11/08/2025 03:30:00 AM,11/08/2025 03:59:59 AM,0.076,0,A
9000000001,90000000001,000000000009999999,MRIM,99999#002,Controlledload,11/08/2025 03:30:00 AM,11/08/2025 03:59:59 AM,0.472,0,A
9000000001,90000000001,000000000009999999,MRIM,99999#001,Generalusage,11/08/2025 04:00:00 AM,11/08/2025 04:29:59 AM,0.046,0,A
9000000001,90000000001,000000000009999999,MRIM,99999#002,Controlledload,11/08/2025 04:00:00 AM,11/08/2025 04:29:59 AM,0.495,0,A
9000000001,90000000001,000000000009999999,MRIM,99999#001,Generalusage,11/08/2025 04:30:00 AM,11/08/2025 04:59:59 AM,0.091,0,A
9000000001,90000000001,000000000009999999,MRIM,99999#002,Controlledload,11/08/2025 04:30:00 AM,11/08/2025 04:59:59 AM,0.203,0,A
9000000001,90000000001,000000000009999999,MRIM,99999#001,Generalusage,11/08/2025 05:00:00 AM,11/08/2025 05:29:59 AM,0.102,0,A
9000000001,90000000001,000000000009999999,MRIM,99999#002,Controlledload,11/08/2025 05:00:00 AM,11/08/2025 05:29:59 AM,0.549,0,A
9000000001,90000000001,000000000009999999,MRIM,99999#001,Generalusage,11/08/2025 05:30:00 AM,11/08/2025 05:59:59 AM,0.101,0,A
9000000001,90000000001,000000000009999999,MRIM,99999#002,Controlledload,11/08/2025 05:30:00 AM,11/08/2025 05:59:59 AM,0.278,0,A
9000000001,90000000001,000000000009999999,MRIM,99999#001,Generalusage,11/08/2025 06:00:00 AM,11/08/2025 06:29:59 AM,0.211,0,A
9000000001,90000000001,000000000009999999,MRIM,99999#002,Controlledload,11/08/2025 06:00:00 AM,11/08/2025 06:29:59 AM,0.0,0,A
9000000001,90000000001,000000000009999999,MRIM,99999#001,Generalusage,11/08/2025 06:30:00 AM,11/08/2025 06:59:59 AM,0.266,0,A
9000000001,90000000001,000000000009999999,MRIM,99999#002,Controlledload,11/08/2025 06:30:00 AM,11/08/2025 06:59:59 AM,0.0,0,A
9000000001,90000000001,000000000009999999,MRIM,99999#001,Generalusage,11/08/2025 07:00:00 AM,11/08/2025 07:29:59 AM,0.345,0,A
9000000001,90000000001,000000000009999999,MRIM,99999#002,Controlledload,11/08/2025 07:00:00 AM,11/08/2025 07:29:59 AM,0.0,0,A
9000000001,90000000001,000000000009999999,MRIM,99999#001,Generalusage,11/08/2025 07:30:00 AM,11/08/2025 07:59:59 AM,0.387,0,A
9000000001,90000000001,000000000009999999,MRIM,99999#002,Controlledload,11/08/2025 07:30:00 AM,11/08/2025 07:59:59 AM,0.0,0,A
9000000001,90000000001,000000000009999999,MRIM,99999#001,Generalusage,11/08/2025 08:00:00 AM,11/08/2025 08:29:59 AM,0.399,0,A
9000000001,90000000001,000000000009999999,MRIM,99999#002,Controlledload,11/08/2025 08:00:00 AM,11/08/2025 08:29:59 AM,0.0,0,A
9000000001,90000000001,000000000009999999,MRIM,99999#001,Generalusage,11/08/2025 08:30:00 AM,11/08/2025 08:59:59 AM,0.286,0,A
9000000001,90000000001,000000000009999999,MRIM,99999#002,Controlledload,11/08/2025 08:30:00 AM,11/08/2025 08:59:59 AM,0.0,0,A
9000000001,90000000001,000000000009999999,MRIM,99999#001,Generalusage,11/08/2025 09:00:00 AM,11/08/2025 09:29:59 AM,0.204,0,A
9000000001,90000000001,000000000009999999,MRIM,99999#002,Controlledload,11/08/2025 09:00:00 AM,11/08/2025 09:29:59 AM,0.0,0,A
9000000001,90000000001,000000000009999999,MRIM,99999#001,Generalusage,11/08/2025 09:30:00 AM,11/08/2025 09:59:59 AM,0.135,0,A
9000000001,90000000001,000000000009999999,MRIM,99999#002,Controlledload,11/08/2025 09:30:00 AM,11/08/2025 09:59:59 AM,0.0,0,A
9000000001,90000000001,000000000009999999,MRIM,99999#001,Generalusage,11/08/2025 10:00:00 AM,11/08/2025 10:29:59 AM,0.094,0,A
9000000001,90000000001,000000000009999999,MRIM,99999#002,Controlledload,11/08/2025 10:00:00 AM,11/08/2025 10:29:59 AM,0.0,0,A
9000000001,90000000001,000000000009999999,MRIM,99999#001,Generalusage,11/08/2025 10:30:00 AM,11/08/2025 10:59:59 AM,0.12,0,A
9000000001,90000000001,000000000009999999,MRIM,99999#002,Controlledload,11/08/2025 10:30:00 AM,11/08/2025 10:59:59 AM,0.0,0,A
9000000001,90000000001,000000000009999999,MRIM,99999#001,Generalusage,11/08/2025 11:00:00 AM,11/08/2025 11:29:59 AM,0.083,0,A
9000000001,90000000001,000000000009999999,MRIM,99999#002,Controlledload,11/08/2025 11:00:00 AM,11/08/2025 11:29:59 AM,0.0,0,A
9000000001,90000000001,000000000009999999,MRIM,99999#001,Generalusage,11/08/2025 11:30:00 AM,11/08/2025 11:59:59 AM,0.103,0,A
9000000001,90000000001,000000000009999999,MRIM,99999#002,Controlledload,11/08/2025 11:30:00 AM,11/08/2025 11:59:59 AM,0.0,0,A
9000000001,90000000001,000000000009999999,MRIM,99999#001,Generalusage,11/08/2025 12:00:00 PM,11/08/2025 12:29:59 PM,0.13,0,A
9000000001,90000000001,000000000009999999,MRIM,99999#002,Controlledload,11/08/2025 12:00:00 PM,11/08/2025 12:29:59 PM,0.0,0,A
9000000001,90000000001,000000000009999999,MRIM,99999#001,Generalusage,11/08/2025 12:30:00 PM,11/08/2025 12:59:59 PM,0.121,0,A
9000000001,90000000001,000000000009999999,MRIM,99999#002,Controlledload,11/08/2025 12:30:00 PM,11/08/2025 12:59:59 PM,0.0,0,A
9000000001,90000000001,000000000009999999,MRIM,99999#001,Generalusage,11/08/2025 01:00:00 PM,11/08/2025 01:29:59 PM,0.14,0,A
9000000001,90000000001,000000000009999999,MRIM,99999#002,Controlledload,11/08/2025 01:00:00 PM,11/08/2025 01:29:59 PM,0.0,0,A
9000000001,90000000001,000000000009999999,MRIM,99999#001,Generalusage,11/08/2025 01:30:00 PM,11/08/2025 01:59:59 PM,0.118,0,A
9000000001,90000000001,000000000009999999,MRIM,99999#002,Controlledload,11/08/2025 01:30:00 PM,11/08/2025 01:59:59 PM,0.0,0,A
9000000001,90000000001,000000000009999999,MRIM,99999#001,Generalusage,11/08/2025 02:00:00 PM,11/08/2025 02:29:59 PM,0.122,0,A
9000000001,90000000001,000000000009999999,MRIM,99999#002,Controlledload,11/08/2025 02:00:00 PM,11/08/2025 02:29:59 PM,0.0,0,A
9000000001,90000000001,000000000009999999,MRIM,99999#001,Generalusage,11/08/2025 02:30:00 PM,11/08/2025 02:59:59 PM,0.068,0,A
9000000001,90000000001,000000000009999999,MRIM,99999#002,Controlledload,11/08/2025 02:30:00 PM,11/08/2025 02:59:59 PM,0.0,0,A
9000000001,90000000001,000000000009999999,MRIM,99999#001,Generalusage,11/08/2025 03:00:00 PM,11/08/2025 03:29:59 PM,0.075,0,A
9000000001,90000000001,000000000009999999,MRIM,99999#002,Controlledload,11/08/2025 03:00:00 PM,11/08/2025 03:29:59 PM,0.0,0,A
9000000001,90000000001,000000000009999999,MRIM,99999#001,Generalusage,11/08/2025 03:30:00 PM,11/08/2025 03:59:59 PM,0.078,0,A
9000000001,90000000001,000000000009999999,MRIM,99999#002,Controlledload,11/08/2025 03:30:00 PM,11/08/2025 03:59:59 PM,0.0,0,A
9000000001,90000000001,000000000009999999,MRIM,99999#001,Generalusage,11/08/2025 04:00:00 PM,11/08/2025 04:29:59 PM,0.077,0,A
9000000001,90000000001,000000000009999999,MRIM,99999#002,Controlledload,11/08/2025 04:00:00 PM,11/08/2025 04:29:59 PM,0.0,0,A
9000000001,90000000001,000000000009999999,MRIM,99999#001,Generalusage,11/08/2025 04:30:00 PM,11/08/2025 04:59:59 PM,0.127,0,A
9000000001,90000000001,000000000009999999,MRIM,99999#002,Controlledload,11/08/2025 04:30:00 PM,11/08/2025 04:59:59 PM,0.0,0,A
9000000001,90000000001,000000000009999999,MRIM,99999#001,Generalusage,11/08/2025 05:00:00 PM,11/08/2025 05:29:59 PM,0.199,0,A
9000000001,90000000001,000000000009999999,MRIM,99999#002,Controlledload,11/08/2025 05:00:00 PM,11/08/2025 05:29:59 PM,0.0,0,A
9000000001,90000000001,000000000009999999,MRIM,99999#001,Generalusage,11/08/2025 05:30:00 PM,11/08/2025 05:59:59 PM,0.335,0,A
9000000001,90000000001,000000000009999999,MRIM,99999#002,Controlledload,11/08/2025 05:30:00 PM,11/08/2025 05:59:59 PM,0.0,0,A
9000000001,90000000001,000000000009999999,MRIM,99999#001,Generalusage,11/08/2025 06:00:00 PM,11/08/2025 06:29:59 PM,0.505,0,A
9000000001,90000000001,000000000009999999,MRIM,99999#002,Controlledload,11/08/2025 06:00:00 PM,11/08/2025 06:29:59 PM,0.0,0,A
9000000001,90000000001,000000000009999999,MRIM,99999#001,Generalusage,11/08/2025 06:30:00 PM,11/08/2025 06:59:59 PM,0.608,0,A
9000000001,90000000001,000000000009999999,MRIM,99999#002,Controlledload,11/08/2025 06:30:00 PM,11/08/2025 06:59:59 PM,0.0,0,A
9000000001,90000000001,000000000009999999,MRIM,99999#001,Generalusage,11/08/2025 07:00:00 PM,11/08/2025 07:29:59 PM,0.656,0,A
9000000001,90000000001,000000000009999999,MRIM,99999#002,Controlledload,11/08/2025 07:00:00 PM,11/08/2025 07:29:59 PM,0.0,0,A
9000000001,90000000001,000000000009999999,MRIM,99999#001,Generalusage,11/08/2025 07:30:00 PM,11/08/2025 07:59:59 PM,0.597,0,A
9000000001,90000000001,000000000009999999,MRIM,99999#002,Controlledload,11/08/2025 07:30:00 PM,11/08/2025 07:59:59 PM,0.0,0,A
9000000001,90000000001,000000000009999999,MRIM,99999#001,Generalusage,11/08/2025 08:00:00 PM,11/08/2025 08:29:59 PM,0.479,0,A
9000000001,90000000001,000000000009999999,MRIM,99999#002,Controlledload,11/08/2025 08:00:00 PM,11/08/2025 08:29:59 PM,0.0,0,A
9000000001,90000000001,000000000009999999,MRIM,99999#001,Generalusage,11/08/2025 08:30:00 PM,11/08/2025 08:59:59 PM,0.379,0,A
9000000001,90000000001,000000000009999999,MRIM,99999#002,Controlledload,11/08/2025 08:30:00 PM,11/08/2025 08:59:59 PM,0.0,0,A
9000000001,90000000001,000000000009999999,MRIM,99999#001,Generalusage,11/08/2025 09:00:00 PM,11/08/2025 09:29:59 PM,0.234,0,A
9000000001,90000000001,000000000009999999,MRIM,99999#002,Controlledload,11/08/2025 09:00:00 PM,11/08/2025 09:29:59 PM,0.0,0,A
9000000001,90000000001,000000000009999999,MRIM,99999#001,Generalusage,11/08/2025 09:30:00 PM,11/08/2025 09:59:59 PM,0.147,0,A
9000000001,90000000001,000000000009999999,MRIM,99999#002,Controlledload,11/08/2025 09:30:00 PM,11/08/2025 09:59:59 PM,0.0,0,A
9000000001,90000000001,000000000009999999,MRIM,99999#001,Generalusage,11/08/2025 10:00:00 PM,11/08/2025 10:29:59 PM,0.072,0,A
9000000001,90000000001,000000000009999999,MRIM,99999#002,Controlledload,11/08/2025 10:00:00 PM,11/08/2025 10:29:59 PM,0.0,0,A
9000000001,90000000001,000000000009999999,MRIM,99999#001,Generalusage,11/08/2025 10:30:00 PM,11/08/2025 10:59:59 PM,0.091,0,A
9000000001,90000000001,000000000009999999,MRIM,99999#002,Controlledload,11/08/2025 10:30:00 PM,11/08/2025 10:59:59 PM,0.0,0,A
9000000001,90000000001,000000000009999999,MRIM,99999#001,Generalusage,11/08/2025 11:00:00 PM,11/08/2025 11:29:59 PM,0.044,0,A
9000000001,90000000001,000000000009999999,MRIM,99999#002,Controlledload,11/08/2025 11:00:00 PM,11/08/2025 11:29:59 PM,0.39,0,A
9000000001,90000000001,000000000009999999,MRIM,99999#001,Generalusage,11/08/2025 11:30:00 PM,11/08/2025 11:59:59 PM,0.1,0,A
9000000001,90000000001,000000000009999999,MRIM,99999#002,Controlledload,11/08/2025 11:30:00 PM,11/08/2025 11:59:59 PM,0.52,0,A
9000000001,90000000001,000000000009999999,MRIM,99999#001,Generalusage,12/08/2025 12:00:00 AM,12/08/2025 12:29:59 AM,0.069,0,A
9000000001,90000000001,000000000009999999,MRIM,99999#002,Controlledload,12/08/2025 12:00:00 AM,12/08/2025 12:29:59 AM,0.542,0,A
9000000001,90000000001,000000000009999999,MRIM,99999#001,Generalusage,12/08/2025 12:30:00 AM,12/08/2025 12:59:59 AM,0.089,0,A
9000000001,90000000001,000000000009999999,MRIM,99999#002,Controlledload,12/08/2025 12:30:00 AM,12/08/2025 12:59:59 AM,0.588,0,A
9000000001,90000000001,000000000009999999,MRIM,99999#001,Generalusage,12/08/2025 01:00:00 AM,12/08/2025 01:29:59 AM,0.046,0,A
9000000001,90000000001,000000000009999999,MRIM,99999#002,Controlledload,12/08/2025 01:00:00 AM,12/08/2025 01:29:59 AM,0.216,0,A
9000000001,90000000001,000000000009999999,MRIM,99999#001,Generalusage,12/08/2025 01:30:00 AM,12/08/2025 01:59:59 AM,0.052,0,A
9000000001,90000000001,000000000009999999,MRIM,99999#002,Controlledload,12/08/2025 01:30:00 AM,12/08/2025 01:59:59 AM,0.334,0,A
9000000001,90000000001,000000000009999999,MRIM,99999#001,Generalusage,12/08/2025 02:00:00 AM,12/08/2025 02:29:59 AM,0.045,0,A
9000000001,90000000001,000000000009999999,MRIM,99999#002,Controlledload,12/08/2025 02:00:00 AM,12/08/2025 02:29:59 AM,0.671,0,A
9000000001,90000000001,000000000009999999,MRIM,99999#001,Generalusage,12/08/2025 02:30:00 AM,12/08/2025 02:59:59 AM,0.091,0,A
9000000001,90000000001,000000000009999999,MRIM,99999#002,Controlledload,12/08/2025 02:30:00 AM,12/08/2025 02:59:59 AM,0.357,0,A
9000000001,90000000001,000000000009999999,MRIM,99999#001,Generalusage,12/08/2025 03:00:00 AM,12/08/2025 03:29:59 AM,0.076,0,A
9000000001,90000000001,000000000009999999,MRIM,99999#002,Controlledload,12/08/2025 03:00:00 AM,12/08/2025 03:29:59 AM,0.398,0,A
9000000001,90000000001,000000000009999999,MRIM,99999#001,Generalusage,12/08/2025 03:30:00 AM,12/08/2025 03:59:59 AM,0.094,0,A
9000000001,90000000001,000000000009999999,MRIM,99999#002,Controlledload,12/08/2025 03:30:00 AM,12/08/2025 03:59:59 AM,0.429,0,A
9000000001,90000000001,000000000009999999,MRIM,99999#001,Generalusage,12/08/2025 04:00:00 AM,12/08/2025 04:29:59 AM,0.049,0,A
9000000001,90000000001,000000000009999999,MRIM,99999#002,Controlledload,12/08/2025 04:00:00 AM,12/08/2025 04:29:59 AM,0.323,0,A
9000000001,90000000001,000000000009999999,MRIM,99999#001,Generalusage,12/08/2025 04:30:00 AM,12/08/2025 04:59:59 AM,0.073,0,A
9000000001,90000000001,000000000009999999,MRIM,99999#002,Controlledload,12/08/2025 04:30:00 AM,12/08/2025 04:59:59 AM,0.331,0,A
9000000001,90000000001,000000000009999999,MRIM,99999#001,Generalusage,12/08/2025 05:00:00 AM,12/08/2025 05:29:59 AM,0.086,0,A
9000000001,90000000001,000000000009999999,MRIM,99999#002,Controlledload,12/08/2025 05:00:00 AM,12/08/2025 05:29:59 AM,0.649,0,A
9000000001,90000000001,000000000009999999,MRIM,99999#001,Generalusage,12/08/2025 05:30:00 AM,12/08/2025 05:59:59 AM,0.105,0,A
9000000001,90000000001,000000000009999999,MRIM,99999#002,Controlledload,12/08/2025 05:30:00 AM,12/08/2025 05:59:59 AM,0.31,0,A
9000000001,90000000001,000000000009999999,MRIM,99999#001,Generalusage,12/08/2025 06:00:00 AM,12/08/2025 06:29:59 AM,0.213,0,A
9000000001,90000000001,000000000009999999,MRIM,99999#002,Controlledload,12/08/2025 06:00:00 AM,12/08/2025 06:29:59 AM,0.0,0,A
9000000001,90000000001,000000000009999999,MRIM,99999#001,Generalusage,12/08/2025 06:30:00 AM,12/08/2025 06:59:59 AM,0.278,0,A
9000000001,90000000001,000000000009999999,MRIM,99999#002,Controlledload,12/08/2025 06:30:00 AM,12/08/2025 06:59:59 AM,0.0,0,A
9000000001,90000000001,000000000009999999,MRIM,99999#001,Generalusage,12/08/2025 07:00:00 AM,12/08/2025 07:29:59 AM,0.345,0,A
9000000001,90000000001,000000000009999999,MRIM,99999#002,Controlledload,12/08/2025 07:00:00 AM,12/08/2025 07:29:59 AM,0.0,0,A
9000000001,90000000001,000000000009999999,MRIM,99999#001,Generalusage,12/08/2025 07:30:00 AM,12/08/2025 07:59:59 AM,0.384,0,A
9000000001,90000000001,000000000009999999,MRIM,99999#002,Controlledload,12/08/2025 07:30:00 AM,12/08/2025 07:59:59 AM,0.0,0,A
9000000001,90000000001,000000000009999999,MRIM,99999#001,Generalusage,12/08/2025 08:00:00 AM,12/08/2025 08:29:59 AM,0.347,0,A
9000000001,90000000001,000000000009999999,MRIM,99999#002,Controlledload,12/08/2025 08:00:00 AM,12/08/2025 08:29:59 AM,0.0,0,A
9000000001,90000000001,000000000009999999,MRIM,99999#001,Generalusage,12/08/2025 08:30:00 AM,12/08/2025 08:59:59 AM,0.288,0,A
9000000001,90000000001,000000000009999999,MRIM,99999#002,Controlledload,12/08/2025 08:30:00 AM,12/08/2025 08:59:59 AM,0.0,0,A
9000000001,90000000001,000000000009999999,MRIM,99999#001,Generalusage,12/08/2025 09:00:00 AM,12/08/2025 09:29:59 AM,0.203,0,A
9000000001,90000000001,000000000009999999,MRIM,99999#002,Controlledload,12/08/2025 09:00:00 AM,12/08/2025 09:29:59 AM,0.0,0,A
9000000001,90000000001,000000000009999999,MRIM,99999#001,Generalusage,12/08/2025 09:30:00 AM,12/08/2025 09:59:59 AM,0.113,0,A
9000000001,90000000001,000000000009999999,MRIM,99999#002,Controlledload,12/08/2025 09:30:00 AM,12/08/2025 09:59:59 AM,0.0,0,A
9000000001,90000000001,000000000009999999,MRIM,99999#001,Generalusage,12/08/2025 10:00:00 AM,12/08/2025 10:29:59 AM,0.061,0,A
9000000001,90000000001,000000000009999999,MRIM,99999#002,Controlledload,12/08/2025 10:00:00 AM,12/08/2025 10:29:59 AM,0.0,0,A
9000000001,90000000001,000000000009999999,MRIM,99999#001,Generalusage,12/08/2025 10:30:00 AM,12/08/2025 10:59:59 AM,0.078,0,A
9000000001,90000000001,000000000009999999,MRIM,99999#002,Controlledload,12/08/2025 10:30:00 AM,12/08/2025 10:59:59 AM,0.0,0,A
9000000001,90000000001,000000000009999999,MRIM,99999#001,Generalusage,12/08/2025 11:00:00 AM,12/08/2025 11:29:59 AM,0.126,0,A
9000000001,90000000001,000000000009999999,MRIM,99999#002,Controlledload,12/08/2025 11:00:00 AM,12/08/2025 11:29:59 AM,0.0,0,A
9000000001,90000000001,000000000009999999,MRIM,99999#001,Generalusage,12/08/2025 11:30:00 AM,12/08/2025 11:59:59 AM,0.102,0,A
9000000001,90000000001,000000000009999999,MRIM,99999#002,Controlledload,12/08/2025 11:30:00 AM,12/08/2025 11:59:59 AM,0.0,0,A
9000000001,90000000001,000000000009999999,MRIM,99999#001,Generalusage,12/08/2025 12:00:00 PM,12/08/2025 12:29:59 PM,0.14,0,A
9000000001,90000000001,000000000009999999,MRIM,99999#002,Controlledload,12/08/2025 12:00:00 PM,12/08/2025 12:29:59 PM,0.0,0,A
9000000001,90000000001,000000000009999999,MRIM,99999#001,Generalusage,12/08/2025 12:30:00 PM,12/08/2025 12:59:59 PM,0.138,0,A
9000000001,90000000001,000000000009999999,MRIM,99999#002,Controlledload,12/08/2025 12:30:00 PM,12/08/2025 12:59:59 PM,0.0,0,A
9000000001,90000000001,000000000009999999,MRIM,99999#001,Generalusage,12/08/2025 01:00:00 PM,12/08/2025 01:29:59 PM,0.081,0,A
9000000001,90000000001,000000000009999999,MRIM,99999#002,Controlledload,12/08/2025 01:00:00 PM,12/08/2025 01:29:59 PM,0.0,0,A
9000000001,90000000001,000000000009999999,MRIM,99999#001,Generalusage,12/08/2025 01:30:00 PM,12/08/2025 01:59:59 PM,0.128,0,A
9000000001,90000000001,000000000009999999,MRIM,99999#002,Controlledload,12/08/2025 01:30:00 PM,12/08/2025 01:59:59 PM,0.0,0,A
9000000001,90000000001,000000000009999999,MRIM,99999#001,Generalusage,12/08/2025 02:00:00 PM,12/08/2025 02:29:59 PM,0.12,0,A
9000000001,90000000001,000000000009999999,MRIM,99999#002,Controlledload,12/08/2025 02:00:00 PM,12/08/2025 02:29:59 PM,0.0,0,A
9000000001,90000000001,000000000009999999,MRIM,99999#001,Generalusage,12/08/2025 02:30:00 PM,12/08/2025 02:59:59 PM,0.103,0,A
9000000001,90000000001,000000000009999999,MRIM,99999#002,Controlledload,12/08/2025 02:30:00 PM,12/08/2025 02:59:59 PM,0.0,0,A
9000000001,90000000001,000000000009999999,MRIM,99999#001,Generalusage,12/08/2025 03:00:00 PM,12/08/2025 03:29:59 PM,0.077,0,A
9000000001,90000000001,000000000009999999,MRIM,99999#002,Controlledload,12/08/2025 03:00:00 PM,12/08/2025 03:29:59 PM,0.0,0,A
9000000001,90000000001,000000000009999999,MRIM,99999#001,Generalusage,12/08/2025 03:30:00 PM,12/08/2025 03:59:59 PM,0.103,0,A
9000000001,90000000001,000000000009999999,MRIM,99999#002,Controlledload,12/08/2025 03:30:00 PM,12/08/2025 03:59:59 PM,0.0,0,A
9000000001,90000000001,000000000009999999,MRIM,99999#001,Generalusage,12/08/2025 04:00:00 PM,12/08/2025 04:29:59 PM,0.079,0,A
9000000001,90000000001,000000000009999999,MRIM,99999#002,Controlledload,12/08/2025 04:00:00 PM,12/08/2025 04:29:59 PM,0.0,0,A
9000000001,90000000001,000000000009999999,MRIM,99999#001,Generalusage,12/08/2025 04:30:00 PM,12/08/2025 04:59:59 PM,0.142,0,A
9000000001,90000000001,000000000009999999,MRIM,99999#002,Controlledload,12/08/2025 04:30:00 PM,12/08/2025 04:59:59 PM,0.0,0,A
9000000001,90000000001,000000000009999999,MRIM,99999#001,Generalusage,12/08/2025 05:00:00 PM,12/08/2025 05:29:59 PM,0.223,0,A
9000000001,90000000001,000000000009999999,MRIM,99999#002,Controlledload,12/08/2025 05:00:00 PM,12/08/2025 05:29:59 PM,0.0,0,A
9000000001,90000000001,000000000009999999,MRIM,99999#001,Generalusage,12/08/2025 05:30:00 PM,12/08/2025 05:59:59 PM,0.382,0,A
9000000001,90000000001,000000000009999999,MRIM,99999#002,Controlledload,12/08/2025 05:30:00 PM,12/08/2025 05:59:59 PM,0.0,0,A
9000000001,90000000001,000000000009999999,MRIM,99999#001,Generalusage,12/08/2025 06:00:00 PM,12/08/2025 06:29:59 PM,0.522,0,A
9000000001,90000000001,000000000009999999,MRIM,99999#002,Controlledload,12/08/2025 06:00:00 PM,12/08/2025 06:29:59 PM,0.0,0,A
9000000001,90000000001,000000000009999999,MRIM,99999#001,Generalusage,12/08/2025 06:30:00 PM,12/08/2025 06:59:59 PM,0.601,0,A
9000000001,90000000001,000000000009999999,MRIM,99999#002,Controlledload,12/08/2025 06:30:00 PM,12/08/2025 06:59:59 PM,0.0,0,A
9000000001,90000000001,000000000009999999,MRIM,99999#001,Generalusage,12/08/2025 07:00:00 PM,12/08/2025 07:29:59 PM,0.665,0,A
9000000001,90000000001,000000000009999999,MRIM,99999#002,Controlledload,12/08/2025 07:00:00 PM,12/08/2025 07:29:59 PM,0.0,0,A
9000000001,90000000001,000000000009999999,MRIM,99999#001,Generalusage,12/08/2025 07:30:00 PM,12/08/2025 07:59:59 PM,0.595,0,A
9000000001,90000000001,000000000009999999,MRIM,99999#002,Controlledload,12/08/2025 07:30:00 PM,12/08/2025 07:59:59 PM,0.0,0,A
9000000001,90000000001,000000000009999999,MRIM,99999#001,Generalusage,12/08/2025 08:00:00 PM,12/08/2025 08:29:59 PM,0.524,0,A
9000000001,90000000001,000000000009999999,MRIM,99999#002,Controlledload,12/08/2025 08:00:00 PM,12/08/2025 08:29:59 PM,0.0,0,A
9000000001,90000000001,000000000009999999,MRIM,99999#001,Generalusage,12/08/2025 08:30:00 PM,12/08/2025 08:59:59 PM,0.374,0,A
9000000001,90000000001,000000000009999999,MRIM,99999#002,Controlledload,12/08/2025 08:30:00 PM,12/08/2025 08:59:59 PM,0.0,0,A
9000000001,90000000001,000000000009999999,MRIM,99999#001,Generalusage,12/08/2025 09:00:00 PM,12/08/2025 09:29:59 PM,0.209,0,A
9000000001,90000000001,000000000009999999,MRIM,99999#002,Controlledload,12/08/2025 09:00:00 PM,12/08/2025 09:29:59 PM,0.0,0,A
9000000001,90000000001,000000000009999999,MRIM,99999#001,Generalusage,12/08/2025 09:30:00 PM,12/08/2025 09:59:59 PM,0.149,0,A
9000000001,90000000001,000000000009999999,MRIM,99999#002,Controlledload,12/08/2025 09:30:00 PM,12/08/2025 09:59:59 PM,0.0,0,A
9000000001,90000000001,000000000009999999,MRIM,99999#001,Generalusage,12/08/2025 10:00:00 PM,12/08/2025 10:29:59 PM,0.103,0,A
9000000001,90000000001,000000000009999999,MRIM,99999#002,Controlledload,12/08/2025 10:00:00 PM,12/08/2025 10:29:59 PM,0.0,0,A
9000000001,90000000001,000000000009999999,MRIM,99999#001,Generalusage,12/08/2025 10:30:00 PM,12/08/2025 10:59:59 PM,0.051,0,A
9000000001,90000000001,000000000009999999,MRIM,99999#002,Controlledload,12/08/2025 10:30:00 PM,12/08/2025 10:59:59 PM,0.0,0,A
9000000001,90000000001,000000000009999999,MRIM,99999#001,Generalusage,12/08/2025 11:00:00 PM,12/08/2025 11:29:59 PM,0.086,0,A
9000000001,90000000001,000000000009999999,MRIM,99999#002,Controlledload,12/08/2025 11:00:00 PM,12/08/2025 11:29:59 PM,0.47,0,A
9000000001,90000000001,000000000009999999,MRIM,99999#001,Generalusage,12/08/2025 11:30:00 PM,12/08/2025 11:59:59 PM,0.085,0,A
9000000001,90000000001,000000000009999999,MRIM,99999#002,Controlledload,12/08/2025 11:30:00 PM,12/08/2025 11:59:59 PM,0.465,0,A
9000000001,90000000001,000000000009999999,MRIM,99999#001,Generalusage,13/08/2025 12:00:00 AM,13/08/2025 12:29:59 AM,0.03,0,A
9000000001,90000000001,000000000009999999,MRIM,99999#002,Controlledload,13/08/2025 12:00:00 AM,13/08/2025 12:29:59 AM,0.362,0,A
9000000001,90000000001,000000000009999999,MRIM,99999#001,Generalusage,13/08/2025 12:30:00 AM,13/08/2025 12:59:59 AM,0.031,0,A
9000000001,90000000001,000000000009999999,MRIM,99999#002,Controlledload,13/08/2025 12:30:00 AM,13/08/2025 12:59:59 AM,0.665,0,A
9000000001,90000000001,000000000009999999,MRIM,99999#001,Generalusage,13/08/2025 01:00:00 AM,13/08/2025 01:29:59 AM,0.092,0,A
9000000001,90000000001,000000000009999999,MRIM,99999#002,Controlledload,13/08/2025 01:00:00 AM,13/08/2025 01:29:59 AM,0.616,0,A
9000000001,90000000001,000000000009999999,MRIM,99999#001,Generalusage,13/08/2025 01:30:00 AM,13/08/2025 01:59:59 AM,0.052,0,A
9000000001,90000000001,000000000009999999,MRIM,99999#002,Controlledload,13/08/2025 01:30:00 AM,13/08/2025 01:59:59 AM,0.229,0,A
9000000001,90000000001,000000000009999999,MRIM,99999#001,Generalusage,13/08/2025 02:00:00 AM,13/08/2025 02:29:59 AM,0.091,0,A
9000000001,90000000001,000000000009999999,MRIM,99999#002,Controlledload,13/08/2025 02:00:00 AM,13/08/2025 02:29:59 AM,0.673,0,A
9000000001,90000000001,000000000009999999,MRIM,99999#001,Generalusage,13/08/2025 02:30:00 AM,13/08/2025 02:59:59 AM,0.036,0,A
9000000001,90000000001,000000000009999999,MRIM,99999#002,Controlledload,13/08/2025 02:30:00 AM,13/08/2025 02:59:59 AM,0.443,0,A
9000000001,90000000001,000000000009999999,MRIM,99999#001,Generalusage,13/08/2025 03:00:00 AM,13/08/2025 03:29:59 AM,0.035,0,A
9000000001,90000000001,000000000009999999,MRIM,99999#002,Controlledload,13/08/2025 03:00:00 AM,13/08/2025 03:29:59 AM,0.58,0,A
9000000001,90000000001,000000000009999999,MRIM,99999#001,Generalusage,13/08/2025 03:30:00 AM,13/08/2025 03:59:59 AM,0.084,0,A
9000000001,90000000001,000000000009999999,MRIM,99999#002,Controlledload,13/08/2025 03:30:00 AM,13/08/2025 03:59:59 AM,0.264,0,A
9000000001,90000000001,000000000009999999,MRIM,99999#001,Generalusage,13/08/2025 04:00:00 AM,13/08/2025 04:29:59 AM,0.064,0,A
9000000001,90000000001,000000000009999999,MRIM,99999#002,Controlledload,13/08/2025 04:00:00 AM,13/08/2025 04:29:59 AM,0.475,0,A
9000000001,90000000001,000000000009999999,MRIM,99999#001,Generalusage,13/08/2025 04:30:00 AM,13/08/2025 04:59:59 AM,0.052,0,A
9000000001,90000000001,000000000009999999,MRIM,99999#002,Controlledload,13/08/2025 04:30:00 AM,13/08/2025 04:59:59 AM,0.636,0,A
9000000001,90000000001,000000000009999999,MRIM,99999#001,Generalusage,13/08/2025 05:00:00 AM,13/08/2025 05:29:59 AM,0.075,0,A
9000000001,90000000001,000000000009999999,MRIM,99999#002,Controlledload,13/08/2025 05:00:00 AM,13/08/2025 05:29:59 AM,0.306,0,A
9000000001,90000000001,000000000009999999,MRIM,99999#001,Generalusage,13/08/2025 05:30:00 AM,13/08/2025 05:59:59 AM,0.115,0,A
9000000001,90000000001,000000000009999999,MRIM,99999#002,Controlledload,13/08/2025 05:30:00 AM,13/08/2025 05:59:59 AM,0.565,0,A
9000000001,90000000001,000000000009999999,MRIM,99999#001,Generalusage,13/08/2025 06:00:00 AM,13/08/2025 06:29:59 AM,0.158,0,A
9000000001,90000000001,000000000009999999,MRIM,99999#002,Controlledload,13/08/2025 06:00:00 AM,13/08/2025 06:29:59 AM,0.0,0,A
9000000001,90000000001,000000000009999999,MRIM,99999#001,Generalusage,13/08/2025 06:30:00 AM,13/08/2025 06:59:59 AM,0.264,0,A
9000000001,90000000001,000000000009999999,MRIM,99999#002,Controlledload,13/08/2025 06:30:00 AM,13/08/2025 06:59:59 AM,0.0,0,A
9000000001,90000000001,000000000009999999,MRIM,99999#001,Generalusage,13/08/2025 07:00:00 AM,13/08/2025 07:29:59 AM,0.409,0,A
9000000001,90000000001,000000000009999999,MRIM,99999#002,Controlledload,13/08/2025 07:00:00 AM,13/08/2025 07:29:59 AM,0.0,0,A
9000000001,90000000001,000000000009999999,MRIM,99999#001,Generalusage,13/08/2025 07:30:00 AM,13/08/2025 07:59:59 AM,0.426,0,A
9000000001,90000000001,000000000009999999,MRIM,99999#002,Controlledload,13/08/2025 07:30:00 AM,13/08/2025 07:59:59 AM,0.0,0,A
9000000001,90000000001,000000000009999999,MRIM,99999#001,Generalusage,13/08/2025 08:00:00 AM,13/08/2025 08:29:59 AM,0.37,0,A
9000000001,90000000001,000000000009999999,MRIM,99999#002,Controlledload,13/08/2025 08:00:00 AM,13/08/2025 08:29:59 AM,0.0,0,A
9000000001,90000000001,000000000009999999,MRIM,99999#001,Generalusage,13/08/2025 08:30:00 AM,13/08/2025 08:59:59 AM,0.28,0,A
9000000001,90000000001,000000000009999999,MRIM,99999#002,Controlledload,13/08/2025 08:30:00 AM,13/08/2025 08:59:59 AM,0.0,0,A
9000000001,90000000001,000000000009999999,MRIM,99999#001,Generalusage,13/08/2025 09:00:00 AM,13/08/2025 09:29:59 AM,0.156,0,A
9000000001,90000000001,000000000009999999,MRIM,99999#002,Controlledload,13/08/2025 09:00:00 AM,13/08/2025 09:29:59 AM,0.0,0,A
9000000001,90000000001,000000000009999999,MRIM,99999#001,Generalusage,13/08/2025 09:30:00 AM,13/08/2025 09:59:59 AM,0.1,0,A
9000000001,90000000001,000000000009999999,MRIM,99999#002,Controlledload,13/08/2025 09:30:00 AM,13/08/2025 09:59:59 AM,0.0,0,A
9000000001,90000000001,000000000009999999,MRIM,99999#001,Generalusage,13/08/2025 10:00:00 AM,13/08/2025 10:29:59 AM,0.08,0,A
9000000001,90000000001,000000000009999999,MRIM,99999#002,Controlledload,13/08/2025 10:00:00 AM,13/08/2025 10:29:59 AM,0.0,0,A
9000000001,90000000001,000000000009999999,MRIM,99999#001,Generalusage,13/08/2025 10:30:00 AM,13/08/2025 10:59:59 AM,0.093,0,A
9000000001,90000000001,000000000009999999,MRIM,99999#002,Controlledload,13/08/2025 10:30:00 AM,13/08/2025 10:59:59 AM,0.0,0,A
9000000001,90000000001,000000000009999999,MRIM,99999#001,Generalusage,13/08/2025 11:00:00 AM,13/08/2025 11:29:59 AM,0.073,0,A
9000000001,90000000001,000000000009999999,MRIM,99999#002,Controlledload,13/08/2025 11:00:00 AM,13/08/2025 11:29:59 AM,0.0,0,A
9000000001,90000000001,000000000009999999,MRIM,99999#001,Generalusage,13/08/2025 11:30:00 AM,13/08/2025 11:59:59 AM,0.08,0,A
9000000001,90000000001,000000000009999999,MRIM,99999#002,Controlledload,13/08/2025 11:30:00 AM,13/08/2025 11:59:59 AM,0.0,0,A
9000000001,90000000001,000000000009999999,MRIM,99999#001,Generalusage,13/08/2025 12:00:00 PM,13/08/2025 12:29:59 PM,0.077,0,A
9000000001,90000000001,000000000009999999,MRIM,99999#002,Controlledload,13/08/2025 12:00:00 PM,13/08/2025 12:29:59 PM,0.0,0,A
9000000001,90000000001,000000000009999999,MRIM,99999#001,Generalusage,13/08/2025 12:30:00 PM,13/08/2025 12:59:59 PM,0.122,0,A
9000000001,90000000001,000000000009999999,MRIM,99999#002,Controlledload,13/08/2025 12:30:00 PM,13/08/2025 12:59:59 PM,0.0,0,A
9000000001,90000000001,000000000009999999,MRIM,99999#001,Generalusage,13/08/2025 01:00:00 PM,13/08/2025 01:29:59 PM,0.096,0,A
9000000001,90000000001,000000000009999999,MRIM,99999#002,Controlledload,13/08/2025 01:00:00 PM,13/08/2025 01:29:59 PM,0.0,0,A
9000000001,90000000001,000000000009999999,MRIM,99999#001,Generalusage,13/08/2025 01:30:00 PM,13/08/2025 01:59:59 PM,0.141,0,A
9000000001,90000000001,000000000009999999,MRIM,99999#002,Controlledload,13/08/2025 01:30:00 PM,13/08/2025 01:59:59 PM,0.0,0,A
9000000001,90000000001,000000000009999999,MRIM,99999#001,Generalusage,13/08/2025 02:00:00 PM,13/08/2025 02:29:59 PM,0.133,0,A
9000000001,90000000001,000000000009999999,MRIM,99999#002,Controlledload,13/08/2025 02:00:00 PM,13/08/2025 02:29:59 PM,0.0,0,A
9000000001,90000000001,000000000009999999,MRIM,99999#001,Generalusage,13/08/2025 02:30:00 PM,13/08/2025 02:59:59 PM,0.07,0,A
9000000001,90000000001,000000000009999999,MRIM,99999#002,Controlledload,13/08/2025 02:30:00 PM,13/08/2025 02:59:59 PM,0.0,0,A
9000000001,90000000001,000000000009999999,MRIM,99999#001,Generalusage,13/08/2025 03:00:00 PM,13/08/2025 03:29:59 PM,0.075,0,A
9000000001,90000000001,000000000009999999,MRIM,99999#002,Controlledload,13/08/2025 03:00:00 PM,13/08/2025 03:29:59 PM,0.0,0,A
9000000001,90000000001,000000000009999999,MRIM,99999#001,Generalusage,13/08/2025 03:30:00 PM,13/08/2025 03:59:59 PM,0.105,0,A
9000000001,90000000001,000000000009999999,MRIM,99999#002,Controlledload,13/08/2025 03:30:00 PM,13/08/2025 03:59:59 PM,0.0,0,A
9000000001,90000000001,000000000009999999,MRIM,99999#001,Generalusage,13/08/2025 04:00:00 PM,13/08/2025 04:29:59 PM,0.086,0,A
9000000001,90000000001,000000000009999999,MRIM,99999#002,Controlledload,13/08/2025 04:00:00 PM,13/08/2025 04:29:59 PM,0.0,0,A
9000000001,90000000001,000000000009999999,MRIM,99999#001,Generalusage,13/08/2025 04:30:00 PM,13/08/2025 04:59:59 PM,0.12,0,A
9000000001,90000000001,000000000009999999,MRIM,99999#002,Controlledload,13/08/2025 04:30:00 PM,13/08/2025 04:59:59 PM,0.0,0,A
9000000001,90000000001,000000000009999999,MRIM,99999#001,Generalusage,13/08/2025 05:00:00 PM,13/08/2025 05:29:59 PM,0.257,0,A
9000000001,90000000001,000000000009999999,MRIM,99999#002,Controlledload,13/08/2025 05:00:00 PM,13/08/2025 05:29:59 PM,0.0,0,A
9000000001,90000000001,000000000009999999,MRIM,99999#001,Generalusage,13/08/2025 05:30:00 PM,13/08/2025 05:59:59 PM,0.355,0,A
9000000001,90000000001,000000000009999999,MRIM,99999#002,Controlledload,13/08/2025 05:30:00 PM,13/08/2025 05:59:59 PM,0.0,0,A
9000000001,90000000001,000000000009999999,MRIM,99999#001,Generalusage,13/08/2025 06:00:00 PM,13/08/2025 06:29:59 PM,0.494,0,A
9000000001,90000000001,000000000009999999,MRIM,99999#002,Controlledload,13/08/2025 06:00:00 PM,13/08/2025 06:29:59 PM,0.0,0,A
9000000001,90000000001,000000000009999999,MRIM,99999#001,Generalusage,13/08/2025 06:30:00 PM,13/08/2025 06:59:59 PM,0.637,0,A
9000000001,90000000001,000000000009999999,MRIM,99999#002,Controlledload,13/08/2025 06:30:00 PM,13/08/2025 06:59:59 PM,0.0,0,A
9000000001,90000000001,000000000009999999,MRIM,99999#001,Generalusage,13/08/2025 07:00:00 PM,13/08/2025 07:29:59 PM,0.687,0,A
9000000001,90000000001,000000000009999999,MRIM,99999#002,Controlledload,13/08/2025 07:00:00 PM,13/08/2025 07:29:59 PM,0.0,0,A
9000000001,90000000001,000000000009999999,MRIM,99999#001,Generalusage,13/08/2025 07:30:00 PM,13/08/2025 07:59:59 PM,0.595,0,A
9000000001,90000000001,000000000009999999,MRIM,99999#002,Controlledload,13/08/2025 07:30:00 PM,13/08/2025 07:59:59 PM,0.0,0,A
9000000001,90000000001,000000000009999999,MRIM,99999#001,Generalusage,13/08/2025 08:00:00 PM,13/08/2025 08:29:59 PM,0.467,0,A
9000000001,90000000001,000000000009999999,MRIM,99999#002,Controlledload,13/08/2025 08:00:00 PM,13/08/2025 08:29:59 PM,0.0,0,A
9000000001,90000000001,000000000009999999,MRIM,99999#001,Generalusage,13/08/2025 08:30:00 PM,13/08/2025 08:59:59 PM,0.344,0,A
9000000001,90000000001,000000000009999999,MRIM,99999#002,Controlledload,13/08/2025 08:30:00 PM,13/08/2025 08:59:59 PM,0.0,0,A
9000000001,90000000001,000000000009999999,MRIM,99999#001,Generalusage,13/08/2025 09:00:00 PM,13/08/2025 09:29:59 PM,0.218,0,A
9000000001,90000000001,000000000009999999,MRIM,99999#002,Controlledload,13/08/2025 09:00:00 PM,13/08/2025 09:29:59 PM,0.0,0,A
9000000001,90000000001,000000000009999999,MRIM,99999#001,Generalusage,13/08/2025 09:30:00 PM,13/08/2025 09:59:59 PM,0.137,0,A
9000000001,90000000001,000000000009999999,MRIM,99999#002,Controlledload,13/08/2025 09:30:00 PM,13/08/2025 09:59:59 PM,0.0,0,A
9000000001,90000000001,000000000009999999,MRIM,99999#001,Generalusage,13/08/2025 10:00:00 PM,13/08/2025 10:29:59 PM,0.111,0,A
9000000001,90000000001,000000000009999999,MRIM,99999#002,Controlledload,13/08/2025 10:00:00 PM,13/08/2025 10:29:59 PM,0.0,0,A
9000000001,90000000001,000000000009999999,MRIM,99999#001,Generalusage,13/08/2025 10:30:00 PM,13/08/2025 10:59:59 PM,0.087,0,A
9000000001,90000000001,000000000009999999,MRIM,99999#002,Controlledload,13/08/2025 10:30:00 PM,13/08/2025 10:59:59 PM,0.0,0,A
9000000001,90000000001,000000000009999999,MRIM,99999#001,Generalusage,13/08/2025 11:00:00 PM,13/08/2025 11:29:59 PM,0.102,0,A
9000000001,90000000001,000000000009999999,MRIM,99999#002,Controlledload,13/08/2025 11:00:00 PM,13/08/2025 11:29:59 PM,0.249,0,A
9000000001,90000000001,000000000009999999,MRIM,99999#001,Generalusage,13/08/2025 11:30:00 PM,13/08/2025 11:59:59 PM,0.059,0,A
9000000001,90000000001,000000000009999999,MRIM,99999#002,Controlledload,13/08/2025 11:30:00 PM,13/08/2025 11:59:59 PM,0.37,0,A
9000000001,90000000001,000000000009999999,MRIM,99999#001,Generalusage,14/08/2025 12:00:00 AM,14/08/2025 12:29:59 AM,0.09,0,A
9000000001,90000000001,000000000009999999,MRIM,99999#002,Controlledload,14/08/2025 12:00:00 AM,14/08/2025 12:29:59 AM,0.324,0,A
9000000001,90000000001,000000000009999999,MRIM,99999#001,Generalusage,14/08/2025 12:30:00 AM,14/08/2025 12:59:59 AM,0.043,0,A
9000000001,90000000001,000000000009999999,MRIM,99999#002,Controlledload,14/08/2025 12:30:00 AM,14/08/2025 12:59:59 AM,0.424,0,A
9000000001,90000000001,000000000009999999,MRIM,99999#001,Generalusage,14/08/2025 01:00:00 AM,14/08/2025 01:29:59 AM,0.06,0,A
9000000001,90000000001,000000000009999999,MRIM,99999#002,Controlledload,14/08/2025 01:00:00 AM,14/08/2025 01:29:59 AM,0.339,0,A
9000000001,90000000001,000000000009999999,MRIM,99999#001,Generalusage,14/08/2025 01:30:00 AM,14/08/2025 01:59:59 AM,0.047,0,A
9000000001,90000000001,000000000009999999,MRIM,99999#002,Controlledload,14/08/2025 01:30:00 AM,14/08/2025 01:59:59 AM,0.662,0,A
9000000001,90000000001,000000000009999999,MRIM,99999#001,Generalusage,14/08/2025 02:00:00 AM,14/08/2025 02:29:59 AM,0.061,0,A
9000000001,90000000001,000000000009999999,MRIM,99999#002,Controlledload,14/08/2025 02:00:00 AM,14/08/2025 02:29:59 AM,0.631,0,A
9000000001,90000000001,000000000009999999,MRIM,99999#001,Generalusage,14/08/2025 02:30:00 AM,14/08/2025 02:59:59 AM,0.069,0,A
9000000001,90000000001,000000000009999999,MRIM,99999#002,Controlledload,14/08/2025 02:30:00 AM,14/08/2025 02:59:59 AM,0.225,0,A
9000000001,90000000001,000000000009999999,MRIM,99999#001,Generalusage,14/08/2025 03:00:00 AM,14/08/2025 03:29:59 AM,0.1,0,A
9000000001,90000000001,000000000009999999,MRIM,99999#002,Controlledload,14/08/2025 03:00:00 AM,14/08/2025 03:29:59 AM,0.618,0,A
9000000001,90000000001,000000000009999999,MRIM,99999#001,Generalusage,14/08/2025 03:30:00 AM,14/08/2025 03:59:59 AM,0.098,0,A
9000000001,90000000001,000000000009999999,MRIM,99999#002,Controlledload,14/08/2025 03:30:00 AM,14/08/2025 03:59:59 AM,0.663,0,A
9000000001,90000000001,000000000009999999,MRIM,99999#001,Generalusage,14/08/2025 04:00:00 AM,14/08/2025 04:29:59 AM,0.09,0,A
9000000001,90000000001,000000000009999999,MRIM,99999#002,Controlledload,14/08/2025 04:00:00 AM,14/08/2025 04:29:59 AM,0.283,0,A
9000000001,90000000001,000000000009999999,MRIM,99999#001,Generalusage,14/08/2025 04:30:00 AM,14/08/2025 04:59:59 AM,0.068,0,A
9000000001,90000000001,000000000009999999,MRIM,99999#002,Controlledload,14/08/2025 04:30:00 AM,14/08/2025 04:59:59 AM,0.307,0,A
9000000001,90000000001,000000000009999999,MRIM,99999#001,Generalusage,14/08/2025 05:00:00 AM,14/08/2025 05:29:59 AM,0.073,0,A
9000000001,90000000001,000000000009999999,MRIM,99999#002,Controlledload,14/08/2025 05:00:00 AM,14/08/2025 05:29:59 AM,0.229,0,A
9000000001,90000000001,000000000009999999,MRIM,99999#001,Generalusage,14/08/2025 05:30:00 AM,14/08/2025 05:59:59 AM,0.104,0,A
9000000001,90000000001,000000000009999999,MRIM,99999#002,Controlledload,14/08/2025 05:30:00 AM,14/08/2025 05:59:59 AM,0.693,0,A
9000000001,90000000001,000000000009999999,MRIM,99999#001,Generalusage,14/08/2025 06:00:00 AM,14/08/2025 06:29:59 AM,0.162,0,A
9000000001,90000000001,000000000009999999,MRIM,99999#002,Controlledload,14/08/2025 06:00:00 AM,14/08/2025 06:29:59 AM,0.0,0,A
9000000001,90000000001,000000000009999999,MRIM,99999#001,Generalusage,14/08/2025 06:30:00 AM,14/08/2025 06:59:59 AM,0.297,0,A
9000000001,90000000001,000000000009999999,MRIM,99999#002,Controlledload,14/08/2025 06:30:00 AM,14/08/2025 06:59:59 AM,0.0,0,A
9000000001,90000000001,000000000009999999,MRIM,99999#001,Generalusage,14/08/2025 07:00:00 AM,14/08/2025 07:29:59 AM,0.371,0,A
9000000001,90000000001,000000000009999999,MRIM,99999#002,Controlledload,14/08/2025 07:00:00 AM,14/08/2025 07:29:59 AM,0.0,0,A
9000000001,90000000001,000000000009999999,MRIM,99999#001,Generalusage,14/08/2025 07:30:00 AM,14/08/2025 07:59:59 AM,0.41,0,A
9000000001,90000000001,000000000009999999,MRIM,99999#002,Controlledload,14/08/2025 07:30:00 AM,14/08/2025 07:59:59 AM,0.0,0,A
9000000001,90000000001,000000000009999999,MRIM,99999#001,Generalusage,14/08/2025 08:00:00 AM,14/08/2025 08:29:59 AM,0.407,0,A
9000000001,90000000001,000000000009999999,MRIM,99999#002,Controlledload,14/08/2025 08:00:00 AM,14/08/2025 08:29:59 AM,0.0,0,A
9000000001,90000000001,000000000009999999,MRIM,99999#001,Generalusage,14/08/2025 08:30:00 AM,14/08/2025 08:59:59 AM,0.314,0,A
9000000001,90000000001,000000000009999999,MRIM,99999#002,Controlledload,14/08/2025 08:30:00 AM,14/08/2025 08:59:59 AM,0.0,0,A
9000000001,90000000001,000000000009999999,MRIM,99999#001,Generalusage,14/08/2025 09:00:00 AM,14/08/2025 09:29:59 AM,0.186,0,A
9000000001,90000000001,000000000009999999,MRIM,99999#002,Controlledload,14/08/2025 09:00:00 AM,14/08/2025 09:29:59 AM,0.0,0,A
9000000001,90000000001,000000000009999999,MRIM,99999#001,Generalusage,14/08/2025 09:30:00 AM,14/08/2025 09:59:59 AM,0.134,0,A
9000000001,90000000001,000000000009999999,MRIM,99999#002,Controlledload,14/08/2025 09:30:00 AM,14/08/2025 09:59:59 AM,0.0,0,A
9000000001,90000000001,000000000009999999,MRIM,99999#001,Generalusage,14/08/2025 10:00:00 AM,14/08/2025 10:29:59 AM,0.067,0,A
9000000001,90000000001,000000000009999999,MRIM,99999#002,Controlledload,14/08/2025 10:00:00 AM,14/08/2025 10:29:59 AM,0.0,0,A
9000000001,90000000001,000000000009999999,MRIM,99999#001,Generalusage,14/08/2025 10:30:00 AM,14/08/2025 10:59:59 AM,0.072,0,A
9000000001,90000000001,000000000009999999,MRIM,99999#002,Controlledload,14/08/2025 10:30:00 AM,14/08/2025 10:59:59 AM,0.0,0,A
9000000001,90000000001,000000000009999999,MRIM,99999#001,Generalusage,14/08/2025 11:00:00 AM,14/08/2025 11:29:59 AM,0.124,0,A
9000000001,90000000001,000000000009999999,MRIM,99999#002,Controlledload,14/08/2025 11:00:00 AM,14/08/2025 11:29:59 AM,0.0,0,A
9000000001,90000000001,000000000009999999,MRIM,99999#001,Generalusage,14/08/2025 11:30:00 AM,14/08/2025 11:59:59 AM,0.105,0,A
9000000001,90000000001,000000000009999999,MRIM,99999#002,Controlledload,14/08/2025 11:30:00 AM,14/08/2025 11:59:59 AM,0.0,0,A
9000000001,90000000001,000000000009999999,MRIM,99999#001,Generalusage,14/08/2025 12:00:00 PM,14/08/2025 12:29:59 PM,0.11,0,A
9000000001,90000000001,000000000009999999,MRIM,99999#002,Controlledload,14/08/2025 12:00:00 PM,14/08/2025 12:29:59 PM,0.0,0,A
9000000001,90000000001,000000000009999999,MRIM,99999#001,Generalusage,14/08/2025 12:30:00 PM,14/08/2025 12:59:59 PM,0.13,0,A
9000000001,90000000001,000000000009999999,MRIM,99999#002,Controlledload,14/08/2025 12:30:00 PM,14/08/2025 12:59:59 PM,0.0,0,A
9000000001,90000000001,000000000009999999,MRIM,99999#001,Generalusage,14/08/2025 01:00:00 PM,14/08/2025 01:29:59 PM,0.084,0,A
9000000001,90000000001,000000000009999999,MRIM,99999#002,Controlledload,14/08/2025 01:00:00 PM,14/08/2025 01:29:59 PM,0.0,0,A
9000000001,90000000001,000000000009999999,MRIM,99999#001,Generalusage,14/08/2025 01:30:00 PM,14/08/2025 01:59:59 PM,0.119,0,A
9000000001,90000000001,000000000009999999,MRIM,99999#002,Controlledload,14/08/2025 01:30:00 PM,14/08/2025 01:59:59 PM,0.0,0,A
9000000001,90000000001,000000000009999999,MRIM,99999#001,Generalusage,14/08/2025 02:00:00 PM,14/08/2025 02:29:59 PM,0.108,0,A
9000000001,90000000001,000000000009999999,MRIM,99999#002,Controlledload,14/08/2025 02:00:00 PM,14/08/2025 02:29:59 PM,0.0,0,A
9000000001,90000000001,000000000009999999,MRIM,99999#001,Generalusage,14/08/2025 02:30:00 PM,14/08/2025 02:59:59 PM,0.125,0,A
9000000001,90000000001,000000000009999999,MRIM,99999#002,Controlledload,14/08/2025 02:30:00 PM,14/08/2025 02:59:59 PM,0.0,0,A
9000000001,90000000001,000000000009999999,MRIM,99999#001,Generalusage,14/08/2025 03:00:00 PM,14/08/2025 03:29:59 PM,0.07,0,A
9000000001,90000000001,000000000009999999,MRIM,99999#002,Controlledload,14/08/2025 03:00:00 PM,14/08/2025 03:29:59 PM,0.0,0,A
9000000001,90000000001,000000000009999999,MRIM,99999#001,Generalusage,14/08/2025 03:30:00 PM,14/08/2025 03:59:59 PM,0.125,0,A
9000000001,90000000001,000000000009999999,MRIM,99999#002,Controlledload,14/08/2025 03:30:00 PM,14/08/2025 03:59:59 PM,0.0,0,A
9000000001,90000000001,000000000009999999,MRIM,99999#001,Generalusage,14/08/2025 04:00:00 PM,14/08/2025 04:29:59 PM,0.077,0,A
9000000001,90000000001,000000000009999999,MRIM,99999#002,Controlledload,14/08/2025 04:00:00 PM,14/08/2025 04:29:59 PM,0.0,0,A
9000000001,90000000001,000000000009999999,MRIM,99999#001,Generalusage,14/08/2025 04:30:00 PM,14/08/2025 04:59:59 PM,0.124,0,A
9000000001,90000000001,000000000009999999,MRIM,99999#002,Controlledload,14/08/2025 04:30:00 PM,14/08/2025 04:59:59 PM,0.0,0,A
9000000001,90000000001,000000000009999999,MRIM,99999#001,Generalusage,14/08/2025 05:00:00 PM,14/08/2025 05:29:59 PM,0.233,0,A
9000000001,90000000001,000000000009999999,MRIM,99999#002,Controlledload,14/08/2025 05:00:00 PM,14/08/2025 05:29:59 PM,0.0,0,A
9000000001,90000000001,000000000009999999,MRIM,99999#001,Generalusage,14/08/2025 05:30:00 PM,14/08/2025 05:59:59 PM,0.362,0,A
9000000001,90000000001,000000000009999999,MRIM,99999#002,Controlledload,14/08/2025 05:30:00 PM,14/08/2025 05:59:59 PM,0.0,0,A
9000000001,90000000001,000000000009999999,MRIM,99999#001,Generalusage,14/08/2025 06:00:00 PM,14/08/2025 06:29:59 PM,0.477,0,A
9000000001,90000000001,000000000009999999,MRIM,99999#002,Controlledload,14/08/2025 06:00:00 PM,14/08/2025 06:29:59 PM,0.0,0,A
9000000001,90000000001,000000000009999999,MRIM,99999#001,Generalusage,14/08/2025 06:30:00 PM,14/08/2025 06:59:59 PM,0.591,0,A
9000000001,90000000001,000000000009999999,MRIM,99999#002,Controlledload,14/08/2025 06:30:00 PM,14/08/2025 06:59:59 PM,0.0,0,A
9000000001,90000000001,000000000009999999,MRIM,99999#001,Generalusage,14/08/2025 07:00:00 PM,14/08/2025 07:29:59 PM,0.692,0,A
9000000001,90000000001,000000000009999999,MRIM,99999#002,Controlledload,14/08/2025 07:00:00 PM,14/08/2025 07:29:59 PM,0.0,0,A
9000000001,90000000001,000000000009999999,MRIM,99999#001,Generalusage,14/08/2025 07:30:00 PM,14/08/2025 07:59:59 PM,0.599,0,A
9000000001,90000000001,000000000009999999,MRIM,99999#002,Controlledload,14/08/2025 07:30:00 PM,14/08/2025 07:59:59 PM,0.0,0,A
9000000001,90000000001,000000000009999999,MRIM,99999#001,Generalusage,14/08/2025 08:00:00 PM,14/08/2025 08:29:59 PM,0.502,0,A
9000000001,90000000001,000000000009999999,MRIM,99999#002,Controlledload,14/08/2025 08:00:00 PM,14/08/2025 08:29:59 PM,0.0,0,A
9000000001,90000000001,000000000009999999,MRIM,99999#001,Generalusage,14/08/2025 08:30:00 PM,14/08/2025 08:59:59 PM,0.357,0,A
9000000001,90000000001,000000000009999999,MRIM,99999#002,Controlledload,14/08/2025 08:30:00 PM,14/08/2025 08:59:59 PM,0.0,0,A
9000000001,90000000001,000000000009999999,MRIM,99999#001,Generalusage,14/08/2025 09:00:00 PM,14/08/2025 09:29:59 PM,0.218,0,A
9000000001,90000000001,000000000009999999,MRIM,99999#002,Controlledload,14/08/2025 09:00:00 PM,14/08/2025 09:29:59 PM,0.0,0,A
9000000001,90000000001,000000000009999999,MRIM,99999#001,Generalusage,14/08/2025 09:30:00 PM,14/08/2025 09:59:59 PM,0.146,0,A
9000000001,90000000001,000000000009999999,MRIM,99999#002,Controlledload,14/08/2025 09:30:00 PM,14/08/2025 09:59:59 PM,0.0,0,A
9000000001,90000000001,000000000009999999,MRIM,99999#001,Generalusage,14/08/2025 10:00:00 PM,14/08/2025 10:29:59 PM,0.096,0,A
9000000001,90000000001,000000000009999999,MRIM,99999#002,Controlledload,14/08/2025 10:00:00 PM,14/08/2025 10:29:59 PM,0.0,0,A
9000000001,90000000001,000000000009999999,MRIM,99999#001,Generalusage,14/08/2025 10:30:00 PM,14/08/2025 10:59:59 PM,0.106,0,A
9000000001,90000000001,000000000009999999,MRIM,99999#002,Controlledload,14/08/2025 10:30:00 PM,14/08/2025 10:59:59 PM,0.0,0,A
9000000001,90000000001,000000000009999999,MRIM,99999#001,Generalusage,14/08/2025 11:00:00 PM,14/08/2025 11:29:59 PM,0.047,0,A
9000000001,90000000001,000000000009999999,MRIM,99999#002,Controlledload,14/08/2025 11:00:00 PM,14/08/2025 11:29:59 PM,0.558,0,A
9000000001,90000000001,000000000009999999,MRIM,99999#001,Generalusage,14/08/2025 11:30:00 PM,14/08/2025 11:59:59 PM,0.047,0,A
9000000001,90000000001,000000000009999999,MRIM,99999#002,Controlledload,14/08/2025 11:30:00 PM,14/08/2025 11:59:59 PM,0.398,0,A
9000000001,90000000001,000000000009999999,MRIM,99999#001,Generalusage,15/08/2025 12:00:00 AM,15/08/2025 12:29:59 AM,0.077,0,A
9000000001,90000000001,000000000009999999,MRIM,99999#002,Controlledload,15/08/2025 12:00:00 AM,15/08/2025 12:29:59 AM,0.35,0,A
9000000001,90000000001,000000000009999999,MRIM,99999#001,Generalusage,15/08/2025 12:30:00 AM,15/08/2025 12:59:59 AM,0.052,0,A
9000000001,90000000001,000000000009999999,MRIM,99999#002,Controlledload,15/08/2025 12:30:00 AM,15/08/2025 12:59:59 AM,0.576,0,A
9000000001,90000000001,000000000009999999,MRIM,99999#001,Generalusage,15/08/2025 01:00:00 AM,15/08/2025 01:29:59 AM,0.035,0,A
9000000001,90000000001,000000000009999999,MRIM,99999#002,Controlledload,15/08/2025 01:00:00 AM,15/08/2025 01:29:59 AM,0.429,0,A
9000000001,90000000001,000000000009999999,MRIM,99999#001,Generalusage,15/08/2025 01:30:00 AM,15/08/2025 01:59:59 AM,0.1,0,A
9000000001,90000000001,000000000009999999,MRIM,99999#002,Controlledload,15/08/2025 01:30:00 AM,15/08/2025 01:59:59 AM,0.698,0,A
9000000001,90000000001,000000000009999999,MRIM,99999#001,Generalusage,15/08/2025 02:00:00 AM,15/08/2025 02:29:59 AM,0.035,0,A
9000000001,90000000001,000000000009999999,MRIM,99999#002,Controlledload,15/08/2025 02:00:00 AM,15/08/2025 02:29:59 AM,0.307,0,A
9000000001,90000000001,000000000009999999,MRIM,99999#001,Generalusage,15/08/2025 02:30:00 AM,15/08/2025 02:59:59 AM,0.049,0,A
9000000001,90000000001,000000000009999999,MRIM,99999#002,Controlledload,15/08/2025 02:30:00 AM,15/08/2025 02:59:59 AM,0.667,0,A
9000000001,90000000001,000000000009999999,MRIM,99999#001,Generalusage,15/08/2025 03:00:00 AM,15/08/2025 03:29:59 AM,0.092,0,A
9000000001,90000000001,000000000009999999,MRIM,99999#002,Controlledload,15/08/2025 03:00:00 AM,15/08/2025 03:29:59 AM,0.64,0,A
9000000001,90000000001,000000000009999999,MRIM,99999#001,Generalusage,15/08/2025 03:30:00 AM,15/08/2025 03:59:59 AM,0.056,0,A
9000000001,90000000001,000000000009999999,MRIM,99999#002,Controlledload,15/08/2025 03:30:00 AM,15/08/2025 03:59:59 AM,0.279,0,A
9000000001,90000000001,000000000009999999,MRIM,99999#001,Generalusage,15/08/2025 04:00:00 AM,15/08/2025 04:29:59 AM,0.089,0,A
9000000001,90000000001,000000000009999999,MRIM,99999#002,Controlledload,15/08/2025 04:00:00 AM,15/08/2025 04:29:59 AM,0.552,0,A
9000000001,90000000001,000000000009999999,MRIM,99999#001,Generalusage,15/08/2025 04:30:00 AM,15/08/2025 04:59:59 AM,0.077,0,A
9000000001,90000000001,000000000009999999,MRIM,99999#002,Controlledload,15/08/2025 04:30:00 AM,15/08/2025 04:59:59 AM,0.694,0,A
9000000001,90000000001,000000000009999999,MRIM,99999#001,Generalusage,15/08/2025 05:00:00 AM,15/08/2025 05:29:59 AM,0.091,0,A
9000000001,90000000001,000000000009999999,MRIM,99999#002,Controlledload,15/08/2025 05:00:00 AM,15/08/2025 05:29:59 AM,0.204,0,A
9000000001,90000000001,000000000009999999,MRIM,99999#001,Generalusage,15/08/2025 05:30:00 AM,15/08/2025 05:59:59 AM,0.135,0,A
9000000001,90000000001,000000000009999999,MRIM,99999#002,Controlledload,15/08/2025 05:30:00 AM,15/08/2025 05:59:59 AM,0.35,0,A
9000000001,90000000001,000000000009999999,MRIM,99999#001,Generalusage,15/08/2025 06:00:00 AM,15/08/2025 06:29:59 AM,0.19,0,A
9000000001,90000000001,000000000009999999,MRIM,99999#002,Controlledload,15/08/2025 06:00:00 AM,15/08/2025 06:29:59 AM,0.0,0,A
9000000001,90000000001,000000000009999999,MRIM,99999#001,Generalusage,15/08/2025 06:30:00 AM,15/08/2025 06:59:59 AM,0.308,0,A
9000000001,90000000001,000000000009999999,MRIM,99999#002,Controlledload,15/08/2025 06:30:00 AM,15/08/2025 06:59:59 AM,0.0,0,A
9000000001,90000000001,000000000009999999,MRIM,99999#001,Generalusage,15/08/2025 07:00:00 AM,15/08/2025 07:29:59 AM,0.348,0,A
9000000001,90000000001,000000000009999999,MRIM,99999#002,Controlledload,15/08/2025 07:00:00 AM,15/08/2025 07:29:59 AM,0.0,0,A
9000000001,90000000001,000000000009999999,MRIM,99999#001,Generalusage,15/08/2025 07:30:00 AM,15/08/2025 07:59:59 AM,0.388,0,A
9000000001,90000000001,000000000009999999,MRIM,99999#002,Controlledload,15/08/2025 07:30:00 AM,15/08/2025 07:59:59 AM,0.0,0,A
9000000001,90000000001,000000000009999999,MRIM,99999#001,Generalusage,15/08/2025 08:00:00 AM,15/08/2025 08:29:59 AM,0.347,0,A
9000000001,90000000001,000000000009999999,MRIM,99999#002,Controlledload,15/08/2025 08:00:00 AM,15/08/2025 08:29:59 AM,0.0,0,A
9000000001,90000000001,000000000009999999,MRIM,99999#001,Generalusage,15/08/2025 08:30:00 AM,15/08/2025 08:59:59 AM,0.283,0,A
9000000001,90000000001,000000000009999999,MRIM,99999#002,Controlledload,15/08/2025 08:30:00 AM,15/08/2025 08:59:59 AM,0.0,0,A
9000000001,90000000001,000000000009999999,MRIM,99999#001,Generalusage,15/08/2025 09:00:00 AM,15/08/2025 09:29:59 AM,0.166,0,A
9000000001,90000000001,000000000009999999,MRIM,99999#002,Controlledload,15/08/2025 09:00:00 AM,15/08/2025 09:29:59 AM,0.0,0,A
9000000001,90000000001,000000000009999999,MRIM,99999#001,Generalusage,15/08/2025 09:30:00 AM,15/08/2025 09:59:59 AM,0.126,0,A
9000000001,90000000001,000000000009999999,MRIM,99999#002,Controlledload,15/08/2025 09:30:00 AM,15/08/2025 09:59:59 AM,0.0,0,A
9000000001,90000000001,000000000009999999,MRIM,99999#001,Generalusage,15/08/2025 10:00:00 AM,15/08/2025 10:29:59 AM,0.107,0,A
9000000001,90000000001,000000000009999999,MRIM,99999#002,Controlledload,15/08/2025 10:00:00 AM,15/08/2025 10:29:59 AM,0.0,0,A
9000000001,90000000001,000000000009999999,MRIM,99999#001,Generalusage,15/08/2025 10:30:00 AM,15/08/2025 10:59:59 AM,0.066,0,A
9000000001,90000000001,000000000009999999,MRIM,99999#002,Controlledload,15/08/2025 10:30:00 AM,15/08/2025 10:59:59 AM,0.0,0,A
9000000001,90000000001,000000000009999999,MRIM,99999#001,Generalusage,15/08/2025 11:00:00 AM,15/08/2025 11:29:59 AM,0.101,0,A
9000000001,90000000001,000000000009999999,MRIM,99999#002,Controlledload,15/08/2025 11:00:00 AM,15/08/2025 11:29:59 AM,0.0,0,A
9000000001,90000000001,000000000009999999,MRIM,99999#001,Generalusage,15/08/2025 11:30:00 AM,15/08/2025 11:59:59 AM,0.083,0,A
9000000001,90000000001,000000000009999999,MRIM,99999#002,Controlledload,15/08/2025 11:30:00 AM,15/08/2025 11:59:59 AM,0.0,0,A
9000000001,90000000001,000000000009999999,MRIM,99999#001,Generalusage,15/08/2025 12:00:00 PM,15/08/2025 12:29:59 PM,0.107,0,A
9000000001,90000000001,000000000009999999,MRIM,99999#002,Controlledload,15/08/2025 12:00:00 PM,15/08/2025 12:29:59 PM,0.0,0,A
9000000001,90000000001,000000000009999999,MRIM,99999#001,Generalusage,15/08/2025 12:30:00 PM,15/08/2025 12:59:59 PM,0.141,0,A
9000000001,90000000001,000000000009999999,MRIM,99999#002,Controlledload,15/08/2025 12:30:00 PM,15/08/2025 12:59:59 PM,0.0,0,A
9000000001,90000000001,000000000009999999,MRIM,99999#001,Generalusage,15/08/2025 01:00:00 PM,15/08/2025 01:29:59 PM,0.139,0,A
9000000001,90000000001,000000000009999999,MRIM,99999#002,Controlledload,15/08/2025 01:00:00 PM,15/08/2025 01:29:59 PM,0.0,0,A
9000000001,90000000001,000000000009999999,MRIM,99999#001,Generalusage,15/08/2025 01:30:00 PM,15/08/2025 01:59:59 PM,0.084,0,A
9000000001,90000000001,000000000009999999,MRIM,99999#002,Controlledload,15/08/2025 01:30:00 PM,15/08/2025 01:59:59 PM,0.0,0,A
9000000001,90000000001,000000000009999999,MRIM,99999#001,Generalusage,15/08/2025 02:00:00 PM,15/08/2025 02:29:59 PM,0.102,0,A
9000000001,90000000001,000000000009999999,MRIM,99999#002,Controlledload,15/08/2025 02:00:00 PM,15/08/2025 02:29:59 PM,0.0,0,A
9000000001,90000000001,000000000009999999,MRIM,99999#001,Generalusage,15/08/2025 02:30:00 PM,15/08/2025 02:59:59 PM,0.084,0,A
9000000001,90000000001,000000000009999999,MRIM,99999#002,Controlledload,15/08/2025 02:30:00 PM,15/08/2025 02:59:59 PM,0.0,0,A
9000000001,90000000001,000000000009999999,MRIM,99999#001,Generalusage,15/08/2025 03:00:00 PM,15/08/2025 03:29:59 PM,0.059,0,A
9000000001,90000000001,000000000009999999,MRIM,99999#002,Controlledload,15/08/2025 03:00:00 PM,15/08/2025 03:29:59 PM,0.0,0,A
9000000001,90000000001,000000000009999999,MRIM,99999#001,Generalusage,15/08/2025 03:30:00 PM,15/08/2025 03:59:59 PM,0.112,0,A
9000000001,90000000001,000000000009999999,MRIM,99999#002,Controlledload,15/08/2025 03:30:00 PM,15/08/2025 03:59:59 PM,0.0,0,A
9000000001,90000000001,000000000009999999,MRIM,99999#001,Generalusage,15/08/2025 04:00:00 PM,15/08/2025 04:29:59 PM,0.116,0,A
9000000001,90000000001,000000000009999999,MRIM,99999#002,Controlledload,15/08/2025 04:00:00 PM,15/08/2025 04:29:59 PM,0.0,0,A
9000000001,90000000001,000000000009999999,MRIM,99999#001,Generalusage,15/08/2025 04:30:00 PM,15/08/2025 04:59:59 PM,0.13,0,A
9000000001,90000000001,000000000009999999,MRIM,99999#002,Controlledload,15/08/2025 04:30:00 PM,15/08/2025 04:59:59 PM,0.0,0,A
9000000001,90000000001,000000000009999999,MRIM,99999#001,Generalusage,15/08/2025 05:00:00 PM,15/08/2025 05:29:59 PM,0.244,0,A
9000000001,90000000001,000000000009999999,MRIM,99999#002,Controlledload,15/08/2025 05:00:00 PM,15/08/2025 05:29:59 PM,0.0,0,A
9000000001,90000000001,000000000009999999,MRIM,99999#001,Generalusage,15/08/2025 05:30:00 PM,15/08/2025 05:59:59 PM,0.354,0,A
9000000001,90000000001,000000000009999999,MRIM,99999#002,Controlledload,15/08/2025 05:30:00 PM,15/08/2025 05:59:59 PM,0.0,0,A
9000000001,90000000001,000000000009999999,MRIM,99999#001,Generalusage,15/08/2025 06:00:00 PM,15/08/2025 06:29:59 PM,0.491,0,A
9000000001,90000000001,000000000009999999,MRIM,99999#002,Controlledload,15/08/2025 06:00:00 PM,15/08/2025 06:29:59 PM,0.0,0,A
9000000001,90000000001,000000000009999999,MRIM,99999#001,Generalusage,15/08/2025 06:30:00 PM,15/08/2025 06:59:59 PM,0.583,0,A
9000000001,90000000001,000000000009999999,MRIM,99999#002,Controlledload,15/08/2025 06:30:00 PM,15/08/2025 06:59:59 PM,0.0,0,A
9000000001,90000000001,000000000009999999,MRIM,99999#001,Generalusage,15/08/2025 07:00:00 PM,15/08/2025 07:29:59 PM,0.635,0,A
9000000001,90000000001,000000000009999999,MRIM,99999#002,Controlledload,15/08/2025 07:00:00 PM,15/08/2025 07:29:59 PM,0.0,0,A
9000000001,90000000001,000000000009999999,MRIM,99999#001,Generalusage,15/08/2025 07:30:00 PM,15/08/2025 07:59:59 PM,0.644,0,A
9000000001,90000000001,000000000009999999,MRIM,99999#002,Controlledload,15/08/2025 07:30:00 PM,15/08/2025 07:59:59 PM,0.0,0,A
9000000001,90000000001,000000000009999999,MRIM,99999#001,Generalusage,15/08/2025 08:00:00 PM,15/08/2025 08:29:59 PM,0.523,0,A
9000000001,90000000001,000000000009999999,MRIM,99999#002,Controlledload,15/08/2025 08:00:00 PM,15/08/2025 08:29:59 PM,0.0,0,A
9000000001,90000000001,000000000009999999,MRIM,99999#001,Generalusage,15/08/2025 08:30:00 PM,15/08/2025 08:59:59 PM,0.352,0,A
9000000001,90000000001,000000000009999999,MRIM,99999#002,Controlledload,15/08/2025 08:30:00 PM,15/08/2025 08:59:59 PM,0.0,0,A
9000000001,90000000001,000000000009999999,MRIM,99999#001,Generalusage,15/08/2025 09:00:00 PM,15/08/2025 09:29:59 PM,0.247,0,A
9000000001,90000000001,000000000009999999,MRIM,99999#002,Controlledload,15/08/2025 09:00:00 PM,15/08/2025 09:29:59 PM,0.0,0,A
9000000001,90000000001,000000000009999999,MRIM,99999#001,Generalusage,15/08/2025 09:30:00 PM,15/08/2025 09:59:59 PM,0.145,0,A
9000000001,90000000001,000000000009999999,MRIM,99999#002,Controlledload,15/08/2025 09:30:00 PM,15/08/2025 09:59:59 PM,0.0,0,A
9000000001,90000000001,000000000009999999,MRIM,99999#001,Generalusage,15/08/2025 10:00:00 PM,15/08/2025 10:29:59 PM,0.07,0,A
9000000001,90000000001,000000000009999999,MRIM,99999#002,Controlledload,15/08/2025 10:00:00 PM,15/08/2025 10:29:59 PM,0.0,0,A
9000000001,90000000001,000000000009999999,MRIM,99999#001,Generalusage,15/08/2025 10:30:00 PM,15/08/2025 10:59:59 PM,0.049,0,A
9000000001,90000000001,000000000009999999,MRIM,99999#002,Controlledload,15/08/2025 10:30:00 PM,15/08/2025 10:59:59 PM,0.0,0,A
9000000001,90000000001,000000000009999999,MRIM,99999#001,Generalusage,15/08/2025 11:00:00 PM,15/08/2025 11:29:59 PM,0.054,0,A
9000000001,90000000001,000000000009999999,MRIM,99999#002,Controlledload,15/08/2025 11:00:00 PM,15/08/2025 11:29:59 PM,0.649,0,A
9000000001,90000000001,000000000009999999,MRIM,99999#001,Generalusage,15/08/2025 11:30:00 PM,15/08/2025 11:59:59 PM,0.086,0,A
9000000001,90000000001,000000000009999999,MRIM,99999#002,Controlledload,15/08/2025 11:30:00 PM,15/08/2025 11:59:59 PM,0.63,0,A
9000000001,90000000001,000000000009999999,MRIM,99999#001,Generalusage,16/08/2025 12:00:00 AM,16/08/2025 12:29:59 AM,0.093,0,A
9000000001,90000000001,000000000009999999,MRIM,99999#002,Controlledload,16/08/2025 12:00:00 AM,16/08/2025 12:29:59 AM,0.305,0,A
9000000001,90000000001,000000000009999999,MRIM,99999#001,Generalusage,16/08/2025 12:30:00 AM,16/08/2025 12:59:59 AM,0.047,0,A
9000000001,90000000001,000000000009999999,MRIM,99999#002,Controlledload,16/08/2025 12:30:00 AM,16/08/2025 12:59:59 AM,0.251,0,A
9000000001,90000000001,000000000009999999,MRIM,99999#001,Generalusage,16/08/2025 01:00:00 AM,16/08/2025 01:29:59 AM,0.085,0,A
9000000001,90000000001,000000000009999999,MRIM,99999#002,Controlledload,16/08/2025 01:00:00 AM,16/08/2025 01:29:59 AM,0.642,0,A
9000000001,90000000001,000000000009999999,MRIM,99999#001,Generalusage,16/08/2025 01:30:00 AM,16/08/2025 01:59:59 AM,0.058,0,A
9000000001,90000000001,000000000009999999,MRIM,99999#002,Controlledload,16/08/2025 01:30:00 AM,16/08/2025 01:59:59 AM,0.51,0,A
9000000001,90000000001,000000000009999999,MRIM,99999#001,Generalusage,16/08/2025 02:00:00 AM,16/08/2025 02:29:59 AM,0.041,0,A
9000000001,90000000001,000000000009999999,MRIM,99999#002,Controlledload,16/08/2025 02:00:00 AM,16/08/2025 02:29:59 AM,0.665,0,A
9000000001,90000000001,000000000009999999,MRIM,99999#001,Generalusage,16/08/2025 02:30:00 AM,16/08/2025 02:59:59 AM,0.091,0,A
9000000001,90000000001,000000000009999999,MRIM,99999#002,Controlledload,16/08/2025 02:30:00 AM,16/08/2025 02:59:59 AM,0.688,0,A
9000000001,90000000001,000000000009999999,MRIM,99999#001,Generalusage,16/08/2025 03:00:00 AM,16/08/2025 03:29:59 AM,0.087,0,A
9000000001,90000000001,000000000009999999,MRIM,99999#002,Controlledload,16/08/2025 03:00:00 AM,16/08/2025 03:29:59 AM,0.641,0,A
9000000001,90000000001,000000000009999999,MRIM,99999#001,Generalusage,16/08/2025 03:30:00 AM,16/08/2025 03:59:59 AM,0.032,0,A
9000000001,90000000001,000000000009999999,MRIM,99999#002,Controlledload,16/08/2025 03:30:00 AM,16/08/2025 03:59:59 AM,0.568,0,A
9000000001,90000000001,000000000009999999,MRIM,99999#001,Generalusage,16/08/2025 04:00:00 AM,16/08/2025 04:29:59 AM,0.054,0,A
9000000001,90000000001,000000000009999999,MRIM,99999#002,Controlledload,16/08/2025 04:00:00 AM,16/08/2025 04:29:59 AM,0.665,0,A
9000000001,90000000001,000000000009999999,MRIM,99999#001,Generalusage,16/08/2025 04:30:00 AM,16/08/2025 04:59:59 AM,0.09,0,A
9000000001,90000000001,000000000009999999,MRIM,99999#002,Controlledload,16/08/2025 04:30:00 AM,16/08/2025 04:59:59 AM,0.632,0,A
9000000001,90000000001,000000000009999999,MRIM,99999#001,Generalusage,16/08/2025 05:00:00 AM,16/08/2025 05:29:59 AM,0.102,0,A
9000000001,90000000001,000000000009999999,MRIM,99999#002,Controlledload,16/08/2025 05:00:00 AM,16/08/2025 05:29:59 AM,0.333,0,A
9000000001,90000000001,000000000009999999,MRIM,99999#001,Generalusage,16/08/2025 05:30:00 AM,16/08/2025 05:59:59 AM,0.133,0,A
9000000001,90000000001,000000000009999999,MRIM,99999#002,Controlledload,16/08/2025 05:30:00 AM,16/08/2025 05:59:59 AM,0.254,0,A
9000000001,90000000001,000000000009999999,MRIM,99999#001,Generalusage,16/08/2025 06:00:00 AM,16/08/2025 06:29:59 AM,0.205,0,A
9000000001,90000000001,000000000009999999,MRIM,99999#002,Controlledload,16/08/2025 06:00:00 AM,16/08/2025 06:29:59 AM,0.0,0,A
9000000001,90000000001,000000000009999999,MRIM,99999#001,Generalusage,16/08/2025 06:30:00 AM,16/08/2025 06:59:59 AM,0.303,0,A
9000000001,90000000001,000000000009999999,MRIM,99999#002,Controlledload,16/08/2025 06:30:00 AM,16/08/2025 06:59:59 AM,0.0,0,A
9000000001,90000000001,000000000009999999,MRIM,99999#001,Generalusage,16/08/2025 07:00:00 AM,16/08/2025 07:29:59 AM,0.355,0,A
9000000001,90000000001,000000000009999999,MRIM,99999#002,Controlledload,16/08/2025 07:00:00 AM,16/08/2025 07:29:59 AM,0.0,0,A
9000000001,90000000001,000000000009999999,MRIM,99999#001,Generalusage,16/08/2025 07:30:00 AM,16/08/2025 07:59:59 AM,0.439,0,A
9000000001,90000000001,000000000009999999,MRIM,99999#002,Controlledload,16/08/2025 07:30:00 AM,16/08/2025 07:59:59 AM,0.0,0,A
9000000001,90000000001,000000000009999999,MRIM,99999#001,Generalusage,16/08/2025 08:00:00 AM,16/08/2025 08:29:59 AM,0.375,0,A
9000000001,90000000001,000000000009999999,MRIM,99999#002,Controlledload,16/08/2025 08:00:00 AM,16/08/2025 08:29:59 AM,0.0,0,A
9000000001,90000000001,000000000009999999,MRIM,99999#001,Generalusage,16/08/2025 08:30:00 AM,16/08/2025 08:59:59 AM,0.272,0,A
9000000001,90000000001,000000000009999999,MRIM,99999#002,Controlledload,16/08/2025 08:30:00 AM,16/08/2025 08:59:59 AM,0.0,0,A
9000000001,90000000001,000000000009999999,MRIM,99999#001,Generalusage,16/08/2025 09:00:00 AM,16/08/2025 09:29:59 AM,0.217,0,A
9000000001,90000000001,000000000009999999,MRIM,99999#002,Controlledload,16/08/2025 09:00:00 AM,16/08/2025 09:29:59 AM,0.0,0,A
9000000001,90000000001,000000000009999999,MRIM,99999#001,Generalusage,16/08/2025 09:30:00 AM,16/08/2025 09:59:59 AM,0.126,0,A
9000000001,90000000001,000000000009999999,MRIM,99999#002,Controlledload,16/08/2025 09:30:00 AM,16/08/2025 09:59:59 AM,0.0,0,A
9000000001,90000000001,000000000009999999,MRIM,99999#001,Generalusage,16/08/2025 10:00:00 AM,16/08/2025 10:29:59 AM,0.103,0,A
9000000001,90000000001,000000000009999999,MRIM,99999#002,Controlledload,16/08/2025 10:00:00 AM,16/08/2025 10:29:59 AM,0.0,0,A
9000000001,90000000001,000000000009999999,MRIM,99999#001,Generalusage,16/08/2025 10:30:00 AM,16/08/2025 10:59:59 AM,0.136,0,A
9000000001,90000000001,000000000009999999,MRIM,99999#002,Controlledload,16/08/2025 10:30:00 AM,16/08/2025 10:59:59 AM,0.0,0,A
9000000001,90000000001,000000000009999999,MRIM,99999#001,Generalusage,16/08/2025 11:00:00 AM,16/08/2025 11:29:59 AM,0.182,0,A
9000000001,90000000001,000000000009999999,MRIM,99999#002,Controlledload,16/08/2025 11:00:00 AM,16/08/2025 11:29:59 AM,0.0,0,A
9000000001,90000000001,000000000009999999,MRIM,99999#001,Generalusage,16/08/2025 11:30:00 AM,16/08/2025 11:59:59 AM,0.262,0,A
9000000001,90000000001,000000000009999999,MRIM,99999#002,Controlledload,16/08/2025 11:30:00 AM,16/08/2025 11:59:59 AM,0.0,0,A
9000000001,90000000001,000000000009999999,MRIM,99999#001,Generalusage,16/08/2025 12:00:00 PM,16/08/2025 12:29:59 PM,0.309,0,A
9000000001,90000000001,000000000009999999,MRIM,99999#002,Controlledload,16/08/2025 12:00:00 PM,16/08/2025 12:29:59 PM,0.0,0,A
9000000001,90000000001,000000000009999999,MRIM,99999#001,Generalusage,16/08/2025 12:30:00 PM,16/08/2025 12:59:59 PM,0.289,0,A
9000000001,90000000001,000000000009999999,MRIM,99999#002,Controlledload,16/08/2025 12:30:00 PM,16/08/2025 12:59:59 PM,0.0,0,A
9000000001,90000000001,000000000009999999,MRIM,99999#001,Generalusage,16/08/2025 01:00:00 PM,16/08/2025 01:29:59 PM,0.325,0,A
9000000001,90000000001,000000000009999999,MRIM,99999#002,Controlledload,16/08/2025 01:00:00 PM,16/08/2025 01:29:59 PM,0.0,0,A
9000000001,90000000001,000000000009999999,MRIM,99999#001,Generalusage,16/08/2025 01:30:00 PM,16/08/2025 01:59:59 PM,0.298,0,A
9000000001,90000000001,000000000009999999,MRIM,99999#002,Controlledload,16/08/2025 01:30:00 PM,16/08/2025 01:59:59 PM,0.0,0,A
9000000001,90000000001,000000000009999999,MRIM,99999#001,Generalusage,16/08/2025 02:00:00 PM,16/08/2025 02:29:59 PM,0.31,0,A
9000000001,90000000001,000000000009999999,MRIM,99999#002,Controlledload,16/08/2025 02:00:00 PM,16/08/2025 02:29:59 PM,0.0,0,A
9000000001,90000000001,000000000009999999,MRIM,99999#001,Generalusage,16/08/2025 02:30:00 PM,16/08/2025 02:59:59 PM,0.24,0,A
9000000001,90000000001,000000000009999999,MRIM,99999#002,Controlledload,16/08/2025 02:30:00 PM,16/08/2025 02:59:59 PM,0.0,0,A
9000000001,90000000001,000000000009999999,MRIM,99999#001,Generalusage,16/08/2025 03:00:00 PM,16/08/2025 03:29:59 PM,0.227,0,A
9000000001,90000000001,000000000009999999,MRIM,99999#002,Controlledload,16/08/2025 03:00:00 PM,16/08/2025 03:29:59 PM,0.0,0,A
9000000001,90000000001,000000000009999999,MRIM,99999#001,Generalusage,16/08/2025 03:30:00 PM,16/08/2025 03:59:59 PM,0.136,0,A
9000000001,90000000001,000000000009999999,MRIM,99999#002,Controlledload,16/08/2025 03:30:00 PM,16/08/2025 03:59:59 PM,0.0,0,A
9000000001,90000000001,000000000009999999,MRIM,99999#001,Generalusage,16/08/2025 04:00:00 PM,16/08/2025 04:29:59 PM,0.184,0,A
9000000001,90000000001,000000000009999999,MRIM,99999#002,Controlledload,16/08/2025 04:00:00 PM,16/08/2025 04:29:59 PM,0.0,0,A
9000000001,90000000001,000000000009999999,MRIM,99999#001,Generalusage,16/08/2025 04:30:00 PM,16/08/2025 04:59:59 PM,0.15,0,A
9000000001,90000000001,000000000009999999,MRIM,99999#002,Controlledload,16/08/2025 04:30:00 PM,16/08/2025 04:59:59 PM,0.0,0,A
9000000001,90000000001,000000000009999999,MRIM,99999#001,Generalusage,16/08/2025 05:00:00 PM,16/08/2025 05:29:59 PM,0.273,0,A
9000000001,90000000001,000000000009999999,MRIM,99999#002,Controlledload,16/08/2025 05:00:00 PM,16/08/2025 05:29:59 PM,0.0,0,A
9000000001,90000000001,000000000009999999,MRIM,99999#001,Generalusage,16/08/2025 05:30:00 PM,16/08/2025 05:59:59 PM,0.341,0,A
9000000001,90000000001,000000000009999999,MRIM,99999#002,Controlledload,16/08/2025 05:30:00 PM,16/08/2025 05:59:59 PM,0.0,0,A
9000000001,90000000001,000000000009999999,MRIM,99999#001,Generalusage,16/08/2025 06:00:00 PM,16/08/2025 06:29:59 PM,0.471,0,A
9000000001,90000000001,000000000009999999,MRIM,99999#002,Controlledload,16/08/2025 06:00:00 PM,16/08/2025 06:29:59 PM,0.0,0,A
9000000001,90000000001,000000000009999999,MRIM,99999#001,Generalusage,16/08/2025 06:30:00 PM,16/08/2025 06:59:59 PM,0.614,0,A
9000000001,90000000001,000000000009999999,MRIM,99999#002,Controlledload,16/08/2025 06:30:00 PM,16/08/2025 06:59:59 PM,0.0,0,A
9000000001,90000000001,000000000009999999,MRIM,99999#001,Generalusage,16/08/2025 07:00:00 PM,16/08/2025 07:29:59 PM,0.682,0,A
9000000001,90000000001,000000000009999999,MRIM,99999#002,Controlledload,16/08/2025 07:00:00 PM,16/08/2025 07:29:59 PM,0.0,0,A
9000000001,90000000001,000000000009999999,MRIM,99999#001,Generalusage,16/08/2025 07:30:00 PM,16/08/2025 07:59:59 PM,0.604,0,A
9000000001,90000000001,000000000009999999,MRIM,99999#002,Controlledload,16/08/2025 07:30:00 PM,16/08/2025 07:59:59 PM,0.0,0,A
9000000001,90000000001,000000000009999999,MRIM,99999#001,Generalusage,16/08/2025 08:00:00 PM,16/08/2025 08:29:59 PM,0.502,0,A
9000000001,90000000001,000000000009999999,MRIM,99999#002,Controlledload,16/08/2025 08:00:00 PM,16/08/2025 08:29:59 PM,0.0,0,A
9000000001,90000000001,000000000009999999,MRIM,99999#001,Generalusage,16/08/2025 08:30:00 PM,16/08/2025 08:59:59 PM,0.349,0,A
9000000001,90000000001,000000000009999999,MRIM,99999#002,Controlledload,16/08/2025 08:30:00 PM,16/08/2025 08:59:59 PM,0.0,0,A
9000000001,90000000001,000000000009999999,MRIM,99999#001,Generalusage,16/08/2025 09:00:00 PM,16/08/2025 09:29:59 PM,0.215,0,A
9000000001,90000000001,000000000009999999,MRIM,99999#002,Controlledload,16/08/2025 09:00:00 PM,16/08/2025 09:29:59 PM,0.0,0,A
9000000001,90000000001,000000000009999999,MRIM,99999#001,Generalusage,16/08/2025 09:30:00 PM,16/08/2025 09:59:59 PM,0.145,0,A
9000000001,90000000001,000000000009999999,MRIM,99999#002,Controlledload,16/08/2025 09:30:00 PM,16/08/2025 09:59:59 PM,0.0,0,A
9000000001,90000000001,000000000009999999,MRIM,99999#001,Generalusage,16/08/2025 10:00:00 PM,16/08/2025 10:29:59 PM,0.078,0,A
9000000001,90000000001,000000000009999999,MRIM,99999#002,Controlledload,16/08/2025 10:00:00 PM,16/08/2025 10:29:59 PM,0.0,0,A
9000000001,90000000001,000000000009999999,MRIM,99999#001,Generalusage,16/08/2025 10:30:00 PM,16/08/2025 10:59:59 PM,0.09,0,A
9000000001,90000000001,000000000009999999,MRIM,99999#002,Controlledload,16/08/2025 10:30:00 PM,16/08/2025 10:59:59 PM,0.0,0,A
9000000001,90000000001,000000000009999999,MRIM,99999#001,Generalusage,16/08/2025 11:00:00 PM,16/08/2025 11:29:59 PM,0.033,0,A
9000000001,90000000001,000000000009999999,MRIM,99999#002,Controlledload,16/08/2025 11:00:00 PM,16/08/2025 11:29:59 PM,0.663,0,A
9000000001,90000000001,000000000009999999,MRIM,99999#001,Generalusage,16/08/2025 11:30:00 PM,16/08/2025 11:59:59 PM,0.068,0,A
9000000001,90000000001,000000000009999999,MRIM,99999#002,Controlledload,16/08/2025 11:30:00 PM,16/08/2025 11:59:59 PM,0.56,0,A
9000000001,90000000001,000000000009999999,MRIM,99999#001,Generalusage,17/08/2025 12:00:00 AM,17/08/2025 12:29:59 AM,0.082,0,A
9000000001,90000000001,000000000009999999,MRIM,99999#002,Controlledload,17/08/2025 12:00:00 AM,17/08/2025 12:29:59 AM,0.535,0,A
9000000001,90000000001,000000000009999999,MRIM,99999#001,Generalusage,17/08/2025 12:30:00 AM,17/08/2025 12:59:59 AM,0.055,0,A
9000000001,90000000001,000000000009999999,MRIM,99999#002,Controlledload,17/08/2025 12:30:00 AM,17/08/2025 12:59:59 AM,0.235,0,A
9000000001,90000000001,000000000009999999,MRIM,99999#001,Generalusage,17/08/2025 01:00:00 AM,17/08/2025 01:29:59 AM,0.076,0,A
9000000001,90000000001,000000000009999999,MRIM,99999#002,Controlledload,17/08/2025 01:00:00 AM,17/08/2025 01:29:59 AM,0.365,0,A
9000000001,90000000001,000000000009999999,MRIM,99999#001,Generalusage,17/08/2025 01:30:00 AM,17/08/2025 01:59:59 AM,0.052,0,A
9000000001,90000000001,000000000009999999,MRIM,99999#002,Controlledload,17/08/2025 01:30:00 AM,17/08/2025 01:59:59 AM,0.624,0,A
9000000001,90000000001,000000000009999999,MRIM,99999#001,Generalusage,17/08/2025 02:00:00 AM,17/08/2025 02:29:59 AM,0.08,0,A
9000000001,90000000001,000000000009999999,MRIM,99999#002,Controlledload,17/08/2025 02:00:00 AM,17/08/2025 02:29:59 AM,0.35,0,A
9000000001,90000000001,000000000009999999,MRIM,99999#001,Generalusage,17/08/2025 02:30:00 AM,17/08/2025 02:59:59 AM,0.052,0,A
9000000001,90000000001,000000000009999999,MRIM,99999#002,Controlledload,17/08/2025 02:30:00 AM,17/08/2025 02:59:59 AM,0.404,0,A
9000000001,90000000001,000000000009999999,MRIM,99999#001,Generalusage,17/08/2025 03:00:00 AM,17/08/2025 03:29:59 AM,0.058,0,A
9000000001,90000000001,000000000009999999,MRIM,99999#002,Controlledload,17/08/2025 03:00:00 AM,17/08/2025 03:29:59 AM,0.348,0,A
9000000001,90000000001,000000000009999999,MRIM,99999#001,Generalusage,17/08/2025 03:30:00 AM,17/08/2025 03:59:59 AM,0.039,0,A
9000000001,90000000001,000000000009999999,MRIM,99999#002,Controlledload,17/08/2025 03:30:00 AM,17/08/2025 03:59:59 AM,0.41,0,A
9000000001,90000000001,000000000009999999,MRIM,99999#001,Generalusage,17/08/2025 04:00:00 AM,17/08/2025 04:29:59 AM,0.097,0,A
9000000001,90000000001,000000000009999999,MRIM,99999#002,Controlledload,17/08/2025 04:00:00 AM,17/08/2025 04:29:59 AM,0.539,0,A
9000000001,90000000001,000000000009999999,MRIM,99999#001,Generalusage,17/08/2025 04:30:00 AM,17/08/2025 04:59:59 AM,0.097,0,A
9000000001,90000000001,000000000009999999,MRIM,99999#002,Controlledload,17/08/2025 04:30:00 AM,17/08/2025 04:59:59 AM,0.508,0,A
9000000001,90000000001,000000000009999999,MRIM,99999#001,Generalusage,17/08/2025 05:00:00 AM,17/08/2025 05:29:59 AM,0.066,0,A
9000000001,90000000001,000000000009999999,MRIM,99999#002,Controlledload,17/08/2025 05:00:00 AM,17/08/2025 05:29:59 AM,0.474,0,A
9000000001,90000000001,000000000009999999,MRIM,99999#001,Generalusage,17/08/2025 05:30:00 AM,17/08/2025 05:59:59 AM,0.077,0,A
9000000001,90000000001,000000000009999999,MRIM,99999#002,Controlledload,17/08/2025 05:30:00 AM,17/08/2025 05:59:59 AM,0.343,0,A
9000000001,90000000001,000000000009999999,MRIM,99999#001,Generalusage,17/08/2025 06:00:00 AM,17/08/2025 06:29:59 AM,0.174,0,A
9000000001,90000000001,000000000009999999,MRIM,99999#002,Controlledload,17/08/2025 06:00:00 AM,17/08/2025 06:29:59 AM,0.0,0,A
9000000001,90000000001,000000000009999999,MRIM,99999#001,Generalusage,17/08/2025 06:30:00 AM,17/08/2025 06:59:59 AM,0.283,0,A
9000000001,90000000001,000000000009999999,MRIM,99999#002,Controlledload,17/08/2025 06:30:00 AM,17/08/2025 06:59:59 AM,0.0,0,A
9000000001,90000000001,000000000009999999,MRIM,99999#001,Generalusage,17/08/2025 07:00:00 AM,17/08/2025 07:29:59 AM,0.385,0,A
9000000001,90000000001,000000000009999999,MRIM,99999#002,Controlledload,17/08/2025 07:00:00 AM,17/08/2025 07:29:59 AM,0.0,0,A
9000000001,90000000001,000000000009999999,MRIM,99999#001,Generalusage,17/08/2025 07:30:00 AM,17/08/2025 07:59:59 AM,0.414,0,A
9000000001,90000000001,000000000009999999,MRIM,99999#002,Controlledload,17/08/2025 07:30:00 AM,17/08/2025 07:59:59 AM,0.0,0,A
9000000001,90000000001,000000000009999999,MRIM,99999#001,Generalusage,17/08/2025 08:00:00 AM,17/08/2025 08:29:59 AM,0.374,0,A
9000000001,90000000001,000000000009999999,MRIM,99999#002,Controlledload,17/08/2025 08:00:00 AM,17/08/2025 08:29:59 AM,0.0,0,A
9000000001,90000000001,000000000009999999,MRIM,99999#001,Generalusage,17/08/2025 08:30:00 AM,17/08/2025 08:59:59 AM,0.266,0,A
9000000001,90000000001,000000000009999999,MRIM,99999#002,Controlledload,17/08/2025 08:30:00 AM,17/08/2025 08:59:59 AM,0.0,0,A
9000000001,90000000001,000000000009999999,MRIM,99999#001,Generalusage,17/08/2025 09:00:00 AM,17/08/2025 09:29:59 AM,0.194,0,A
9000000001,90000000001,000000000009999999,MRIM,99999#002,Controlledload,17/08/2025 09:00:00 AM,17/08/2025 09:29:59 AM,0.0,0,A
9000000001,90000000001,000000000009999999,MRIM,99999#001,Generalusage,17/08/2025 09:30:00 AM,17/08/2025 09:59:59 AM,0.173,0,A
9000000001,90000000001,000000000009999999,MRIM,99999#002,Controlledload,17/08/2025 09:30:00 AM,17/08/2025 09:59:59 AM,0.0,0,A
9000000001,90000000001,000000000009999999,MRIM,99999#001,Generalusage,17/08/2025 10:00:00 AM,17/08/2025 10:29:59 AM,0.157,0,A
9000000001,90000000001,000000000009999999,MRIM,99999#002,Controlledload,17/08/2025 10:00:00 AM,17/08/2025 10:29:59 AM,0.0,0,A
9000000001,90000000001,000000000009999999,MRIM,99999#001,Generalusage,17/08/2025 10:30:00 AM,17/08/2025 10:59:59 AM,0.134,0,A
9000000001,90000000001,000000000009999999,MRIM,99999#002,Controlledload,17/08/2025 10:30:00 AM,17/08/2025 10:59:59 AM,0.0,0,A
9000000001,90000000001,000000000009999999,MRIM,99999#001,Generalusage,17/08/2025 11:00:00 AM,17/08/2025 11:29:59 AM,0.165,0,A
9000000001,90000000001,000000000009999999,MRIM,99999#002,Controlledload,17/08/2025 11:00:00 AM,17/08/2025 11:29:59 AM,0.0,0,A
9000000001,90000000001,000000000009999999,MRIM,99999#001,Generalusage,17/08/2025 11:30:00 AM,17/08/2025 11:59:59 AM,0.238,0,A
9000000001,90000000001,000000000009999999,MRIM,99999#002,Controlledload,17/08/2025 11:30:00 AM,17/08/2025 11:59:59 AM,0.0,0,A
9000000001,90000000001,000000000009999999,MRIM,99999#001,Generalusage,17/08/2025 12:00:00 PM,17/08/2025 12:29:59 PM,0.286,0,A
9000000001,90000000001,000000000009999999,MRIM,99999#002,Controlledload,17/08/2025 12:00:00 PM,17/08/2025 12:29:59 PM,0.0,0,A
9000000001,90000000001,000000000009999999,MRIM,99999#001,Generalusage,17/08/2025 12:30:00 PM,17/08/2025 12:59:59 PM,0.293,0,A
9000000001,90000000001,000000000009999999,MRIM,99999#002,Controlledload,17/08/2025 12:30:00 PM,17/08/2025 12:59:59 PM,0.0,0,A
9000000001,90000000001,000000000009999999,MRIM,99999#001,Generalusage,17/08/2025 01:00:00 PM,17/08/2025 01:29:59 PM,0.337,0,A
9000000001,90000000001,000000000009999999,MRIM,99999#002,Controlledload,17/08/2025 01:00:00 PM,17/08/2025 01:29:59 PM,0.0,0,A
9000000001,90000000001,000000000009999999,MRIM,99999#001,Generalusage,17/08/2025 01:30:00 PM,17/08/2025 01:59:59 PM,0.322,0,A
9000000001,90000000001,000000000009999999,MRIM,99999#002,Controlledload,17/08/2025 01:30:00 PM,17/08/2025 01:59:59 PM,0.0,0,A
9000000001,90000000001,000000000009999999,MRIM,99999#001,Generalusage,17/08/2025 02:00:00 PM,17/08/2025 02:29:59 PM,0.289,0,A
9000000001,90000000001,000000000009999999,MRIM,99999#002,Controlledload,17/08/2025 02:00:00 PM,17/08/2025 02:29:59 PM,0.0,0,A
9000000001,90000000001,000000000009999999,MRIM,99999#001,Generalusage,17/08/2025 02:30:00 PM,17/08/2025 02:59:59 PM,0.218,0,A
9000000001,90000000001,000000000009999999,MRIM,99999#002,Controlledload,17/08/2025 02:30:00 PM,17/08/2025 02:59:59 PM,0.0,0,A
9000000001,90000000001,000000000009999999,MRIM,99999#001,Generalusage,17/08/2025 03:00:00 PM,17/08/2025 03:29:59 PM,0.175,0,A
9000000001,90000000001,000000000009999999,MRIM,99999#002,Controlledload,17/08/2025 03:00:00 PM,17/08/2025 03:29:59 PM,0.0,0,A
9000000001,90000000001,000000000009999999,MRIM,99999#001,Generalusage,17/08/2025 03:30:00 PM,17/08/2025 03:59:59 PM,0.13,0,A
9000000001,90000000001,000000000009999999,MRIM,99999#002,Controlledload,17/08/2025 03:30:00 PM,17/08/2025 03:59:59 PM,0.0,0,A
9000000001,90000000001,000000000009999999,MRIM,99999#001,Generalusage,17/08/2025 04:00:00 PM,17/08/2025 04:29:59 PM,0.133,0,A
9000000001,90000000001,000000000009999999,MRIM,99999#002,Controlledload,17/08/2025 04:00:00 PM,17/08/2025 04:29:59 PM,0.0,0,A
9000000001,90000000001,000000000009999999,MRIM,99999#001,Generalusage,17/08/2025 04:30:00 PM,17/08/2025 04:59:59 PM,0.17,0,A
9000000001,90000000001,000000000009999999,MRIM,99999#002,Controlledload,17/08/2025 04:30:00 PM,17/08/2025 04:59:59 PM,0.0,0,A
9000000001,90000000001,000000000009999999,MRIM,99999#001,Generalusage,17/08/2025 05:00:00 PM,17/08/2025 05:29:59 PM,0.265,0,A
9000000001,90000000001,000000000009999999,MRIM,99999#002,Controlledload,17/08/2025 05:00:00 PM,17/08/2025 05:29:59 PM,0.0,0,A
9000000001,90000000001,000000000009999999,MRIM,99999#001,Generalusage,17/08/2025 05:30:00 PM,17/08/2025 05:59:59 PM,0.327,0,A
9000000001,90000000001,000000000009999999,MRIM,99999#002,Controlledload,17/08/2025 05:30:00 PM,17/08/2025 05:59:59 PM,0.0,0,A
9000000001,90000000001,000000000009999999,MRIM,99999#001,Generalusage,17/08/2025 06:00:00 PM,17/08/2025 06:29:59 PM,0.493,0,A
9000000001,90000000001,000000000009999999,MRIM,99999#002,Controlledload,17/08/2025 06:00:00 PM,17/08/2025 06:29:59 PM,0.0,0,A
9000000001,90000000001,000000000009999999,MRIM,99999#001,Generalusage,17/08/2025 06:30:00 PM,17/08/2025 06:59:59 PM,0.628,0,A
9000000001,90000000001,000000000009999999,MRIM,99999#002,Controlledload,17/08/2025 06:30:00 PM,17/08/2025 06:59:59 PM,0.0,0,A
9000000001,90000000001,000000000009999999,MRIM,99999#001,Generalusage,17/08/2025 07:00:00 PM,17/08/2025 07:29:59 PM,0.644,0,A
9000000001,90000000001,000000000009999999,MRIM,99999#002,Controlledload,17/08/2025 07:00:00 PM,17/08/2025 07:29:59 PM,0.0,0,A
9000000001,90000000001,000000000009999999,MRIM,99999#001,Generalusage,17/08/2025 07:30:00 PM,17/08/2025 07:59:59 PM,0.631,0,A
9000000001,90000000001,000000000009999999,MRIM,99999#002,Controlledload,17/08/2025 07:30:00 PM,17/08/2025 07:59:59 PM,0.0,0,A
9000000001,90000000001,000000000009999999,MRIM,99999#001,Generalusage,17/08/2025 08:00:00 PM,17/08/2025 08:29:59 PM,0.495,0,A
9000000001,90000000001,000000000009999999,MRIM,99999#002,Controlledload,17/08/2025 08:00:00 PM,17/08/2025 08:29:59 PM,0.0,0,A
9000000001,90000000001,000000000009999999,MRIM,99999#001,Generalusage,17/08/2025 08:30:00 PM,17/08/2025 08:59:59 PM,0.331,0,A
9000000001,90000000001,000000000009999999,MRIM,99999#002,Controlledload,17/08/2025 08:30:00 PM,17/08/2025 08:59:59 PM,0.0,0,A
9000000001,90000000001,000000000009999999,MRIM,99999#001,Generalusage,17/08/2025 09:00:00 PM,17/08/2025 09:29:59 PM,0.234,0,A
9000000001,90000000001,000000000009999999,MRIM,99999#002,Controlledload,17/08/2025 09:00:00 PM,17/08/2025 09:29:59 PM,0.0,0,A
9000000001,90000000001,000000000009999999,MRIM,99999#001,Generalusage,17/08/2025 09:30:00 PM,17/08/2025 09:59:59 PM,0.105,0,A
9000000001,90000000001,000000000009999999,MRIM,99999#002,Controlledload,17/08/2025 09:30:00 PM,17/08/2025 09:59:59 PM,0.0,0,A
9000000001,90000000001,000000000009999999,MRIM,99999#001,Generalusage,17/08/2025 10:00:00 PM,17/08/2025 10:29:59 PM,0.112,0,A
9000000001,90000000001,000000000009999999,MRIM,99999#002,Controlledload,17/08/2025 10:00:00 PM,17/08/2025 10:29:59 PM,0.0,0,A
9000000001,90000000001,000000000009999999,MRIM,99999#001,Generalusage,17/08/2025 10:30:00 PM,17/08/2025 10:59:59 PM,0.094,0,A
9000000001,90000000001,000000000009999999,MRIM,99999#002,Controlledload,17/08/2025 10:30:00 PM,17/08/2025 10:59:59 PM,0.0,0,A
9000000001,90000000001,000000000009999999,MRIM,99999#001,Generalusage,17/08/2025 11:00:00 PM,17/08/2025 11:29:59 PM,0.04,0,A
9000000001,90000000001,000000000009999999,MRIM,99999#002,Controlledload,17/08/2025 11:00:00 PM,17/08/2025 11:29:59 PM,0.413,0,A
9000000001,90000000001,000000000009999999,MRIM,99999#001,Generalusage,17/08/2025 11:30:00 PM,17/08/2025 11:59:59 PM,0.043,0,A
9000000001,90000000001,000000000009999999,MRIM,99999#002,Controlledload,17/08/2025 11:30:00 PM,17/08/2025 11:59:59 PM,0.679,0,A
9000000001,90000000001,000000000009999999,MRIM,99999#001,Generalusage,18/08/2025 12:00:00 AM,18/08/2025 12:29:59 AM,0.066,0,A
9000000001,90000000001,000000000009999999,MRIM,99999#002,Controlledload,18/08/2025 12:00:00 AM,18/08/2025 12:29:59 AM,0.225,0,A
9000000001,90000000001,000000000009999999,MRIM,99999#001,Generalusage,18/08/2025 12:30:00 AM,18/08/2025 12:59:59 AM,0.047,0,A
9000000001,90000000001,000000000009999999,MRIM,99999#002,Controlledload,18/08/2025 12:30:00 AM,18/08/2025 12:59:59 AM,0.624,0,A
9000000001,90000000001,000000000009999999,MRIM,99999#001,Generalusage,18/08/2025 01:00:00 AM,18/08/2025 01:29:59 AM,0.062,0,A
9000000001,90000000001,000000000009999999,MRIM,99999#002,Controlledload,18/08/2025 01:00:00 AM,18/08/2025 01:29:59 AM,0.601,0,A
9000000001,90000000001,000000000009999999,MRIM,99999#001,Generalusage,18/08/2025 01:30:00 AM,18/08/2025 01:59:59 AM,0.077,0,A
9000000001,90000000001,000000000009999999,MRIM,99999#002,Controlledload,18/08/2025 01:30:00 AM,18/08/2025 01:59:59 AM,0.694,0,A
9000000001,90000000001,000000000009999999,MRIM,99999#001,Generalusage,18/08/2025 02:00:00 AM,18/08/2025 02:29:59 AM,0.072,0,A
9000000001,90000000001,000000000009999999,MRIM,99999#002,Controlledload,18/08/2025 02:00:00 AM,18/08/2025 02:29:59 AM,0.675,0,A
9000000001,90000000001,000000000009999999,MRIM,99999#001,Generalusage,18/08/2025 02:30:00 AM,18/08/2025 02:59:59 AM,0.092,0,A
9000000001,90000000001,000000000009999999,MRIM,99999#002,Controlledload,18/08/2025 02:30:00 AM,18/08/2025 02:59:59 AM,0.506,0,A
9000000001,90000000001,000000000009999999,MRIM,99999#001,Generalusage,18/08/2025 03:00:00 AM,18/08/2025 03:29:59 AM,0.08,0,A
9000000001,90000000001,000000000009999999,MRIM,99999#002,Controlledload,18/08/2025 03:00:00 AM,18/08/2025 03:29:59 AM,0.452,0,A
9000000001,90000000001,000000000009999999,MRIM,99999#001,Generalusage,18/08/2025 03:30:00 AM,18/08/2025 03:59:59 AM,0.088,0,A
9000000001,90000000001,000000000009999999,MRIM,99999#002,Controlledload,18/08/2025 03:30:00 AM,18/08/2025 03:59:59 AM,0.474,0,A
9000000001,90000000001,000000000009999999,MRIM,99999#001,Generalusage,18/08/2025 04:00:00 AM,18/08/2025 04:29:59 AM,0.094,0,A
9000000001,90000000001,000000000009999999,MRIM,99999#002,Controlledload,18/08/2025 04:00:00 AM,18/08/2025 04:29:59 AM,0.572,0,A
9000000001,90000000001,000000000009999999,MRIM,99999#001,Generalusage,18/08/2025 04:30:00 AM,18/08/2025 04:59:59 AM,0.067,0,A
9000000001,90000000001,000000000009999999,MRIM,99999#002,Controlledload,18/08/2025 04:30:00 AM,18/08/2025 04:59:59 AM,0.33,0,A
9000000001,90000000001,000000000009999999,MRIM,99999#001,Generalusage,18/08/2025 05:00:00 AM,18/08/2025 05:29:59 AM,0.063,0,A
9000000001,90000000001,000000000009999999,MRIM,99999#002,Controlledload,18/08/2025 05:00:00 AM,18/08/2025 05:29:59 AM,0.519,0,A
9000000001,90000000001,000000000009999999,MRIM,99999#001,Generalusage,18/08/2025 05:30:00 AM,18/08/2025 05:59:59 AM,0.131,0,A
9000000001,90000000001,000000000009999999,MRIM,99999#002,Controlledload,18/08/2025 05:30:00 AM,18/08/2025 05:59:59 AM,0.461,0,A
9000000001,90000000001,000000000009999999,MRIM,99999#001,Generalusage,18/08/2025 06:00:00 AM,18/08/2025 06:29:59 AM,0.188,0,A
9000000001,90000000001,000000000009999999,MRIM,99999#002,Controlledload,18/08/2025 06:00:00 AM,18/08/2025 06:29:59 AM,0.0,0,A
9000000001,90000000001,000000000009999999,MRIM,99999#001,Generalusage,18/08/2025 06:30:00 AM,18/08/2025 06:59:59 AM,0.262,0,A
9000000001,90000000001,000000000009999999,MRIM,99999#002,Controlledload,18/08/2025 06:30:00 AM,18/08/2025 06:59:59 AM,0.0,0,A
9000000001,90000000001,000000000009999999,MRIM,99999#001,Generalusage,18/08/2025 07:00:00 AM,18/08/2025 07:29:59 AM,0.344,0,A
9000000001,90000000001,000000000009999999,MRIM,99999#002,Controlledload,18/08/2025 07:00:00 AM,18/08/2025 07:29:59 AM,0.0,0,A
9000000001,90000000001,000000000009999999,MRIM,99999#001,Generalusage,18/08/2025 07:30:00 AM,18/08/2025 07:59:59 AM,0.4,0,A
9000000001,90000000001,000000000009999999,MRIM,99999#002,Controlledload,18/08/2025 07:30:00 AM,18/08/2025 07:59:59 AM,0.0,0,A
9000000001,90000000001,000000000009999999,MRIM,99999#001,Generalusage,18/08/2025 08:00:00 AM,18/08/2025 08:29:59 AM,0.359,0,A
9000000001,90000000001,000000000009999999,MRIM,99999#002,Controlledload,18/08/2025 08:00:00 AM,18/08/2025 08:29:59 AM,0.0,0,A
9000000001,90000000001,000000000009999999,MRIM,99999#001,Generalusage,18/08/2025 08:30:00 AM,18/08/2025 08:59:59 AM,0.266,0,A
9000000001,90000000001,000000000009999999,MRIM,99999#002,Controlledload,18/08/2025 08:30:00 AM,18/08/2025 08:59:59 AM,0.0,0,A
9000000001,90000000001,000000000009999999,MRIM,99999#001,Generalusage,18/08/2025 09:00:00 AM,18/08/2025 09:29:59 AM,0.185,0,A
9000000001,90000000001,000000000009999999,MRIM,99999#002,Controlledload,18/08/2025 09:00:00 AM,18/08/2025 09:29:59 AM,0.0,0,A
9000000001,90000000001,000000000009999999,MRIM,99999#001,Generalusage,18/08/2025 09:30:00 AM,18/08/2025 09:59:59 AM,0.094,0,A
9000000001,90000000001,000000000009999999,MRIM,99999#002,Controlledload,18/08/2025 09:30:00 AM,18/08/2025 09:59:59 AM,0.0,0,A
9000000001,90000000001,000000000009999999,MRIM,99999#001,Generalusage,18/08/2025 10:00:00 AM,18/08/2025 10:29:59 AM,0.073,0,A
9000000001,90000000001,000000000009999999,MRIM,99999#002,Controlledload,18/08/2025 10:00:00 AM,18/08/2025 10:29:59 AM,0.0,0,A
9000000001,90000000001,000000000009999999,MRIM,99999#001,Generalusage,18/08/2025 10:30:00 AM,18/08/2025 10:59:59 AM,0.1,0,A
9000000001,90000000001,000000000009999999,MRIM,99999#002,Controlledload,18/08/2025 10:30:00 AM,18/08/2025 10:59:59 AM,0.0,0,A
9000000001,90000000001,000000000009999999,MRIM,99999#001,Generalusage,18/08/2025 11:00:00 AM,18/08/2025 11:29:59 AM,0.106,0,A
9000000001,90000000001,000000000009999999,MRIM,99999#002,Controlledload,18/08/2025 11:00:00 AM,18/08/2025 11:29:59 AM,0.0,0,A
9000000001,90000000001,000000000009999999,MRIM,99999#001,Generalusage,18/08/2025 11:30:00 AM,18/08/2025 11:59:59 AM,0.069,0,A
9000000001,90000000001,000000000009999999,MRIM,99999#002,Controlledload,18/08/2025 11:30:00 AM,18/08/2025 11:59:59 AM,0.0,0,A
9000000001,90000000001,000000000009999999,MRIM,99999#001,Generalusage,18/08/2025 12:00:00 PM,18/08/2025 12:29:59 PM,0.101,0,A
9000000001,90000000001,000000000009999999,MRIM,99999#002,Controlledload,18/08/2025 12:00:00 PM,18/08/2025 12:29:59 PM,0.0,0,A
9000000001,90000000001,000000000009999999,MRIM,99999#001,Generalusage,18/08/2025 12:30:00 PM,18/08/2025 12:59:59 PM,0.116,0,A
9000000001,90000000001,000000000009999999,MRIM,99999#002,Controlledload,18/08/2025 12:30:00 PM,18/08/2025 12:59:59 PM,0.0,0,A
9000000001,90000000001,000000000009999999,MRIM,99999#001,Generalusage,18/08/2025 01:00:00 PM,18/08/2025 01:29:59 PM,0.109,0,A
9000000001,90000000001,000000000009999999,MRIM,99999#002,Controlledload,18/08/2025 01:00:00 PM,18/08/2025 01:29:59 PM,0.0,0,A
9000000001,90000000001,000000000009999999,MRIM,99999#001,Generalusage,18/08/2025 01:30:00 PM,18/08/2025 01:59:59 PM,0.092,0,A
9000000001,90000000001,000000000009999999,MRIM,99999#002,Controlledload,18/08/2025 01:30:00 PM,18/08/2025 01:59:59 PM,0.0,0,A
9000000001,90000000001,000000000009999999,MRIM,99999#001,Generalusage,18/08/2025 02:00:00 PM,18/08/2025 02:29:59 PM,0.102,0,A
9000000001,90000000001,000000000009999999,MRIM,99999#002,Controlledload,18/08/2025 02:00:00 PM,18/08/2025 02:29:59 PM,0.0,0,A
9000000001,90000000001,000000000009999999,MRIM,99999#001,Generalusage,18/08/2025 02:30:00 PM,18/08/2025 02:59:59 PM,0.128,0,A
9000000001,90000000001,000000000009999999,MRIM,99999#002,Controlledload,18/08/2025 02:30:00 PM,18/08/2025 02:59:59 PM,0.0,0,A
9000000001,90000000001,000000000009999999,MRIM,99999#001,Generalusage,18/08/2025 03:00:00 PM,18/08/2025 03:29:59 PM,0.099,0,A
9000000001,90000000001,000000000009999999,MRIM,99999#002,Controlledload,18/08/2025 03:00:00 PM,18/08/2025 03:29:59 PM,0.0,0,A
9000000001,90000000001,000000000009999999,MRIM,99999#001,Generalusage,18/08/2025 03:30:00 PM,18/08/2025 03:59:59 PM,0.106,0,A
9000000001,90000000001,000000000009999999,MRIM,99999#002,Controlledload,18/08/2025 03:30:00 PM,18/08/2025 03:59:59 PM,0.0,0,A
9000000001,90000000001,000000000009999999,MRIM,99999#001,Generalusage,18/08/2025 04:00:00 PM,18/08/2025 04:29:59 PM,0.131,0,A
9000000001,90000000001,000000000009999999,MRIM,99999#002,Controlledload,18/08/2025 04:00:00 PM,18/08/2025 04:29:59 PM,0.0,0,A
9000000001,90000000001,000000000009999999,MRIM,99999#001,Generalusage,18/08/2025 04:30:00 PM,18/08/2025 04:59:59 PM,0.165,0,A
9000000001,90000000001,000000000009999999,MRIM,99999#002,Controlledload,18/08/2025 04:30:00 PM,18/08/2025 04:59:59 PM,0.0,0,A
9000000001,90000000001,000000000009999999,MRIM,99999#001,Generalusage,18/08/2025 05:00:00 PM,18/08/2025 05:29:59 PM,0.218,0,A
9000000001,90000000001,000000000009999999,MRIM,99999#002,Controlledload,18/08/2025 05:00:00 PM,18/08/2025 05:29:59 PM,0.0,0,A
9000000001,90000000001,000000000009999999,MRIM,99999#001,Generalusage,18/08/2025 05:30:00 PM,18/08/2025 05:59:59 PM,0.316,0,A
9000000001,90000000001,000000000009999999,MRIM,99999#002,Controlledload,18/08/2025 05:30:00 PM,18/08/2025 05:59:59 PM,0.0,0,A
9000000001,90000000001,000000000009999999,MRIM,99999#001,Generalusage,18/08/2025 06:00:00 PM,18/08/2025 06:29:59 PM,0.485,0,A
9000000001,90000000001,000000000009999999,MRIM,99999#002,Controlledload,18/08/2025 06:00:00 PM,18/08/2025 06:29:59 PM,0.0,0,A
9000000001,90000000001,000000000009999999,MRIM,99999#001,Generalusage,18/08/2025 06:30:00 PM,18/08/2025 06:59:59 PM,0.635,0,A
9000000001,90000000001,000000000009999999,MRIM,99999#002,Controlledload,18/08/2025 06:30:00 PM,18/08/2025 06:59:59 PM,0.0,0,A
9000000001,90000000001,000000000009999999,MRIM,99999#001,Generalusage,18/08/2025 07:00:00 PM,18/08/2025 07:29:59 PM,0.69,0,A
9000000001,90000000001,000000000009999999,MRIM,99999#002,Controlledload,18/08/2025 07:00:00 PM,18/08/2025 07:29:59 PM,0.0,0,A
9000000001,90000000001,000000000009999999,MRIM,99999#001,Generalusage,18/08/2025 07:30:00 PM,18/08/2025 07:59:59 PM,0.649,0,A
9000000001,90000000001,000000000009999999,MRIM,99999#002,Controlledload,18/08/2025 07:30:00 PM,18/08/2025 07:59:59 PM,0.0,0,A
9000000001,90000000001,000000000009999999,MRIM,99999#001,Generalusage,18/08/2025 08:00:00 PM,18/08/2025 08:29:59 PM,0.489,0,A
9000000001,90000000001,000000000009999999,MRIM,99999#002,Controlledload,18/08/2025 08:00:00 PM,18/08/2025 08:29:59 PM,0.0,0,A
9000000001,90000000001,000000000009999999,MRIM,99999#001,Generalusage,18/08/2025 08:30:00 PM,18/08/2025 08:59:59 PM,0.366,0,A
9000000001,90000000001,000000000009999999,MRIM,99999#002,Controlledload,18/08/2025 08:30:00 PM,18/08/2025 08:59:59 PM,0.0,0,A
9000000001,90000000001,000000000009999999,MRIM,99999#001,Generalusage,18/08/2025 09:00:00 PM,18/08/2025 09:29:59 PM,0.226,0,A
9000000001,90000000001,000000000009999999,MRIM,99999#002,Controlledload,18/08/2025 09:00:00 PM,18/08/2025 09:29:59 PM,0.0,0,A
9000000001,90000000001,000000000009999999,MRIM,99999#001,Generalusage,18/08/2025 09:30:00 PM,18/08/2025 09:59:59 PM,0.147,0,A
9000000001,90000000001,000000000009999999,MRIM,99999#002,Controlledload,18/08/2025 09:30:00 PM,18/08/2025 09:59:59 PM,0.0,0,A
9000000001,90000000001,000000000009999999,MRIM,99999#001,Generalusage,18/08/2025 10:00:00 PM,18/08/2025 10:29:59 PM,0.075,0,A
9000000001,90000000001,000000000009999999,MRIM,99999#002,Controlledload,18/08/2025 10:00:00 PM,18/08/2025 10:29:59 PM,0.0,0,A
9000000001,90000000001,000000000009999999,MRIM,99999#001,Generalusage,18/08/2025 10:30:00 PM,18/08/2025 10:59:59 PM,0.055,0,A
9000000001,90000000001,000000000009999999,MRIM,99999#002,Controlledload,18/08/2025 10:30:00 PM,18/08/2025 10:59:59 PM,0.0,0,A
9000000001,90000000001,000000000009999999,MRIM,99999#001,Generalusage,18/08/2025 11:00:00 PM,18/08/2025 11:29:59 PM,0.063,0,A
9000000001,90000000001,000000000009999999,MRIM,99999#002,Controlledload,18/08/2025 11:00:00 PM,18/08/2025 11:29:59 PM,0.215,0,A
9000000001,90000000001,000000000009999999,MRIM,99999#001,Generalusage,18/08/2025 11:30:00 PM,18/08/2025 11:59:59 PM,0.054,0,A
9000000001,90000000001,000000000009999999,MRIM,99999#002,Controlledload,18/08/2025 11:30:00 PM,18/08/2025 11:59:59 PM,0.54,0,A
9000000001,90000000001,000000000009999999,MRIM,99999#001,Generalusage,19/08/2025 12:00:00 AM,19/08/2025 12:29:59 AM,0.058,0,A
9000000001,90000000001,000000000009999999,MRIM,99999#002,Controlledload,19/08/2025 12:00:00 AM,19/08/2025 12:29:59 AM,0.283,0,A
9000000001,90000000001,000000000009999999,MRIM,99999#001,Generalusage,19/08/2025 12:30:00 AM,19/08/2025 12:59:59 AM,0.063,0,A
9000000001,90000000001,000000000009999999,MRIM,99999#002,Controlledload,19/08/2025 12:30:00 AM,19/08/2025 12:59:59 AM,0.264,0,A
9000000001,90000000001,000000000009999999,MRIM,99999#001,Generalusage,19/08/2025 01:00:00 AM,19/08/2025 01:29:59 AM,0.074,0,A
9000000001,90000000001,000000000009999999,MRIM,99999#002,Controlledload,19/08/2025 01:00:00 AM,19/08/2025 01:29:59 AM,0.213,0,A
9000000001,90000000001,000000000009999999,MRIM,99999#001,Generalusage,19/08/2025 01:30:00 AM,19/08/2025 01:59:59 AM,0.058,0,A
9000000001,90000000001,000000000009999999,MRIM,99999#002,Controlledload,19/08/2025 01:30:00 AM,19/08/2025 01:59:59 AM,0.482,0,A
9000000001,90000000001,000000000009999999,MRIM,99999#001,Generalusage,19/08/2025 02:00:00 AM,19/08/2025 02:29:59 AM,0.032,0,A
9000000001,90000000001,000000000009999999,MRIM,99999#002,Controlledload,19/08/2025 02:00:00 AM,19/08/2025 02:29:59 AM,0.521,0,A
9000000001,90000000001,000000000009999999,MRIM,99999#001,Generalusage,19/08/2025 02:30:00 AM,19/08/2025 02:59:59 AM,0.04,0,A
9000000001,90000000001,000000000009999999,MRIM,99999#002,Controlledload,19/08/2025 02:30:00 AM,19/08/2025 02:59:59 AM,0.431,0,A
9000000001,90000000001,000000000009999999,MRIM,99999#001,Generalusage,19/08/2025 03:00:00 AM,19/08/2025 03:29:59 AM,0.034,0,A
9000000001,90000000001,000000000009999999,MRIM,99999#002,Controlledload,19/08/2025 03:00:00 AM,19/08/2025 03:29:59 AM,0.39,0,A
9000000001,90000000001,000000000009999999,MRIM,99999#001,Generalusage,19/08/2025 03:30:00 AM,19/08/2025 03:59:59 AM,0.045,0,A
9000000001,90000000001,000000000009999999,MRIM,99999#002,Controlledload,19/08/2025 03:30:00 AM,19/08/2025 03:59:59 AM,0.363,0,A
9000000001,90000000001,000000000009999999,MRIM,99999#001,Generalusage,19/08/2025 04:00:00 AM,19/08/2025 04:29:59 AM,0.084,0,A
9000000001,90000000001,000000000009999999,MRIM,99999#002,Controlledload,19/08/2025 04:00:00 AM,19/08/2025 04:29:59 AM,0.39,0,A
9000000001,90000000001,000000000009999999,MRIM,99999#001,Generalusage,19/08/2025 04:30:00 AM,19/08/2025 04:59:59 AM,0.087,0,A
9000000001,90000000001,000000000009999999,MRIM,99999#002,Controlledload,19/08/2025 04:30:00 AM,19/08/2025 04:59:59 AM,0.616,0,A
9000000001,90000000001,000000000009999999,MRIM,99999#001,Generalusage,19/08/2025 05:00:00 AM,19/08/2025 05:29:59 AM,0.063,0,A
9000000001,90000000001,000000000009999999,MRIM,99999#002,Controlledload,19/08/2025 05:00:00 AM,19/08/2025 05:29:59 AM,0.241,0,A
9000000001,90000000001,000000000009999999,MRIM,99999#001,Generalusage,19/08/2025 05:30:00 AM,19/08/2025 05:59:59 AM,0.079,0,A
9000000001,90000000001,000000000009999999,MRIM,99999#002,Controlledload,19/08/2025 05:30:00 AM,19/08/2025 05:59:59 AM,0.47,0,A
9000000001,90000000001,000000000009999999,MRIM,99999#001,Generalusage,19/08/2025 06:00:00 AM,19/08/2025 06:29:59 AM,0.214,0,A
9000000001,90000000001,000000000009999999,MRIM,99999#002,Controlledload,19/08/2025 06:00:00 AM,19/08/2025 06:29:59 AM,0.0,0,A
9000000001,90000000001,000000000009999999,MRIM,99999#001,Generalusage,19/08/2025 06:30:00 AM,19/08/2025 06:59:59 AM,0.267,0,A
9000000001,90000000001,000000000009999999,MRIM,99999#002,Controlledload,19/08/2025 06:30:00 AM,19/08/2025 06:59:59 AM,0.0,0,A
9000000001,90000000001,000000000009999999,MRIM,99999#001,Generalusage,19/08/2025 07:00:00 AM,19/08/2025 07:29:59 AM,0.385,0,A
9000000001,90000000001,000000000009999999,MRIM,99999#002,Controlledload,19/08/2025 07:00:00 AM,19/08/2025 07:29:59 AM,0.0,0,A
9000000001,90000000001,000000000009999999,MRIM,99999#001,Generalusage,19/08/2025 07:30:00 AM,19/08/2025 07:59:59 AM,0.435,0,A
9000000001,90000000001,000000000009999999,MRIM,99999#002,Controlledload,19/08/2025 07:30:00 AM,19/08/2025 07:59:59 AM,0.0,0,A
9000000001,90000000001,000000000009999999,MRIM,99999#001,Generalusage,19/08/2025 08:00:00 AM,19/08/2025 08:29:59 AM,0.385,0,A
9000000001,90000000001,000000000009999999,MRIM,99999#002,Controlledload,19/08/2025 08:00:00 AM,19/08/2025 08:29:59 AM,0.0,0,A
9000000001,90000000001,000000000009999999,MRIM,99999#001,Generalusage,19/08/2025 08:30:00 AM,19/08/2025 08:59:59 AM,0.297,0,A
9000000001,90000000001,000000000009999999,MRIM,99999#002,Controlledload,19/08/2025 08:30:00 AM,19/08/2025 08:59:59 AM,0.0,0,A
9000000001,90000000001,000000000009999999,MRIM,99999#001,Generalusage,19/08/2025 09:00:00 AM,19/08/2025 09:29:59 AM,0.214,0,A
9000000001,90000000001,000000000009999999,MRIM,99999#002,Controlledload,19/08/2025 09:00:00 AM,19/08/2025 09:29:59 AM,0.0,0,A
9000000001,90000000001,000000000009999999,MRIM,99999#001,Generalusage,19/08/2025 09:30:00 AM,19/08/2025 09:59:59 AM,0.098,0,A
9000000001,90000000001,000000000009999999,MRIM,99999#002,Controlledload,19/08/2025 09:30:00 AM,19/08/2025 09:59:59 AM,0.0,0,A
9000000001,90000000001,000000000009999999,MRIM,99999#001,Generalusage,19/08/2025 10:00:00 AM,19/08/2025 10:29:59 AM,0.058,0,A
9000000001,90000000001,000000000009999999,MRIM,99999#002,Controlledload,19/08/2025 10:00:00 AM,19/08/2025 10:29:59 AM,0.0,0,A
9000000001,90000000001,000000000009999999,MRIM,99999#001,Generalusage,19/08/2025 10:30:00 AM,19/08/2025 10:59:59 AM,0.062,0,A
9000000001,90000000001,000000000009999999,MRIM,99999#002,Controlledload,19/08/2025 10:30:00 AM,19/08/2025 10:59:59 AM,0.0,0,A
9000000001,90000000001,000000000009999999,MRIM,99999#001,Generalusage,19/08/2025 11:00:00 AM,19/08/2025 11:29:59 AM,0.065,0,A
9000000001,90000000001,000000000009999999,MRIM,99999#002,Controlledload,19/08/2025 11:00:00 AM,19/08/2025 11:29:59 AM,0.0,0,A
9000000001,90000000001,000000000009999999,MRIM,99999#001,Generalusage,19/08/2025 11:30:00 AM,19/08/2025 11:59:59 AM,0.111,0,A
9000000001,90000000001,000000000009999999,MRIM,99999#002,Controlledload,19/08/2025 11:30:00 AM,19/08/2025 11:59:59 AM,0.0,0,A
9000000001,90000000001,000000000009999999,MRIM,99999#001,Generalusage,19/08/2025 12:00:00 PM,19/08/2025 12:29:59 PM,0.112,0,A
9000000001,90000000001,000000000009999999,MRIM,99999#002,Controlledload,19/08/2025 12:00:00 PM,19/08/2025 12:29:59 PM,0.0,0,A
9000000001,90000000001,000000000009999999,MRIM,99999#001,Generalusage,19/08/2025 12:30:00 PM,19/08/2025 12:59:59 PM,0.093,0,A
9000000001,90000000001,000000000009999999,MRIM,99999#002,Controlledload,19/08/2025 12:30:00 PM,19/08/2025 12:59:59 PM,0.0,0,A
9000000001,90000000001,000000000009999999,MRIM,99999#001,Generalusage,19/08/2025 01:00:00 PM,19/08/2025 01:29:59 PM,0.129,0,A
9000000001,90000000001,000000000009999999,MRIM,99999#002,Controlledload,19/08/2025 01:00:00 PM,19/08/2025 01:29:59 PM,0.0,0,A
9000000001,90000000001,000000000009999999,MRIM,99999#001,Generalusage,19/08/2025 01:30:00 PM,19/08/2025 01:59:59 PM,0.132,0,A
9000000001,90000000001,000000000009999999,MRIM,99999#002,Controlledload,19/08/2025 01:30:00 PM,19/08/2025 01:59:59 PM,0.0,0,A
9000000001,90000000001,000000000009999999,MRIM,99999#001,Generalusage,19/08/2025 02:00:00 PM,19/08/2025 02:29:59 PM,0.084,0,A
9000000001,90000000001,000000000009999999,MRIM,99999#002,Controlledload,19/08/2025 02:00:00 PM,19/08/2025 02:29:59 PM,0.0,0,A
9000000001,90000000001,000000000009999999,MRIM,99999#001,Generalusage,19/08/2025 02:30:00 PM,19/08/2025 02:59:59 PM,0.108,0,A
9000000001,90000000001,000000000009999999,MRIM,99999#002,Controlledload,19/08/2025 02:30:00 PM,19/08/2025 02:59:59 PM,0.0,0,A
9000000001,90000000001,000000000009999999,MRIM,99999#001,Generalusage,19/08/2025 03:00:00 PM,19/08/2025 03:29:59 PM,0.111,0,A
9000000001,90000000001,000000000009999999,MRIM,99999#002,Controlledload,19/08/2025 03:00:00 PM,19/08/2025 03:29:59 PM,0.0,0,A
9000000001,90000000001,000000000009999999,MRIM,99999#001,Generalusage,19/08/2025 03:30:00 PM,19/08/2025 03:59:59 PM,0.066,0,A
9000000001,90000000001,000000000009999999,MRIM,99999#002,Controlledload,19/08/2025 03:30:00 PM,19/08/2025 03:59:59 PM,0.0,0,A
9000000001,90000000001,000000000009999999,MRIM,99999#001,Generalusage,19/08/2025 04:00:00 PM,19/08/2025 04:29:59 PM,0.128,0,A
9000000001,90000000001,000000000009999999,MRIM,99999#002,Controlledload,19/08/2025 04:00:00 PM,19/08/2025 04:29:59 PM,0.0,0,A
9000000001,90000000001,000000000009999999,MRIM,99999#001,Generalusage,19/08/2025 04:30:00 PM,19/08/2025 04:59:59 PM,0.179,0,A
9000000001,90000000001,000000000009999999,MRIM,99999#002,Controlledload,19/08/2025 04:30:00 PM,19/08/2025 04:59:59 PM,0.0,0,A
9000000001,90000000001,000000000009999999,MRIM,99999#001,Generalusage,19/08/2025 05:00:00 PM,19/08/2025 05:29:59 PM,0.199,0,A
9000000001,90000000001,000000000009999999,MRIM,99999#002,Controlledload,19/08/2025 05:00:00 PM,19/08/2025 05:29:59 PM,0.0,0,A
9000000001,90000000001,000000000009999999,MRIM,99999#001,Generalusage,19/08/2025 05:30:00 PM,19/08/2025 05:59:59 PM,0.317,0,A
9000000001,90000000001,000000000009999999,MRIM,99999#002,Controlledload,19/08/2025 05:30:00 PM,19/08/2025 05:59:59 PM,0.0,0,A
9000000001,90000000001,000000000009999999,MRIM,99999#001,Generalusage,19/08/2025 06:00:00 PM,19/08/2025 06:29:59 PM,0.483,0,A
9000000001,90000000001,000000000009999999,MRIM,99999#002,Controlledload,19/08/2025 06:00:00 PM,19/08/2025 06:29:59 PM,0.0,0,A
9000000001,90000000001,000000000009999999,MRIM,99999#001,Generalusage,19/08/2025 06:30:00 PM,19/08/2025 06:59:59 PM,0.63,0,A
9000000001,90000000001,000000000009999999,MRIM,99999#002,Controlledload,19/08/2025 06:30:00 PM,19/08/2025 06:59:59 PM,0.0,0,A
9000000001,90000000001,000000000009999999,MRIM,99999#001,Generalusage,19/08/2025 07:00:00 PM,19/08/2025 07:29:59 PM,0.697,0,A
9000000001,90000000001,000000000009999999,MRIM,99999#002,Controlledload,19/08/2025 07:00:00 PM,19/08/2025 07:29:59 PM,0.0,0,A
9000000001,90000000001,000000000009999999,MRIM,99999#001,Generalusage,19/08/2025 07:30:00 PM,19/08/2025 07:59:59 PM,0.61,0,A
9000000001,90000000001,000000000009999999,MRIM,99999#002,Controlledload,19/08/2025 07:30:00 PM,19/08/2025 07:59:59 PM,0.0,0,A
9000000001,90000000001,000000000009999999,MRIM,99999#001,Generalusage,19/08/2025 08:00:00 PM,19/08/2025 08:29:59 PM,0.51,0,A
9000000001,90000000001,000000000009999999,MRIM,99999#002,Controlledload,19/08/2025 08:00:00 PM,19/08/2025 08:29:59 PM,0.0,0,A
9000000001,90000000001,000000000009999999,MRIM,99999#001,Generalusage,19/08/2025 08:30:00 PM,19/08/2025 08:59:59 PM,0.319,0,A
9000000001,90000000001,000000000009999999,MRIM,99999#002,Controlledload,19/08/2025 08:30:00 PM,19/08/2025 08:59:59 PM,0.0,0,A
9000000001,90000000001,000000000009999999,MRIM,99999#001,Generalusage,19/08/2025 09:00:00 PM,19/08/2025 09:29:59 PM,0.237,0,A
9000000001,90000000001,000000000009999999,MRIM,99999#002,Controlledload,19/08/2025 09:00:00 PM,19/08/2025 09:29:59 PM,0.0,0,A
9000000001,90000000001,000000000009999999,MRIM,99999#001,Generalusage,19/08/2025 09:30:00 PM,19/08/2025 09:59:59 PM,0.149,0,A
9000000001,90000000001,000000000009999999,MRIM,99999#002,Controlledload,19/08/2025 09:30:00 PM,19/08/2025 09:59:59 PM,0.0,0,A
9000000001,90000000001,000000000009999999,MRIM,99999#001,Generalusage,19/08/2025 10:00:00 PM,19/08/2025 10:29:59 PM,0.067,0,A
9000000001,90000000001,000000000009999999,MRIM,99999#002,Controlledload,19/08/2025 10:00:00 PM,19/08/2025 10:29:59 PM,0.0,0,A
9000000001,90000000001,000000000009999999,MRIM,99999#001,Generalusage,19/08/2025 10:30:00 PM,19/08/2025 10:59:59 PM,0.094,0,A
9000000001,90000000001,000000000009999999,MRIM,99999#002,Controlledload,19/08/2025 10:30:00 PM,19/08/2025 10:59:59 PM,0.0,0,A
9000000001,90000000001,000000000009999999,MRIM,99999#001,Generalusage,19/08/2025 11:00:00 PM,19/08/2025 11:29:59 PM,0.092,0,A
9000000001,90000000001,000000000009999999,MRIM,99999#002,Controlledload,19/08/2025 11:00:00 PM,19/08/2025 11:29:59 PM,0.5,0,A
9000000001,90000000001,000000000009999999,MRIM,99999#001,Generalusage,19/08/2025 11:30:00 PM,19/08/2025 11:59:59 PM,0.039,0,A
9000000001,90000000001,000000000009999999,MRIM,99999#002,Controlledload,19/08/2025 11:30:00 PM,19/08/2025 11:59:59 PM,0.692,0,A
9000000001,90000000001,000000000009999999,MRIM,99999#001,Generalusage,20/08/2025 12:00:00 AM,20/08/2025 12:29:59 AM,0.085,0,A
9000000001,90000000001,000000000009999999,MRIM,99999#002,Controlledload,20/08/2025 12:00:00 AM,20/08/2025 12:29:59 AM,0.374,0,A
9000000001,90000000001,000000000009999999,MRIM,99999#001,Generalusage,20/08/2025 12:30:00 AM,20/08/2025 12:59:59 AM,0.06,0,A
9000000001,90000000001,000000000009999999,MRIM,99999#002,Controlledload,20/08/2025 12:30:00 AM,20/08/2025 12:59:59 AM,0.385,0,A
9000000001,90000000001,000000000009999999,MRIM,99999#001,Generalusage,20/08/2025 01:00:00 AM,20/08/2025 01:29:59 AM,0.065,0,A
9000000001,90000000001,000000000009999999,MRIM,99999#002,Controlledload,20/08/2025 01:00:00 AM,20/08/2025 01:29:59 AM,0.371,0,A
9000000001,90000000001,000000000009999999,MRIM,99999#001,Generalusage,20/08/2025 01:30:00 AM,20/08/2025 01:59:59 AM,0.089,0,A
9000000001,90000000001,000000000009999999,MRIM,99999#002,Controlledload,20/08/2025 01:30:00 AM,20/08/2025 01:59:59 AM,0.611,0,A
9000000001,90000000001,000000000009999999,MRIM,99999#001,Generalusage,20/08/2025 02:00:00 AM,20/08/2025 02:29:59 AM,0.037,0,A
9000000001,90000000001,000000000009999999,MRIM,99999#002,Controlledload,20/08/2025 02:00:00 AM,20/08/2025 02:29:59 AM,0.68,0,A
9000000001,90000000001,000000000009999999,MRIM,99999#001,Generalusage,20/08/2025 02:30:00 AM,20/08/2025 02:59:59 AM,0.074,0,A
9000000001,90000000001,000000000009999999,MRIM,99999#002,Controlledload,20/08/2025 02:30:00 AM,20/08/2025 02:59:59 AM,0.614,0,A
9000000001,90000000001,000000000009999999,MRIM,99999#001,Generalusage,20/08/2025 03:00:00 AM,20/08/2025 03:29:59 AM,0.08,0,A
9000000001,90000000001,000000000009999999,MRIM,99999#002,Controlledload,20/08/2025 03:00:00 AM,20/08/2025 03:29:59 AM,0.418,0,A
9000000001,90000000001,000000000009999999,MRIM,99999#001,Generalusage,20/08/2025 03:30:00 AM,20/08/2025 03:59:59 AM,0.081,0,A
9000000001,90000000001,000000000009999999,MRIM,99999#002,Controlledload,20/08/2025 03:30:00 AM,20/08/2025 03:59:59 AM,0.683,0,A
9000000001,90000000001,000000000009999999,MRIM,99999#001,Generalusage,20/08/2025 04:00:00 AM,20/08/2025 04:29:59 AM,0.05,0,A
9000000001,90000000001,000000000009999999,MRIM,99999#002,Controlledload,20/08/2025 04:00:00 AM,20/08/2025 04:29:59 AM,0.604,0,A
9000000001,90000000001,000000000009999999,MRIM,99999#001,Generalusage,20/08/2025 04:30:00 AM,20/08/2025 04:59:59 AM,0.072,0,A
9000000001,90000000001,000000000009999999,MRIM,99999#002,Controlledload,20/08/2025 04:30:00 AM,20/08/2025 04:59:59 AM,0.442,0,A
9000000001,90000000001,000000000009999999,MRIM,99999#001,Generalusage,20/08/2025 05:00:00 AM,20/08/2025 05:29:59 AM,0.076,0,A
9000000001,90000000001,000000000009999999,MRIM,99999#002,Controlledload,20/08/2025 05:00:00 AM,20/08/2025 05:29:59 AM,0.566,0,A
9000000001,90000000001,000000000009999999,MRIM,99999#001,Generalusage,20/08/2025 05:30:00 AM,20/08/2025 05:59:59 AM,0.096,0,A
9000000001,90000000001,000000000009999999,MRIM,99999#002,Controlledload,20/08/2025 05:30:00 AM,20/08/2025 05:59:59 AM,0.626,0,A
9000000001,90000000001,000000000009999999,MRIM,99999#001,Generalusage,20/08/2025 06:00:00 AM,20/08/2025 06:29:59 AM,0.202,0,A
9000000001,90000000001,000000000009999999,MRIM,99999#002,Controlledload,20/08/2025 06:00:00 AM,20/08/2025 06:29:59 AM,0.0,0,A
9000000001,90000000001,000000000009999999,MRIM,99999#001,Generalusage,20/08/2025 06:30:00 AM,20/08/2025 06:59:59 AM,0.248,0,A
9000000001,90000000001,000000000009999999,MRIM,99999#002,Controlledload,20/08/2025 06:30:00 AM,20/08/2025 06:59:59 AM,0.0,0,A
9000000001,90000000001,000000000009999999,MRIM,99999#001,Generalusage,20/08/2025 07:00:00 AM,20/08/2025 07:29:59 AM,0.401,0,A
9000000001,90000000001,000000000009999999,MRIM,99999#002,Controlledload,20/08/2025 07:00:00 AM,20/08/2025 07:29:59 AM,0.0,0,A
9000000001,90000000001,000000000009999999,MRIM,99999#001,Generalusage,20/08/2025 07:30:00 AM,20/08/2025 07:59:59 AM,0.397,0,A
9000000001,90000000001,000000000009999999,MRIM,99999#002,Controlledload,20/08/2025 07:30:00 AM,20/08/2025 07:59:59 AM,0.0,0,A
9000000001,90000000001,000000000009999999,MRIM,99999#001,Generalusage,20/08/2025 08:00:00 AM,20/08/2025 08:29:59 AM,0.372,0,A
9000000001,90000000001,000000000009999999,MRIM,99999#002,Controlledload,20/08/2025 08:00:00 AM,20/08/2025 08:29:59 AM,0.0,0,A
9000000001,90000000001,000000000009999999,MRIM,99999#001,Generalusage,20/08/2025 08:30:00 AM,20/08/2025 08:59:59 AM,0.287,0,A
9000000001,90000000001,000000000009999999,MRIM,99999#002,Controlledload,20/08/2025 08:30:00 AM,20/08/2025 08:59:59 AM,0.0,0,A
9000000001,90000000001,000000000009999999,MRIM,99999#001,Generalusage,20/08/2025 09:00:00 AM,20/08/2025 09:29:59 AM,0.174,0,A
9000000001,90000000001,000000000009999999,MRIM,99999#002,Controlledload,20/08/2025 09:00:00 AM,20/08/2025 09:29:59 AM,0.0,0,A
9000000001,90000000001,000000000009999999,MRIM,99999#001,Generalusage,20/08/2025 09:30:00 AM,20/08/2025 09:59:59 AM,0.086,0,A
9000000001,90000000001,000000000009999999,MRIM,99999#002,Controlledload,20/08/2025 09:30:00 AM,20/08/2025 09:59:59 AM,0.0,0,A
9000000001,90000000001,000000000009999999,MRIM,99999#001,Generalusage,20/08/2025 10:00:00 AM,20/08/2025 10:29:59 AM,0.116,0,A
9000000001,90000000001,000000000009999999,MRIM,99999#002,Controlledload,20/08/2025 10:00:00 AM,20/08/2025 10:29:59 AM,0.0,0,A
9000000001,90000000001,000000000009999999,MRIM,99999#001,Generalusage,20/08/2025 10:30:00 AM,20/08/2025 10:59:59 AM,0.064,0,A
9000000001,90000000001,000000000009999999,MRIM,99999#002,Controlledload,20/08/2025 10:30:00 AM,20/08/2025 10:59:59 AM,0.0,0,A
9000000001,90000000001,000000000009999999,MRIM,99999#001,Generalusage,20/08/2025 11:00:00 AM,20/08/2025 11:29:59 AM,0.071,0,A
9000000001,90000000001,000000000009999999,MRIM,99999#002,Controlledload,20/08/2025 11:00:00 AM,20/08/2025 11:29:59 AM,0.0,0,A
9000000001,90000000001,000000000009999999,MRIM,99999#001,Generalusage,20/08/2025 11:30:00 AM,20/08/2025 11:59:59 AM,0.12,0,A
9000000001,90000000001,000000000009999999,MRIM,99999#002,Controlledload,20/08/2025 11:30:00 AM,20/08/2025 11:59:59 AM,0.0,0,A
9000000001,90000000001,000000000009999999,MRIM,99999#001,Generalusage,20/08/2025 12:00:00 PM,20/08/2025 12:29:59 PM,0.096,0,A
9000000001,90000000001,000000000009999999,MRIM,99999#002,Controlledload,20/08/2025 12:00:00 PM,20/08/2025 12:29:59 PM,0.0,0,A
9000000001,90000000001,000000000009999999,MRIM,99999#001,Generalusage,20/08/2025 12:30:00 PM,20/08/2025 12:59:59 PM,0.14,0,A
9000000001,90000000001,000000000009999999,MRIM,99999#002,Controlledload,20/08/2025 12:30:00 PM,20/08/2025 12:59:59 PM,0.0,0,A
9000000001,90000000001,000000000009999999,MRIM,99999#001,Generalusage,20/08/2025 01:00:00 PM,20/08/2025 01:29:59 PM,0.129,0,A
9000000001,90000000001,000000000009999999,MRIM,99999#002,Controlledload,20/08/2025 01:00:00 PM,20/08/2025 01:29:59 PM,0.0,0,A
9000000001,90000000001,000000000009999999,MRIM,99999#001,Generalusage,20/08/2025 01:30:00 PM,20/08/2025 01:59:59 PM,0.097,0,A
9000000001,90000000001,000000000009999999,MRIM,99999#002,Controlledload,20/08/2025 01:30:00 PM,20/08/2025 01:59:59 PM,0.0,0,A
9000000001,90000000001,000000000009999999,MRIM,99999#001,Generalusage,20/08/2025 02:00:00 PM,20/08/2025 02:29:59 PM,0.073,0,A
9000000001,90000000001,000000000009999999,MRIM,99999#002,Controlledload,20/08/2025 02:00:00 PM,20/08/2025 02:29:59 PM,0.0,0,A
9000000001,90000000001,000000000009999999,MRIM,99999#001,Generalusage,20/08/2025 02:30:00 PM,20/08/2025 02:59:59 PM,0.131,0,A
9000000001,90000000001,000000000009999999,MRIM,99999#002,Controlledload,20/08/2025 02:30:00 PM,20/08/2025 02:59:59 PM,0.0,0,A
9000000001,90000000001,000000000009999999,MRIM,99999#001,Generalusage,20/08/2025 03:00:00 PM,20/08/2025 03:29:59 PM,0.065,0,A
9000000001,90000000001,000000000009999999,MRIM,99999#002,Controlledload,20/08/2025 03:00:00 PM,20/08/2025 03:29:59 PM,0.0,0,A
9000000001,90000000001,000000000009999999,MRIM,99999#001,Generalusage,20/08/2025 03:30:00 PM,20/08/2025 03:59:59 PM,0.108,0,A
9000000001,90000000001,000000000009999999,MRIM,99999#002,Controlledload,20/08/2025 03:30:00 PM,20/08/2025 03:59:59 PM,0.0,0,A
9000000001,90000000001,000000000009999999,MRIM,99999#001,Generalusage,20/08/2025 04:00:00 PM,20/08/2025 04:29:59 PM,0.105,0,A
9000000001,90000000001,000000000009999999,MRIM,99999#002,Controlledload,20/08/2025 04:00:00 PM,20/08/2025 04:29:59 PM,0.0,0,A
9000000001,90000000001,000000000009999999,MRIM,99999#001,Generalusage,20/08/2025 04:30:00 PM,20/08/2025 04:59:59 PM,0.164,0,A
9000000001,90000000001,000000000009999999,MRIM,99999#002,Controlledload,20/08/2025 04:30:00 PM,20/08/2025 04:59:59 PM,0.0,0,A
9000000001,90000000001,000000000009999999,MRIM,99999#001,Generalusage,20/08/2025 05:00:00 PM,20/08/2025 05:29:59 PM,0.24,0,A
9000000001,90000000001,000000000009999999,MRIM,99999#002,Controlledload,20/08/2025 05:00:00 PM,20/08/2025 05:29:59 PM,0.0,0,A
9000000001,90000000001,000000000009999999,MRIM,99999#001,Generalusage,20/08/2025 05:30:00 PM,20/08/2025 05:59:59 PM,0.36,0,A
9000000001,90000000001,000000000009999999,MRIM,99999#002,Controlledload,20/08/2025 05:30:00 PM,20/08/2025 05:59:59 PM,0.0,0,A
9000000001,90000000001,000000000009999999,MRIM,99999#001,Generalusage,20/08/2025 06:00:00 PM,20/08/2025 06:29:59 PM,0.495,0,A
9000000001,90000000001,000000000009999999,MRIM,99999#002,Controlledload,20/08/2025 06:00:00 PM,20/08/2025 06:29:59 PM,0.0,0,A
9000000001,90000000001,000000000009999999,MRIM,99999#001,Generalusage,20/08/2025 06:30:00 PM,20/08/2025 06:59:59 PM,0.638,0,A
9000000001,90000000001,000000000009999999,MRIM,99999#002,Controlledload,20/08/2025 06:30:00 PM,20/08/2025 06:59:59 PM,0.0,0,A
9000000001,90000000001,000000000009999999,MRIM,99999#001,Generalusage,20/08/2025 07:00:00 PM,20/08/2025 07:29:59 PM,0.637,0,A
9000000001,90000000001,000000000009999999,MRIM,99999#002,Controlledload,20/08/2025 07:00:00 PM,20/08/2025 07:29:59 PM,0.0,0,A
9000000001,90000000001,000000000009999999,MRIM,99999#001,Generalusage,20/08/2025 07:30:00 PM,20/08/2025 07:59:59 PM,0.598,0,A
9000000001,90000000001,000000000009999999,MRIM,99999#002,Controlledload,20/08/2025 07:30:00 PM,20/08/2025 07:59:59 PM,0.0,0,A
9000000001,90000000001,000000000009999999,MRIM,99999#001,Generalusage,20/08/2025 08:00:00 PM,20/08/2025 08:29:59 PM,0.508,0,A
9000000001,90000000001,000000000009999999,MRIM,99999#002,Controlledload,20/08/2025 08:00:00 PM,20/08/2025 08:29:59 PM,0.0,0,A
9000000001,90000000001,000000000009999999,MRIM,99999#001,Generalusage,20/08/2025 08:30:00 PM,20/08/2025 08:59:59 PM,0.335,0,A
9000000001,90000000001,000000000009999999,MRIM,99999#002,Controlledload,20/08/2025 08:30:00 PM,20/08/2025 08:59:59 PM,0.0,0,A
9000000001,90000000001,000000000009999999,MRIM,99999#001,Generalusage,20/08/2025 09:00:00 PM,20/08/2025 09:29:59 PM,0.229,0,A
9000000001,90000000001,000000000009999999,MRIM,99999#002,Controlledload,20/08/2025 09:00:00 PM,20/08/2025 09:29:59 PM,0.0,0,A
9000000001,90000000001,000000000009999999,MRIM,99999#001,Generalusage,20/08/2025 09:30:00 PM,20/08/2025 09:59:59 PM,0.138,0,A
9000000001,90000000001,000000000009999999,MRIM,99999#002,Controlledload,20/08/2025 09:30:00 PM,20/08/2025 09:59:59 PM,0.0,0,A
9000000001,90000000001,000000000009999999,MRIM,99999#001,Generalusage,20/08/2025 10:00:00 PM,20/08/2025 10:29:59 PM,0.097,0,A
9000000001,90000000001,000000000009999999,MRIM,99999#002,Controlledload,20/08/2025 10:00:00 PM,20/08/2025 10:29:59 PM,0.0,0,A
9000000001,90000000001,000000000009999999,MRIM,99999#001,Generalusage,20/08/2025 10:30:00 PM,20/08/2025 10:59:59 PM,0.07,0,A
9000000001,90000000001,000000000009999999,MRIM,99999#002,Controlledload,20/08/2025 10:30:00 PM,20/08/2025 10:59:59 PM,0.0,0,A
9000000001,90000000001,000000000009999999,MRIM,99999#001,Generalusage,20/08/2025 11:00:00 PM,20/08/2025 11:29:59 PM,0.085,0,A
9000000001,90000000001,000000000009999999,MRIM,99999#002,Controlledload,20/08/2025 11:00:00 PM,20/08/2025 11:29:59 PM,0.365,0,A
9000000001,90000000001,000000000009999999,MRIM,99999#001,Generalusage,20/08/2025 11:30:00 PM,20/08/2025 11:59:59 PM,0.08,0,A
9000000001,90000000001,000000000009999999,MRIM,99999#002,Controlledload,20/08/2025 11:30:00 PM,20/08/2025 11:59:59 PM,0.335,0,A
9000000001,90000000001,000000000009999999,MRIM,99999#001,Generalusage,21/08/2025 12:00:00 AM,21/08/2025 12:29:59 AM,0.048,0,A
9000000001,90000000001,000000000009999999,MRIM,99999#002,Controlledload,21/08/2025 12:00:00 AM,21/08/2025 12:29:59 AM,0.26,0,A
9000000001,90000000001,000000000009999999,MRIM,99999#001,Generalusage,21/08/2025 12:30:00 AM,21/08/2025 12:59:59 AM,0.043,0,A
9000000001,90000000001,000000000009999999,MRIM,99999#002,Controlledload,21/08/2025 12:30:00 AM,21/08/2025 12:59:59 AM,0.26,0,A
9000000001,90000000001,000000000009999999,MRIM,99999#001,Generalusage,21/08/2025 01:00:00 AM,21/08/2025 01:29:59 AM,0.068,0,A
9000000001,90000000001,000000000009999999,MRIM,99999#002,Controlledload,21/08/2025 01:00:00 AM,21/08/2025 01:29:59 AM,0.581,0,A
9000000001,90000000001,000000000009999999,MRIM,99999#001,Generalusage,21/08/2025 01:30:00 AM,21/08/2025 01:59:59 AM,0.043,0,A
9000000001,90000000001,000000000009999999,MRIM,99999#002,Controlledload,21/08/2025 01:30:00 AM,21/08/2025 01:59:59 AM,0.308,0,A
9000000001,90000000001,000000000009999999,MRIM,99999#001,Generalusage,21/08/2025 02:00:00 AM,21/08/2025 02:29:59 AM,0.064,0,A
9000000001,90000000001,000000000009999999,MRIM,99999#002,Controlledload,21/08/2025 02:00:00 AM,21/08/2025 02:29:59 AM,0.562,0,A
9000000001,90000000001,000000000009999999,MRIM,99999#001,Generalusage,21/08/2025 02:30:00 AM,21/08/2025 02:59:59 AM,0.098,0,A
9000000001,90000000001,000000000009999999,MRIM,99999#002,Controlledload,21/08/2025 02:30:00 AM,21/08/2025 02:59:59 AM,0.462,0,A
9000000001,90000000001,000000000009999999,MRIM,99999#001,Generalusage,21/08/2025 03:00:00 AM,21/08/2025 03:29:59 AM,0.05,0,A
9000000001,90000000001,000000000009999999,MRIM,99999#002,Controlledload,21/08/2025 03:00:00 AM,21/08/2025 03:29:59 AM,0.25,0,A
9000000001,90000000001,000000000009999999,MRIM,99999#001,Generalusage,21/08/2025 03:30:00 AM,21/08/2025 03:59:59 AM,0.044,0,A
9000000001,90000000001,000000000009999999,MRIM,99999#002,Controlledload,21/08/2025 03:30:00 AM,21/08/2025 03:59:59 AM,0.314,0,A
9000000001,90000000001,000000000009999999,MRIM,99999#001,Generalusage,21/08/2025 04:00:00 AM,21/08/2025 04:29:59 AM,0.043,0,A
9000000001,90000000001,000000000009999999,MRIM,99999#002,Controlledload,21/08/2025 04:00:00 AM,21/08/2025 04:29:59 AM,0.207,0,A
9000000001,90000000001,000000000009999999,MRIM,99999#001,Generalusage,21/08/2025 04:30:00 AM,21/08/2025 04:59:59 AM,0.071,0,A
9000000001,90000000001,000000000009999999,MRIM,99999#002,Controlledload,21/08/2025 04:30:00 AM,21/08/2025 04:59:59 AM,0.337,0,A
9000000001,90000000001,000000000009999999,MRIM,99999#001,Generalusage,21/08/2025 05:00:00 AM,21/08/2025 05:29:59 AM,0.114,0,A
9000000001,90000000001,000000000009999999,MRIM,99999#002,Controlledload,21/08/2025 05:00:00 AM,21/08/2025 05:29:59 AM,0.477,0,A
9000000001,90000000001,000000000009999999,MRIM,99999#001,Generalusage,21/08/2025 05:30:00 AM,21/08/2025 05:59:59 AM,0.126,0,A
9000000001,90000000001,000000000009999999,MRIM,99999#002,Controlledload,21/08/2025 05:30:00 AM,21/08/2025 05:59:59 AM,0.263,0,A
9000000001,90000000001,000000000009999999,MRIM,99999#001,Generalusage,21/08/2025 06:00:00 AM,21/08/2025 06:29:59 AM,0.204,0,A
9000000001,90000000001,000000000009999999,MRIM,99999#002,Controlledload,21/08/2025 06:00:00 AM,21/08/2025 06:29:59 AM,0.0,0,A
9000000001,90000000001,000000000009999999,MRIM,99999#001,Generalusage,21/08/2025 06:30:00 AM,21/08/2025 06:59:59 AM,0.277,0,A
9000000001,90000000001,000000000009999999,MRIM,99999#002,Controlledload,21/08/2025 06:30:00 AM,21/08/2025 06:59:59 AM,0.0,0,A
9000000001,90000000001,000000000009999999,MRIM,99999#001,Generalusage,21/08/2025 07:00:00 AM,21/08/2025 07:29:59 AM,0.4,0,A
9000000001,90000000001,000000000009999999,MRIM,99999#002,Controlledload,21/08/2025 07:00:00 AM,21/08/2025 07:29:59 AM,0.0,0,A
9000000001,90000000001,000000000009999999,MRIM,99999#001,Generalusage,21/08/2025 07:30:00 AM,21/08/2025 07:59:59 AM,0.421,0,A
9000000001,90000000001,000000000009999999,MRIM,99999#002,Controlledload,21/08/2025 07:30:00 AM,21/08/2025 07:59:59 AM,0.0,0,A
9000000001,90000000001,000000000009999999,MRIM,99999#001,Generalusage,21/08/2025 08:00:00 AM,21/08/2025 08:29:59 AM,0.373,0,A
9000000001,90000000001,000000000009999999,MRIM,99999#002,Controlledload,21/08/2025 08:00:00 AM,21/08/2025 08:29:59 AM,0.0,0,A
9000000001,90000000001,000000000009999999,MRIM,99999#001,Generalusage,21/08/2025 08:30:00 AM,21/08/2025 08:59:59 AM,0.275,0,A
9000000001,90000000001,000000000009999999,MRIM,99999#002,Controlledload,21/08/2025 08:30:00 AM,21/08/2025 08:59:59 AM,0.0,0,A
9000000001,90000000001,000000000009999999,MRIM,99999#001,Generalusage,21/08/2025 09:00:00 AM,21/08/2025 09:29:59 AM,0.16,0,A
9000000001,90000000001,000000000009999999,MRIM,99999#002,Controlledload,21/08/2025 09:00:00 AM,21/08/2025 09:29:59 AM,0.0,0,A
9000000001,90000000001,000000000009999999,MRIM,99999#001,Generalusage,21/08/2025 09:30:00 AM,21/08/2025 09:59:59 AM,0.087,0,A
9000000001,90000000001,000000000009999999,MRIM,99999#002,Controlledload,21/08/2025 09:30:00 AM,21/08/2025 09:59:59 AM,0.0,0,A
9000000001,90000000001,000000000009999999,MRIM,99999#001,Generalusage,21/08/2025 10:00:00 AM,21/08/2025 10:29:59 AM,0.122,0,A
9000000001,90000000001,000000000009999999,MRIM,99999#002,Controlledload,21/08/2025 10:00:00 AM,21/08/2025 10:29:59 AM,0.0,0,A
9000000001,90000000001,000000000009999999,MRIM,99999#001,Generalusage,21/08/2025 10:30:00 AM,21/08/2025 10:59:59 AM,0.085,0,A
9000000001,90000000001,000000000009999999,MRIM,99999#002,Controlledload,21/08/2025 10:30:00 AM,21/08/2025 10:59:59 AM,0.0,0,A
9000000001,90000000001,000000000009999999,MRIM,99999#001,Generalusage,21/08/2025 11:00:00 AM,21/08/2025 11:29:59 AM,0.114,0,A
9000000001,90000000001,000000000009999999,MRIM,99999#002,Controlledload,21/08/2025 11:00:00 AM,21/08/2025 11:29:59 AM,0.0,0,A
9000000001,90000000001,000000000009999999,MRIM,99999#001,Generalusage,21/08/2025 11:30:00 AM,21/08/2025 11:59:59 AM,0.093,0,A
9000000001,90000000001,000000000009999999,MRIM,99999#002,Controlledload,21/08/2025 11:30:00 AM,21/08/2025 11:59:59 AM,0.0,0,A
9000000001,90000000001,000000000009999999,MRIM,99999#001,Generalusage,21/08/2025 12:00:00 PM,21/08/2025 12:29:59 PM,0.078,0,A
9000000001,90000000001,000000000009999999,MRIM,99999#002,Controlledload,21/08/2025 12:00:00 PM,21/08/2025 12:29:59 PM,0.0,0,A
9000000001,90000000001,000000000009999999,MRIM,99999#001,Generalusage,21/08/2025 12:30:00 PM,21/08/2025 12:59:59 PM,0.122,0,A
9000000001,90000000001,000000000009999999,MRIM,99999#002,Controlledload,21/08/2025 12:30:00 PM,21/08/2025 12:59:59 PM,0.0,0,A
9000000001,90000000001,000000000009999999,MRIM,99999#001,Generalusage,21/08/2025 01:00:00 PM,21/08/2025 01:29:59 PM,0.084,0,A
9000000001,90000000001,000000000009999999,MRIM,99999#002,Controlledload,21/08/2025 01:00:00 PM,21/08/2025 01:29:59 PM,0.0,0,A
9000000001,90000000001,000000000009999999,MRIM,99999#001,Generalusage,21/08/2025 01:30:00 PM,21/08/2025 01:59:59 PM,0.088,0,A
9000000001,90000000001,000000000009999999,MRIM,99999#002,Controlledload,21/08/2025 01:30:00 PM,21/08/2025 01:59:59 PM,0.0,0,A
9000000001,90000000001,000000000009999999,MRIM,99999#001,Generalusage,21/08/2025 02:00:00 PM,21/08/2025 02:29:59 PM,0.112,0,A
9000000001,90000000001,000000000009999999,MRIM,99999#002,Controlledload,21/08/2025 02:00:00 PM,21/08/2025 02:29:59 PM,0.0,0,A
9000000001,90000000001,000000000009999999,MRIM,99999#001,Generalusage,21/08/2025 02:30:00 PM,21/08/2025 02:59:59 PM,0.086,0,A
9000000001,90000000001,000000000009999999,MRIM,99999#002,Controlledload,21/08/2025 02:30:00 PM,21/08/2025 02:59:59 PM,0.0,0,A
9000000001,90000000001,000000000009999999,MRIM,99999#001,Generalusage,21/08/2025 03:00:00 PM,21/08/2025 03:29:59 PM,0.128,0,A
9000000001,90000000001,000000000009999999,MRIM,99999#002,Controlledload,21/08/2025 03:00:00 PM,21/08/2025 03:29:59 PM,0.0,0,A
9000000001,90000000001,000000000009999999,MRIM,99999#001,Generalusage,21/08/2025 03:30:00 PM,21/08/2025 03:59:59 PM,0.066,0,A
9000000001,90000000001,000000000009999999,MRIM,99999#002,Controlledload,21/08/2025 03:30:00 PM,21/08/2025 03:59:59 PM,0.0,0,A
9000000001,90000000001,000000000009999999,MRIM,99999#001,Generalusage,21/08/2025 04:00:00 PM,21/08/2025 04:29:59 PM,0.125,0,A
9000000001,90000000001,000000000009999999,MRIM,99999#002,Controlledload,21/08/2025 04:00:00 PM,21/08/2025 04:29:59 PM,0.0,0,A
9000000001,90000000001,000000000009999999,MRIM,99999#001,Generalusage,21/08/2025 04:30:00 PM,21/08/2025 04:59:59 PM,0.154,0,A
9000000001,90000000001,000000000009999999,MRIM,99999#002,Controlledload,21/08/2025 04:30:00 PM,21/08/2025 04:59:59 PM,0.0,0,A
9000000001,90000000001,000000000009999999,MRIM,99999#001,Generalusage,21/08/2025 05:00:00 PM,21/08/2025 05:29:59 PM,0.247,0,A
9000000001,90000000001,000000000009999999,MRIM,99999#002,Controlledload,21/08/2025 05:00:00 PM,21/08/2025 05:29:59 PM,0.0,0,A
9000000001,90000000001,000000000009999999,MRIM,99999#001,Generalusage,21/08/2025 05:30:00 PM,21/08/2025 05:59:59 PM,0.331,0,A
9000000001,90000000001,000000000009999999,MRIM,99999#002,Controlledload,21/08/2025 05:30:00 PM,21/08/2025 05:59:59 PM,0.0,0,A
9000000001,90000000001,000000000009999999,MRIM,99999#001,Generalusage,21/08/2025 06:00:00 PM,21/08/2025 06:29:59 PM,0.497,0,A
9000000001,90000000001,000000000009999999,MRIM,99999#002,Controlledload,21/08/2025 06:00:00 PM,21/08/2025 06:29:59 PM,0.0,0,A
9000000001,90000000001,000000000009999999,MRIM,99999#001,Generalusage,21/08/2025 06:30:00 PM,21/08/2025 06:59:59 PM,0.614,0,A
9000000001,90000000001,000000000009999999,MRIM,99999#002,Controlledload,21/08/2025 06:30:00 PM,21/08/2025 06:59:59 PM,0.0,0,A
9000000001,90000000001,000000000009999999,MRIM,99999#001,Generalusage,21/08/2025 07:00:00 PM,21/08/2025 07:29:59 PM,0.661,0,A
9000000001,90000000001,000000000009999999,MRIM,99999#002,Controlledload,21/08/2025 07:00:00 PM,21/08/2025 07:29:59 PM,0.0,0,A
9000000001,90000000001,000000000009999999,MRIM,99999#001,Generalusage,21/08/2025 07:30:00 PM,21/08/2025 07:59:59 PM,0.642,0,A
9000000001,90000000001,000000000009999999,MRIM,99999#002,Controlledload,21/08/2025 07:30:00 PM,21/08/2025 07:59:59 PM,0.0,0,A
9000000001,90000000001,000000000009999999,MRIM,99999#001,Generalusage,21/08/2025 08:00:00 PM,21/08/2025 08:29:59 PM,0.529,0,A
9000000001,90000000001,000000000009999999,MRIM,99999#002,Controlledload,21/08/2025 08:00:00 PM,21/08/2025 08:29:59 PM,0.0,0,A
9000000001,90000000001,000000000009999999,MRIM,99999#001,Generalusage,21/08/2025 08:30:00 PM,21/08/2025 08:59:59 PM,0.335,0,A
9000000001,90000000001,000000000009999999,MRIM,99999#002,Controlledload,21/08/2025 08:30:00 PM,21/08/2025 08:59:59 PM,0.0,0,A
9000000001,90000000001,000000000009999999,MRIM,99999#001,Generalusage,21/08/2025 09:00:00 PM,21/08/2025 09:29:59 PM,0.232,0,A
9000000001,90000000001,000000000009999999,MRIM,99999#002,Controlledload,21/08/2025 09:00:00 PM,21/08/2025 09:29:59 PM,0.0,0,A
9000000001,90000000001,000000000009999999,MRIM,99999#001,Generalusage,21/08/2025 09:30:00 PM,21/08/2025 09:59:59 PM,0.147,0,A
9000000001,90000000001,000000000009999999,MRIM,99999#002,Controlledload,21/08/2025 09:30:00 PM,21/08/2025 09:59:59 PM,0.0,0,A
9000000001,90000000001,000000000009999999,MRIM,99999#001,Generalusage,21/08/2025 10:00:00 PM,21/08/2025 10:29:59 PM,0.112,0,A
9000000001,90000000001,000000000009999999,MRIM,99999#002,Controlledload,21/08/2025 10:00:00 PM,21/08/2025 10:29:59 PM,0.0,0,A
9000000001,90000000001,000000000009999999,MRIM,99999#001,Generalusage,21/08/2025 10:30:00 PM,21/08/2025 10:59:59 PM,0.106,0,A
9000000001,90000000001,000000000009999999,MRIM,99999#002,Controlledload,21/08/2025 10:30:00 PM,21/08/2025 10:59:59 PM,0.0,0,A
9000000001,90000000001,000000000009999999,MRIM,99999#001,Generalusage,21/08/2025 11:00:00 PM,21/08/2025 11:29:59 PM,0.047,0,A
9000000001,90000000001,000000000009999999,MRIM,99999#002,Controlledload,21/08/2025 11:00:00 PM,21/08/2025 11:29:59 PM,0.306,0,A
9000000001,90000000001,000000000009999999,MRIM,99999#001,Generalusage,21/08/2025 11:30:00 PM,21/08/2025 11:59:59 PM,0.077,0,A
9000000001,90000000001,000000000009999999,MRIM,99999#002,Controlledload,21/08/2025 11:30:00 PM,21/08/2025 11:59:59 PM,0.279,0,A
9000000001,90000000001,000000000009999999,MRIM,99999#001,Generalusage,22/08/2025 12:00:00 AM,22/08/2025 12:29:59 AM,0.042,0,A
9000000001,90000000001,000000000009999999,MRIM,99999#002,Controlledload,22/08/2025 12:00:00 AM,22/08/2025 12:29:59 AM,0.238,0,A
9000000001,90000000001,000000000009999999,MRIM,99999#001,Generalusage,22/08/2025 12:30:00 AM,22/08/2025 12:59:59 AM,0.03,0,A
9000000001,90000000001,000000000009999999,MRIM,99999#002,Controlledload,22/08/2025 12:30:00 AM,22/08/2025 12:59:59 AM,0.425,0,A
9000000001,90000000001,000000000009999999,MRIM,99999#001,Generalusage,22/08/2025 01:00:00 AM,22/08/2025 01:29:59 AM,0.072,0,A
9000000001,90000000001,000000000009999999,MRIM,99999#002,Controlledload,22/08/2025 01:00:00 AM,22/08/2025 01:29:59 AM,0.346,0,A
9000000001,90000000001,000000000009999999,MRIM,99999#001,Generalusage,22/08/2025 01:30:00 AM,22/08/2025 01:59:59 AM,0.046,0,A
9000000001,90000000001,000000000009999999,MRIM,99999#002,Controlledload,22/08/2025 01:30:00 AM,22/08/2025 01:59:59 AM,0.553,0,A
9000000001,90000000001,000000000009999999,MRIM,99999#001,Generalusage,22/08/2025 02:00:00 AM,22/08/2025 02:29:59 AM,0.079,0,A
9000000001,90000000001,000000000009999999,MRIM,99999#002,Controlledload,22/08/2025 02:00:00 AM,22/08/2025 02:29:59 AM,0.427,0,A
9000000001,90000000001,000000000009999999,MRIM,99999#001,Generalusage,22/08/2025 02:30:00 AM,22/08/2025 02:59:59 AM,0.078,0,A
9000000001,90000000001,000000000009999999,MRIM,99999#002,Controlledload,22/08/2025 02:30:00 AM,22/08/2025 02:59:59 AM,0.662,0,A
9000000001,90000000001,000000000009999999,MRIM,99999#001,Generalusage,22/08/2025 03:00:00 AM,22/08/2025 03:29:59 AM,0.085,0,A
9000000001,90000000001,000000000009999999,MRIM,99999#002,Controlledload,22/08/2025 03:00:00 AM,22/08/2025 03:29:59 AM,0.513,0,A
9000000001,90000000001,000000000009999999,MRIM,99999#001,Generalusage,22/08/2025 03:30:00 AM,22/08/2025 03:59:59 AM,0.076,0,A
9000000001,90000000001,000000000009999999,MRIM,99999#002,Controlledload,22/08/2025 03:30:00 AM,22/08/2025 03:59:59 AM,0.667,0,A
9000000001,90000000001,000000000009999999,MRIM,99999#001,Generalusage,22/08/2025 04:00:00 AM,22/08/2025 04:29:59 AM,0.061,0,A
9000000001,90000000001,000000000009999999,MRIM,99999#002,Controlledload,22/08/2025 04:00:00 AM,22/08/2025 04:29:59 AM,0.472,0,A
9000000001,90000000001,000000000009999999,MRIM,99999#001,Generalusage,22/08/2025 04:30:00 AM,22/08/2025 04:59:59 AM,0.079,0,A
9000000001,90000000001,000000000009999999,MRIM,99999#002,Controlledload,22/08/2025 04:30:00 AM,22/08/2025 04:59:59 AM,0.654,0,A
9000000001,90000000001,000000000009999999,MRIM,99999#001,Generalusage,22/08/2025 05:00:00 AM,22/08/2025 05:29:59 AM,0.103,0,A
9000000001,90000000001,000000000009999999,MRIM,99999#002,Controlledload,22/08/2025 05:00:00 AM,22/08/2025 05:29:59 AM,0.236,0,A
9000000001,90000000001,000000000009999999,MRIM,99999#001,Generalusage,22/08/2025 05:30:00 AM,22/08/2025 05:59:59 AM,0.089,0,A
9000000001,90000000001,000000000009999999,MRIM,99999#002,Controlledload,22/08/2025 05:30:00 AM,22/08/2025 05:59:59 AM,0.354,0,A
9000000001,90000000001,000000000009999999,MRIM,99999#001,Generalusage,22/08/2025 06:00:00 AM,22/08/2025 06:29:59 AM,0.196,0,A
9000000001,90000000001,000000000009999999,MRIM,99999#002,Controlledload,22/08/2025 06:00:00 AM,22/08/2025 06:29:59 AM,0.0,0,A
9000000001,90000000001,000000000009999999,MRIM,99999#001,Generalusage,22/08/2025 06:30:00 AM,22/08/2025 06:59:59 AM,0.282,0,A
9000000001,90000000001,000000000009999999,MRIM,99999#002,Controlledload,22/08/2025 06:30:00 AM,22/08/2025 06:59:59 AM,0.0,0,A
9000000001,90000000001,000000000009999999,MRIM,99999#001,Generalusage,22/08/2025 07:00:00 AM,22/08/2025 07:29:59 AM,0.359,0,A
9000000001,90000000001,000000000009999999,MRIM,99999#002,Controlledload,22/08/2025 07:00:00 AM,22/08/2025 07:29:59 AM,0.0,0,A
9000000001,90000000001,000000000009999999,MRIM,99999#001,Generalusage,22/08/2025 07:30:00 AM,22/08/2025 07:59:59 AM,0.389,0,A
9000000001,90000000001,000000000009999999,MRIM,99999#002,Controlledload,22/08/2025 07:30:00 AM,22/08/2025 07:59:59 AM,0.0,0,A
9000000001,90000000001,000000000009999999,MRIM,99999#001,Generalusage,22/08/2025 08:00:00 AM,22/08/2025 08:29:59 AM,0.388,0,A
9000000001,90000000001,000000000009999999,MRIM,99999#002,Controlledload,22/08/2025 08:00:00 AM,22/08/2025 08:29:59 AM,0.0,0,A
9000000001,90000000001,000000000009999999,MRIM,99999#001,Generalusage,22/08/2025 08:30:00 AM,22/08/2025 08:59:59 AM,0.293,0,A
9000000001,90000000001,000000000009999999,MRIM,99999#002,Controlledload,22/08/2025 08:30:00 AM,22/08/2025 08:59:59 AM,0.0,0,A
9000000001,90000000001,000000000009999999,MRIM,99999#001,Generalusage,22/08/2025 09:00:00 AM,22/08/2025 09:29:59 AM,0.213,0,A
9000000001,90000000001,000000000009999999,MRIM,99999#002,Controlledload,22/08/2025 09:00:00 AM,22/08/2025 09:29:59 AM,0.0,0,A
9000000001,90000000001,000000000009999999,MRIM,99999#001,Generalusage,22/08/2025 09:30:00 AM,22/08/2025 09:59:59 AM,0.119,0,A
9000000001,90000000001,000000000009999999,MRIM,99999#002,Controlledload,22/08/2025 09:30:00 AM,22/08/2025 09:59:59 AM,0.0,0,A
9000000001,90000000001,000000000009999999,MRIM,99999#001,Generalusage,22/08/2025 10:00:00 AM,22/08/2025 10:29:59 AM,0.091,0,A
9000000001,90000000001,000000000009999999,MRIM,99999#002,Controlledload,22/08/2025 10:00:00 AM,22/08/2025 10:29:59 AM,0.0,0,A
9000000001,90000000001,000000000009999999,MRIM,99999#001,Generalusage,22/08/2025 10:30:00 AM,22/08/2025 10:59:59 AM,0.057,0,A
9000000001,90000000001,000000000009999999,MRIM,99999#002,Controlledload,22/08/2025 10:30:00 AM,22/08/2025 10:59:59 AM,0.0,0,A
9000000001,90000000001,000000000009999999,MRIM,99999#001,Generalusage,22/08/2025 11:00:00 AM,22/08/2025 11:29:59 AM,0.059,0,A
9000000001,90000000001,000000000009999999,MRIM,99999#002,Controlledload,22/08/2025 11:00:00 AM,22/08/2025 11:29:59 AM,0.0,0,A
9000000001,90000000001,000000000009999999,MRIM,99999#001,Generalusage,22/08/2025 11:30:00 AM,22/08/2025 11:59:59 AM,0.095,0,A
9000000001,90000000001,000000000009999999,MRIM,99999#002,Controlledload,22/08/2025 11:30:00 AM,22/08/2025 11:59:59 AM,0.0,0,A
9000000001,90000000001,000000000009999999,MRIM,99999#001,Generalusage,22/08/2025 12:00:00 PM,22/08/2025 12:29:59 PM,0.095,0,A
9000000001,90000000001,000000000009999999,MRIM,99999#002,Controlledload,22/08/2025 12:00:00 PM,22/08/2025 12:29:59 PM,0.0,0,A
9000000001,90000000001,000000000009999999,MRIM,99999#001,Generalusage,22/08/2025 12:30:00 PM,22/08/2025 12:59:59 PM,0.095,0,A
9000000001,90000000001,000000000009999999,MRIM,99999#002,Controlledload,22/08/2025 12:30:00 PM,22/08/2025 12:59:59 PM,0.0,0,A
9000000001,90000000001,000000000009999999,MRIM,99999#001,Generalusage,22/08/2025 01:00:00 PM,22/08/2025 01:29:59 PM,0.086,0,A
9000000001,90000000001,000000000009999999,MRIM,99999#002,Controlledload,22/08/2025 01:00:00 PM,22/08/2025 01:29:59 PM,0.0,0,A
9000000001,90000000001,000000000009999999,MRIM,99999#001,Generalusage,22/08/2025 01:30:00 PM,22/08/2025 01:59:59 PM,0.145,0,A
9000000001,90000000001,000000000009999999,MRIM,99999#002,Controlledload,22/08/2025 01:30:00 PM,22/08/2025 01:59:59 PM,0.0,0,A
9000000001,90000000001,000000000009999999,MRIM,99999#001,Generalusage,22/08/2025 02:00:00 PM,22/08/2025 02:29:59 PM,0.131,0,A
9000000001,90000000001,000000000009999999,MRIM,99999#002,Controlledload,22/08/2025 02:00:00 PM,22/08/2025 02:29:59 PM,0.0,0,A
9000000001,90000000001,000000000009999999,MRIM,99999#001,Generalusage,22/08/2025 02:30:00 PM,22/08/2025 02:59:59 PM,0.105,0,A
9000000001,90000000001,000000000009999999,MRIM,99999#002,Controlledload,22/08/2025 02:30:00 PM,22/08/2025 02:59:59 PM,0.0,0,A
9000000001,90000000001,000000000009999999,MRIM,99999#001,Generalusage,22/08/2025 03:00:00 PM,22/08/2025 03:29:59 PM,0.125,0,A
9000000001,90000000001,000000000009999999,MRIM,99999#002,Controlledload,22/08/2025 03:00:00 PM,22/08/2025 03:29:59 PM,0.0,0,A
9000000001,90000000001,000000000009999999,MRIM,99999#001,Generalusage,22/08/2025 03:30:00 PM,22/08/2025 03:59:59 PM,0.128,0,A
9000000001,90000000001,000000000009999999,MRIM,99999#002,Controlledload,22/08/2025 03:30:00 PM,22/08/2025 03:59:59 PM,0.0,0,A
9000000001,90000000001,000000000009999999,MRIM,99999#001,Generalusage,22/08/2025 04:00:00 PM,22/08/2025 04:29:59 PM,0.118,0,A
9000000001,90000000001,000000000009999999,MRIM,99999#002,Controlledload,22/08/2025 04:00:00 PM,22/08/2025 04:29:59 PM,0.0,0,A
9000000001,90000000001,000000000009999999,MRIM,99999#001,Generalusage,22/08/2025 04:30:00 PM,22/08/2025 04:59:59 PM,0.13,0,A
9000000001,90000000001,000000000009999999,MRIM,99999#002,Controlledload,22/08/2025 04:30:00 PM,22/08/2025 04:59:59 PM,0.0,0,A
9000000001,90000000001,000000000009999999,MRIM,99999#001,Generalusage,22/08/2025 05:00:00 PM,22/08/2025 05:29:59 PM,0.194,0,A
9000000001,90000000001,000000000009999999,MRIM,99999#002,Controlledload,22/08/2025 05:00:00 PM,22/08/2025 05:29:59 PM,0.0,0,A
9000000001,90000000001,000000000009999999,MRIM,99999#001,Generalusage,22/08/2025 05:30:00 PM,22/08/2025 05:59:59 PM,0.368,0,A
9000000001,90000000001,000000000009999999,MRIM,99999#002,Controlledload,22/08/2025 05:30:00 PM,22/08/2025 05:59:59 PM,0.0,0,A
9000000001,90000000001,000000000009999999,MRIM,99999#001,Generalusage,22/08/2025 06:00:00 PM,22/08/2025 06:29:59 PM,0.494,0,A
9000000001,90000000001,000000000009999999,MRIM,99999#002,Controlledload,22/08/2025 06:00:00 PM,22/08/2025 06:29:59 PM,0.0,0,A
9000000001,90000000001,000000000009999999,MRIM,99999#001,Generalusage,22/08/2025 06:30:00 PM,22/08/2025 06:59:59 PM,0.628,0,A
9000000001,90000000001,000000000009999999,MRIM,99999#002,Controlledload,22/08/2025 06:30:00 PM,22/08/2025 06:59:59 PM,0.0,0,A
9000000001,90000000001,000000000009999999,MRIM,99999#001,Generalusage,22/08/2025 07:00:00 PM,22/08/2025 07:29:59 PM,0.694,0,A
9000000001,90000000001,000000000009999999,MRIM,99999#002,Controlledload,22/08/2025 07:00:00 PM,22/08/2025 07:29:59 PM,0.0,0,A
9000000001,90000000001,000000000009999999,MRIM,99999#001,Generalusage,22/08/2025 07:30:00 PM,22/08/2025 07:59:59 PM,0.595,0,A
9000000001,90000000001,000000000009999999,MRIM,99999#002,Controlledload,22/08/2025 07:30:00 PM,22/08/2025 07:59:59 PM,0.0,0,A
9000000001,90000000001,000000000009999999,MRIM,99999#001,Generalusage,22/08/2025 08:00:00 PM,22/08/2025 08:29:59 PM,0.501,0,A
9000000001,90000000001,000000000009999999,MRIM,99999#002,Controlledload,22/08/2025 08:00:00 PM,22/08/2025 08:29:59 PM,0.0,0,A
9000000001,90000000001,000000000009999999,MRIM,99999#001,Generalusage,22/08/2025 08:30:00 PM,22/08/2025 08:59:59 PM,0.358,0,A
9000000001,90000000001,000000000009999999,MRIM,99999#002,Controlledload,22/08/2025 08:30:00 PM,22/08/2025 08:59:59 PM,0.0,0,A
9000000001,90000000001,000000000009999999,MRIM,99999#001,Generalusage,22/08/2025 09:00:00 PM,22/08/2025 09:29:59 PM,0.223,0,A
9000000001,90000000001,000000000009999999,MRIM,99999#002,Controlledload,22/08/2025 09:00:00 PM,22/08/2025 09:29:59 PM,0.0,0,A
9000000001,90000000001,000000000009999999,MRIM,99999#001,Generalusage,22/08/2025 09:30:00 PM,22/08/2025 09:59:59 PM,0.111,0,A
9000000001,90000000001,000000000009999999,MRIM,99999#002,Controlledload,22/08/2025 09:30:00 PM,22/08/2025 09:59:59 PM,0.0,0,A
9000000001,90000000001,000000000009999999,MRIM,99999#001,Generalusage,22/08/2025 10:00:00 PM,22/08/2025 10:29:59 PM,0.084,0,A
9000000001,90000000001,000000000009999999,MRIM,99999#002,Controlledload,22/08/2025 10:00:00 PM,22/08/2025 10:29:59 PM,0.0,0,A
9000000001,90000000001,000000000009999999,MRIM,99999#001,Generalusage,22/08/2025 10:30:00 PM,22/08/2025 10:59:59 PM,0.063,0,A
9000000001,90000000001,000000000009999999,MRIM,99999#002,Controlledload,22/08/2025 10:30:00 PM,22/08/2025 10:59:59 PM,0.0,0,A
9000000001,90000000001,000000000009999999,MRIM,99999#001,Generalusage,22/08/2025 11:00:00 PM,22/08/2025 11:29:59 PM,0.08,0,A
9000000001,90000000001,000000000009999999,MRIM,99999#002,Controlledload,22/08/2025 11:00:00 PM,22/08/2025 11:29:59 PM,0.629,0,A
9000000001,90000000001,000000000009999999,MRIM,99999#001,Generalusage,22/08/2025 11:30:00 PM,22/08/2025 11:59:59 PM,0.054,0,A
9000000001,90000000001,000000000009999999,MRIM,99999#002,Controlledload,22/08/2025 11:30:00 PM,22/08/2025 11:59:59 PM,0.547,0,A
9000000001,90000000001,000000000009999999,MRIM,99999#001,Generalusage,23/08/2025 12:00:00 AM,23/08/2025 12:29:59 AM,0.05,0,A
9000000001,90000000001,000000000009999999,MRIM,99999#002,Controlledload,23/08/2025 12:00:00 AM,23/08/2025 12:29:59 AM,0.673,0,A
9000000001,90000000001,000000000009999999,MRIM,99999#001,Generalusage,23/08/2025 12:30:00 AM,23/08/2025 12:59:59 AM,0.087,0,A
9000000001,90000000001,000000000009999999,MRIM,99999#002,Controlledload,23/08/2025 12:30:00 AM,23/08/2025 12:59:59 AM,0.475,0,A
9000000001,90000000001,000000000009999999,MRIM,99999#001,Generalusage,23/08/2025 01:00:00 AM,23/08/2025 01:29:59 AM,0.062,0,A
9000000001,90000000001,000000000009999999,MRIM,99999#002,Controlledload,23/08/2025 01:00:00 AM,23/08/2025 01:29:59 AM,0.357,0,A
9000000001,90000000001,000000000009999999,MRIM,99999#001,Generalusage,23/08/2025 01:30:00 AM,23/08/2025 01:59:59 AM,0.053,0,A
9000000001,90000000001,000000000009999999,MRIM,99999#002,Controlledload,23/08/2025 01:30:00 AM,23/08/2025 01:59:59 AM,0.685,0,A
9000000001,90000000001,000000000009999999,MRIM,99999#001,Generalusage,23/08/2025 02:00:00 AM,23/08/2025 02:29:59 AM,0.058,0,A
9000000001,90000000001,000000000009999999,MRIM,99999#002,Controlledload,23/08/2025 02:00:00 AM,23/08/2025 02:29:59 AM,0.457,0,A
9000000001,90000000001,000000000009999999,MRIM,99999#001,Generalusage,23/08/2025 02:30:00 AM,23/08/2025 02:59:59 AM,0.099,0,A
9000000001,90000000001,000000000009999999,MRIM,99999#002,Controlledload,23/08/2025 02:30:00 AM,23/08/2025 02:59:59 AM,0.529,0,A
9000000001,90000000001,000000000009999999,MRIM,99999#001,Generalusage,23/08/2025 03:00:00 AM,23/08/2025 03:29:59 AM,0.068,0,A
9000000001,90000000001,000000000009999999,MRIM,99999#002,Controlledload,23/08/2025 03:00:00 AM,23/08/2025 03:29:59 AM,0.407,0,A
9000000001,90000000001,000000000009999999,MRIM,99999#001,Generalusage,23/08/2025 03:30:00 AM,23/08/2025 03:59:59 AM,0.043,0,A
9000000001,90000000001,000000000009999999,MRIM,99999#002,Controlledload,23/08/2025 03:30:00 AM,23/08/2025 03:59:59 AM,0.381,0,A
9000000001,90000000001,000000000009999999,MRIM,99999#001,Generalusage,23/08/2025 04:00:00 AM,23/08/2025 04:29:59 AM,0.084,0,A
9000000001,90000000001,000000000009999999,MRIM,99999#002,Controlledload,23/08/2025 04:00:00 AM,23/08/2025 04:29:59 AM,0.513,0,A
9000000001,90000000001,000000000009999999,MRIM,99999#001,Generalusage,23/08/2025 04:30:00 AM,23/08/2025 04:59:59 AM,0.087,0,A
9000000001,90000000001,000000000009999999,MRIM,99999#002,Controlledload,23/08/2025 04:30:00 AM,23/08/2025 04:59:59 AM,0.302,0,A
9000000001,90000000001,000000000009999999,MRIM,99999#001,Generalusage,23/08/2025 05:00:00 AM,23/08/2025 05:29:59 AM,0.084,0,A
9000000001,90000000001,000000000009999999,MRIM,99999#002,Controlledload,23/08/2025 05:00:00 AM,23/08/2025 05:29:59 AM,0.664,0,A
9000000001,90000000001,000000000009999999,MRIM,99999#001,Generalusage,23/08/2025 05:30:00 AM,23/08/2025 05:59:59 AM,0.108,0,A
9000000001,90000000001,000000000009999999,MRIM,99999#002,Controlledload,23/08/2025 05:30:00 AM,23/08/2025 05:59:59 AM,0.549,0,A
9000000001,90000000001,000000000009999999,MRIM,99999#001,Generalusage,23/08/2025 06:00:00 AM,23/08/2025 06:29:59 AM,0.152,0,A
9000000001,90000000001,000000000009999999,MRIM,99999#002,Controlledload,23/08/2025 06:00:00 AM,23/08/2025 06:29:59 AM,0.0,0,A
9000000001,90000000001,000000000009999999,MRIM,99999#001,Generalusage,23/08/2025 06:30:00 AM,23/08/2025 06:59:59 AM,0.311,0,A
9000000001,90000000001,000000000009999999,MRIM,99999#002,Controlledload,23/08/2025 06:30:00 AM,23/08/2025 06:59:59 AM,0.0,0,A
9000000001,90000000001,000000000009999999,MRIM,99999#001,Generalusage,23/08/2025 07:00:00 AM,23/08/2025 07:29:59 AM,0.382,0,A
9000000001,90000000001,000000000009999999,MRIM,99999#002,Controlledload,23/08/2025 07:00:00 AM,23/08/2025 07:29:59 AM,0.0,0,A
9000000001,90000000001,000000000009999999,MRIM,99999#001,Generalusage,23/08/2025 07:30:00 AM,23/08/2025 07:59:59 AM,0.398,0,A
9000000001,90000000001,000000000009999999,MRIM,99999#002,Controlledload,23/08/2025 07:30:00 AM,23/08/2025 07:59:59 AM,0.0,0,A
9000000001,90000000001,000000000009999999,MRIM,99999#001,Generalusage,23/08/2025 08:00:00 AM,23/08/2025 08:29:59 AM,0.354,0,A
9000000001,90000000001,000000000009999999,MRIM,99999#002,Controlledload,23/08/2025 08:00:00 AM,23/08/2025 08:29:59 AM,0.0,0,A
9000000001,90000000001,000000000009999999,MRIM,99999#001,Generalusage,23/08/2025 08:30:00 AM,23/08/2025 08:59:59 AM,0.289,0,A
9000000001,90000000001,000000000009999999,MRIM,99999#002,Controlledload,23/08/2025 08:30:00 AM,23/08/2025 08:59:59 AM,0.0,0,A
9000000001,90000000001,000000000009999999,MRIM,99999#001,Generalusage,23/08/2025 09:00:00 AM,23/08/2025 09:29:59 AM,0.2,0,A
9000000001,90000000001,000000000009999999,MRIM,99999#002,Controlledload,23/08/2025 09:00:00 AM,23/08/2025 09:29:59 AM,0.0,0,A
9000000001,90000000001,000000000009999999,MRIM,99999#001,Generalusage,23/08/2025 09:30:00 AM,23/08/2025 09:59:59 AM,0.116,0,A
9000000001,90000000001,000000000009999999,MRIM,99999#002,Controlledload,23/08/2025 09:30:00 AM,23/08/2025 09:59:59 AM,0.0,0,A
9000000001,90000000001,000000000009999999,MRIM,99999#001,Generalusage,23/08/2025 10:00:00 AM,23/08/2025 10:29:59 AM,0.171,0,A
9000000001,90000000001,000000000009999999,MRIM,99999#002,Controlledload,23/08/2025 10:00:00 AM,23/08/2025 10:29:59 AM,0.0,0,A
9000000001,90000000001,000000000009999999,MRIM,99999#001,Generalusage,23/08/2025 10:30:00 AM,23/08/2025 10:59:59 AM,0.186,0,A
9000000001,90000000001,000000000009999999,MRIM,99999#002,Controlledload,23/08/2025 10:30:00 AM,23/08/2025 10:59:59 AM,0.0,0,A
9000000001,90000000001,000000000009999999,MRIM,99999#001,Generalusage,23/08/2025 11:00:00 AM,23/08/2025 11:29:59 AM,0.191,0,A
9000000001,90000000001,000000000009999999,MRIM,99999#002,Controlledload,23/08/2025 11:00:00 AM,23/08/2025 11:29:59 AM,0.0,0,A
9000000001,90000000001,000000000009999999,MRIM,99999#001,Generalusage,23/08/2025 11:30:00 AM,23/08/2025 11:59:59 AM,0.21,0,A
9000000001,90000000001,000000000009999999,MRIM,99999#002,Controlledload,23/08/2025 11:30:00 AM,23/08/2025 11:59:59 AM,0.0,0,A
9000000001,90000000001,000000000009999999,MRIM,99999#001,Generalusage,23/08/2025 12:00:00 PM,23/08/2025 12:29:59 PM,0.3,0,A
9000000001,90000000001,000000000009999999,MRIM,99999#002,Controlledload,23/08/2025 12:00:00 PM,23/08/2025 12:29:59 PM,0.0,0,A
9000000001,90000000001,000000000009999999,MRIM,99999#001,Generalusage,23/08/2025 12:30:00 PM,23/08/2025 12:59:59 PM,0.305,0,A
9000000001,90000000001,000000000009999999,MRIM,99999#002,Controlledload,23/08/2025 12:30:00 PM,23/08/2025 12:59:59 PM,0.0,0,A
9000000001,90000000001,000000000009999999,MRIM,99999#001,Generalusage,23/08/2025 01:00:00 PM,23/08/2025 01:29:59 PM,0.33,0,A
9000000001,90000000001,000000000009999999,MRIM,99999#002,Controlledload,23/08/2025 01:00:00 PM,23/08/2025 01:29:59 PM,0.0,0,A
9000000001,90000000001,000000000009999999,MRIM,99999#001,Generalusage,23/08/2025 01:30:00 PM,23/08/2025 01:59:59 PM,0.305,0,A
9000000001,90000000001,000000000009999999,MRIM,99999#002,Controlledload,23/08/2025 01:30:00 PM,23/08/2025 01:59:59 PM,0.0,0,A
9000000001,90000000001,000000000009999999,MRIM,99999#001,Generalusage,23/08/2025 02:00:00 PM,23/08/2025 02:29:59 PM,0.261,0,A
9000000001,90000000001,000000000009999999,MRIM,99999#002,Controlledload,23/08/2025 02:00:00 PM,23/08/2025 02:29:59 PM,0.0,0,A
9000000001,90000000001,000000000009999999,MRIM,99999#001,Generalusage,23/08/2025 02:30:00 PM,23/08/2025 02:59:59 PM,0.261,0,A
9000000001,90000000001,000000000009999999,MRIM,99999#002,Controlledload,23/08/2025 02:30:00 PM,23/08/2025 02:59:59 PM,0.0,0,A
9000000001,90000000001,000000000009999999,MRIM,99999#001,Generalusage,23/08/2025 03:00:00 PM,23/08/2025 03:29:59 PM,0.23,0,A
9000000001,90000000001,000000000009999999,MRIM,99999#002,Controlledload,23/08/2025 03:00:00 PM,23/08/2025 03:29:59 PM,0.0,0,A
9000000001,90000000001,000000000009999999,MRIM,99999#001,Generalusage,23/08/2025 03:30:00 PM,23/08/2025 03:59:59 PM,0.145,0,A
9000000001,90000000001,000000000009999999,MRIM,99999#002,Controlledload,23/08/2025 03:30:00 PM,23/08/2025 03:59:59 PM,0.0,0,A
9000000001,90000000001,000000000009999999,MRIM,99999#001,Generalusage,23/08/2025 04:00:00 PM,23/08/2025 04:29:59 PM,0.154,0,A
9000000001,90000000001,000000000009999999,MRIM,99999#002,Controlledload,23/08/2025 04:00:00 PM,23/08/2025 04:29:59 PM,0.0,0,A
9000000001,90000000001,000000000009999999,MRIM,99999#001,Generalusage,23/08/2025 04:30:00 PM,23/08/2025 04:59:59 PM,0.164,0,A
9000000001,90000000001,000000000009999999,MRIM,99999#002,Controlledload,23/08/2025 04:30:00 PM,23/08/2025 04:59:59 PM,0.0,0,A
9000000001,90000000001,000000000009999999,MRIM,99999#001,Generalusage,23/08/2025 05:00:00 PM,23/08/2025 05:29:59 PM,0.27,0,A
9000000001,90000000001,000000000009999999,MRIM,99999#002,Controlledload,23/08/2025 05:00:00 PM,23/08/2025 05:29:59 PM,0.0,0,A
9000000001,90000000001,000000000009999999,MRIM,99999#001,Generalusage,23/08/2025 05:30:00 PM,23/08/2025 05:59:59 PM,0.358,0,A
9000000001,90000000001,000000000009999999,MRIM,99999#002,Controlledload,23/08/2025 05:30:00 PM,23/08/2025 05:59:59 PM,0.0,0,A
9000000001,90000000001,000000000009999999,MRIM,99999#001,Generalusage,23/08/2025 06:00:00 PM,23/08/2025 06:29:59 PM,0.525,0,A
9000000001,90000000001,000000000009999999,MRIM,99999#002,Controlledload,23/08/2025 06:00:00 PM,23/08/2025 06:29:59 PM,0.0,0,A
9000000001,90000000001,000000000009999999,MRIM,99999#001,Generalusage,23/08/2025 06:30:00 PM,23/08/2025 06:59:59 PM,0.644,0,A
9000000001,90000000001,000000000009999999,MRIM,99999#002,Controlledload,23/08/2025 06:30:00 PM,23/08/2025 06:59:59 PM,0.0,0,A
9000000001,90000000001,000000000009999999,MRIM,99999#001,Generalusage,23/08/2025 07:00:00 PM,23/08/2025 07:29:59 PM,0.65,0,A
9000000001,90000000001,000000000009999999,MRIM,99999#002,Controlledload,23/08/2025 07:00:00 PM,23/08/2025 07:29:59 PM,0.0,0,A
9000000001,90000000001,000000000009999999,MRIM,99999#001,Generalusage,23/08/2025 07:30:00 PM,23/08/2025 07:59:59 PM,0.638,0,A
9000000001,90000000001,000000000009999999,MRIM,99999#002,Controlledload,23/08/2025 07:30:00 PM,23/08/2025 07:59:59 PM,0.0,0,A
9000000001,90000000001,000000000009999999,MRIM,99999#001,Generalusage,23/08/2025 08:00:00 PM,23/08/2025 08:29:59 PM,0.489,0,A
9000000001,90000000001,000000000009999999,MRIM,99999#002,Controlledload,23/08/2025 08:00:00 PM,23/08/2025 08:29:59 PM,0.0,0,A
9000000001,90000000001,000000000009999999,MRIM,99999#001,Generalusage,23/08/2025 08:30:00 PM,23/08/2025 08:59:59 PM,0.379,0,A
9000000001,90000000001,000000000009999999,MRIM,99999#002,Controlledload,23/08/2025 08:30:00 PM,23/08/2025 08:59:59 PM,0.0,0,A
9000000001,90000000001,000000000009999999,MRIM,99999#001,Generalusage,23/08/2025 09:00:00 PM,23/08/2025 09:29:59 PM,0.224,0,A
9000000001,90000000001,000000000009999999,MRIM,99999#002,Controlledload,23/08/2025 09:00:00 PM,23/08/2025 09:29:59 PM,0.0,0,A
9000000001,90000000001,000000000009999999,MRIM,99999#001,Generalusage,23/08/2025 09:30:00 PM,23/08/2025 09:59:59 PM,0.162,0,A
9000000001,90000000001,000000000009999999,MRIM,99999#002,Controlledload,23/08/2025 09:30:00 PM,23/08/2025 09:59:59 PM,0.0,0,A
9000000001,90000000001,000000000009999999,MRIM,99999#001,Generalusage,23/08/2025 10:00:00 PM,23/08/2025 10:29:59 PM,0.08,0,A
9000000001,90000000001,000000000009999999,MRIM,99999#002,Controlledload,23/08/2025 10:00:00 PM,23/08/2025 10:29:59 PM,0.0,0,A
9000000001,90000000001,000000000009999999,MRIM,99999#001,Generalusage,23/08/2025 10:30:00 PM,23/08/2025 10:59:59 PM,0.061,0,A
9000000001,90000000001,000000000009999999,MRIM,99999#002,Controlledload,23/08/2025 10:30:00 PM,23/08/2025 10:59:59 PM,0.0,0,A
9000000001,90000000001,000000000009999999,MRIM,99999#001,Generalusage,23/08/2025 11:00:00 PM,23/08/2025 11:29:59 PM,0.074,0,A
9000000001,90000000001,000000000009999999,MRIM,99999#002,Controlledload,23/08/2025 11:00:00 PM,23/08/2025 11:29:59 PM,0.699,0,A
9000000001,90000000001,000000000009999999,MRIM,99999#001,Generalusage,23/08/2025 11:30:00 PM,23/08/2025 11:59:59 PM,0.065,0,A
9000000001,90000000001,000000000009999999,MRIM,99999#002,Controlledload,23/08/2025 11:30:00 PM,23/08/2025 11:59:59 PM,0.274,0,A
9000000001,90000000001,000000000009999999,MRIM,99999#001,Generalusage,24/08/2025 12:00:00 AM,24/08/2025 12:29:59 AM,0.068,0,A
9000000001,90000000001,000000000009999999,MRIM,99999#002,Controlledload,24/08/2025 12:00:00 AM,24/08/2025 12:29:59 AM,0.373,0,A
9000000001,90000000001,000000000009999999,MRIM,99999#001,Generalusage,24/08/2025 12:30:00 AM,24/08/2025 12:59:59 AM,0.069,0,A
9000000001,90000000001,000000000009999999,MRIM,99999#002,Controlledload,24/08/2025 12:30:00 AM,24/08/2025 12:59:59 AM,0.472,0,A
9000000001,90000000001,000000000009999999,MRIM,99999#001,Generalusage,24/08/2025 01:00:00 AM,24/08/2025 01:29:59 AM,0.062,0,A
9000000001,90000000001,000000000009999999,MRIM,99999#002,Controlledload,24/08/2025 01:00:00 AM,24/08/2025 01:29:59 AM,0.361,0,A
9000000001,90000000001,000000000009999999,MRIM,99999#001,Generalusage,24/08/2025 01:30:00 AM,24/08/2025 01:59:59 AM,0.043,0,A
9000000001,90000000001,000000000009999999,MRIM,99999#002,Controlledload,24/08/2025 01:30:00 AM,24/08/2025 01:59:59 AM,0.549,0,A
9000000001,90000000001,000000000009999999,MRIM,99999#001,Generalusage,24/08/2025 02:00:00 AM,24/08/2025 02:29:59 AM,0.07,0,A
9000000001,90000000001,000000000009999999,MRIM,99999#002,Controlledload,24/08/2025 02:00:00 AM,24/08/2025 02:29:59 AM,0.317,0,A
9000000001,90000000001,000000000009999999,MRIM,99999#001,Generalusage,24/08/2025 02:30:00 AM,24/08/2025 02:59:59 AM,0.084,0,A
9000000001,90000000001,000000000009999999,MRIM,99999#002,Controlledload,24/08/2025 02:30:00 AM,24/08/2025 02:59:59 AM,0.222,0,A
9000000001,90000000001,000000000009999999,MRIM,99999#001,Generalusage,24/08/2025 03:00:00 AM,24/08/2025 03:29:59 AM,0.082,0,A
9000000001,90000000001,000000000009999999,MRIM,99999#002,Controlledload,24/08/2025 03:00:00 AM,24/08/2025 03:29:59 AM,0.553,0,A
9000000001,90000000001,000000000009999999,MRIM,99999#001,Generalusage,24/08/2025 03:30:00 AM,24/08/2025 03:59:59 AM,0.087,0,A
9000000001,90000000001,000000000009999999,MRIM,99999#002,Controlledload,24/08/2025 03:30:00 AM,24/08/2025 03:59:59 AM,0.393,0,A
9000000001,90000000001,000000000009999999,MRIM,99999#001,Generalusage,24/08/2025 04:00:00 AM,24/08/2025 04:29:59 AM,0.077,0,A
9000000001,90000000001,000000000009999999,MRIM,99999#002,Controlledload,24/08/2025 04:00:00 AM,24/08/2025 04:29:59 AM,0.61,0,A
9000000001,90000000001,000000000009999999,MRIM,99999#001,Generalusage,24/08/2025 04:30:00 AM,24/08/2025 04:59:59 AM,0.103,0,A
9000000001,90000000001,000000000009999999,MRIM,99999#002,Controlledload,24/08/2025 04:30:00 AM,24/08/2025 04:59:59 AM,0.448,0,A
9000000001,90000000001,000000000009999999,MRIM,99999#001,Generalusage,24/08/2025 05:00:00 AM,24/08/2025 05:29:59 AM,0.048,0,A
9000000001,90000000001,000000000009999999,MRIM,99999#002,Controlledload,24/08/2025 05:00:00 AM,24/08/2025 05:29:59 AM,0.451,0,A
9000000001,90000000001,000000000009999999,MRIM,99999#001,Generalusage,24/08/2025 05:30:00 AM,24/08/2025 05:59:59 AM,0.119,0,A
9000000001,90000000001,000000000009999999,MRIM,99999#002,Controlledload,24/08/2025 05:30:00 AM,24/08/2025 05:59:59 AM,0.635,0,A
9000000001,90000000001,000000000009999999,MRIM,99999#001,Generalusage,24/08/2025 06:00:00 AM,24/08/2025 06:29:59 AM,0.205,0,A
9000000001,90000000001,000000000009999999,MRIM,99999#002,Controlledload,24/08/2025 06:00:00 AM,24/08/2025 06:29:59 AM,0.0,0,A
9000000001,90000000001,000000000009999999,MRIM,99999#001,Generalusage,24/08/2025 06:30:00 AM,24/08/2025 06:59:59 AM,0.273,0,A
9000000001,90000000001,000000000009999999,MRIM,99999#002,Controlledload,24/08/2025 06:30:00 AM,24/08/2025 06:59:59 AM,0.0,0,A
9000000001,90000000001,000000000009999999,MRIM,99999#001,Generalusage,24/08/2025 07:00:00 AM,24/08/2025 07:29:59 AM,0.376,0,A
9000000001,90000000001,000000000009999999,MRIM,99999#002,Controlledload,24/08/2025 07:00:00 AM,24/08/2025 07:29:59 AM,0.0,0,A
9000000001,90000000001,000000000009999999,MRIM,99999#001,Generalusage,24/08/2025 07:30:00 AM,24/08/2025 07:59:59 AM,0.414,0,A
9000000001,90000000001,000000000009999999,MRIM,99999#002,Controlledload,24/08/2025 07:30:00 AM,24/08/2025 07:59:59 AM,0.0,0,A
9000000001,90000000001,000000000009999999,MRIM,99999#001,Generalusage,24/08/2025 08:00:00 AM,24/08/2025 08:29:59 AM,0.393,0,A
9000000001,90000000001,000000000009999999,MRIM,99999#002,Controlledload,24/08/2025 08:00:00 AM,24/08/2025 08:29:59 AM,0.0,0,A
9000000001,90000000001,000000000009999999,MRIM,99999#001,Generalusage,24/08/2025 08:30:00 AM,24/08/2025 08:59:59 AM,0.28,0,A
9000000001,90000000001,000000000009999999,MRIM,99999#002,Controlledload,24/08/2025 08:30:00 AM,24/08/2025 08:59:59 AM,0.0,0,A
9000000001,90000000001,000000000009999999,MRIM,99999#001,Generalusage,24/08/2025 09:00:00 AM,24/08/2025 09:29:59 AM,0.207,0,A
9000000001,90000000001,000000000009999999,MRIM,99999#002,Controlledload,24/08/2025 09:00:00 AM,24/08/2025 09:29:59 AM,0.0,0,A
9000000001,90000000001,000000000009999999,MRIM,99999#001,Generalusage,24/08/2025 09:30:00 AM,24/08/2025 09:59:59 AM,0.121,0,A
9000000001,90000000001,000000000009999999,MRIM,99999#002,Controlledload,24/08/2025 09:30:00 AM,24/08/2025 09:59:59 AM,0.0,0,A
9000000001,90000000001,000000000009999999,MRIM,99999#001,Generalusage,24/08/2025 10:00:00 AM,24/08/2025 10:29:59 AM,0.134,0,A
9000000001,90000000001,000000000009999999,MRIM,99999#002,Controlledload,24/08/2025 10:00:00 AM,24/08/2025 10:29:59 AM,0.0,0,A
9000000001,90000000001,000000000009999999,MRIM,99999#001,Generalusage,24/08/2025 10:30:00 AM,24/08/2025 10:59:59 AM,0.19,0,A
9000000001,90000000001,000000000009999999,MRIM,99999#002,Controlledload,24/08/2025 10:30:00 AM,24/08/2025 10:59:59 AM,0.0,0,A
9000000001,90000000001,000000000009999999,MRIM,99999#001,Generalusage,24/08/2025 11:00:00 AM,24/08/2025 11:29:59 AM,0.183,0,A
9000000001,90000000001,000000000009999999,MRIM,99999#002,Controlledload,24/08/2025 11:00:00 AM,24/08/2025 11:29:59 AM,0.0,0,A
9000000001,90000000001,000000000009999999,MRIM,99999#001,Generalusage,24/08/2025 11:30:00 AM,24/08/2025 11:59:59 AM,0.25,0,A
9000000001,90000000001,000000000009999999,MRIM,99999#002,Controlledload,24/08/2025 11:30:00 AM,24/08/2025 11:59:59 AM,0.0,0,A
9000000001,90000000001,000000000009999999,MRIM,99999#001,Generalusage,24/08/2025 12:00:00 PM,24/08/2025 12:29:59 PM,0.287,0,A
9000000001,90000000001,000000000009999999,MRIM,99999#002,Controlledload,24/08/2025 12:00:00 PM,24/08/2025 12:29:59 PM,0.0,0,A
9000000001,90000000001,000000000009999999,MRIM,99999#001,Generalusage,24/08/2025 12:30:00 PM,24/08/2025 12:59:59 PM,0.329,0,A
9000000001,90000000001,000000000009999999,MRIM,99999#002,Controlledload,24/08/2025 12:30:00 PM,24/08/2025 12:59:59 PM,0.0,0,A
9000000001,90000000001,000000000009999999,MRIM,99999#001,Generalusage,24/08/2025 01:00:00 PM,24/08/2025 01:29:59 PM,0.34,0,A
9000000001,90000000001,000000000009999999,MRIM,99999#002,Controlledload,24/08/2025 01:00:00 PM,24/08/2025 01:29:59 PM,0.0,0,A
9000000001,90000000001,000000000009999999,MRIM,99999#001,Generalusage,24/08/2025 01:30:00 PM,24/08/2025 01:59:59 PM,0.33,0,A
9000000001,90000000001,000000000009999999,MRIM,99999#002,Controlledload,24/08/2025 01:30:00 PM,24/08/2025 01:59:59 PM,0.0,0,A
9000000001,90000000001,000000000009999999,MRIM,99999#001,Generalusage,24/08/2025 02:00:00 PM,24/08/2025 02:29:59 PM,0.268,0,A
9000000001,90000000001,000000000009999999,MRIM,99999#002,Controlledload,24/08/2025 02:00:00 PM,24/08/2025 02:29:59 PM,0.0,0,A
9000000001,90000000001,000000000009999999,MRIM,99999#001,Generalusage,24/08/2025 02:30:00 PM,24/08/2025 02:59:59 PM,0.225,0,A
9000000001,90000000001,000000000009999999,MRIM,99999#002,Controlledload,24/08/2025 02:30:00 PM,24/08/2025 02:59:59 PM,0.0,0,A
9000000001,90000000001,000000000009999999,MRIM,99999#001,Generalusage,24/08/2025 03:00:00 PM,24/08/2025 03:29:59 PM,0.212,0,A
9000000001,90000000001,000000000009999999,MRIM,99999#002,Controlledload,24/08/2025 03:00:00 PM,24/08/2025 03:29:59 PM,0.0,0,A
9000000001,90000000001,000000000009999999,MRIM,99999#001,Generalusage,24/08/2025 03:30:00 PM,24/08/2025 03:59:59 PM,0.181,0,A
9000000001,90000000001,000000000009999999,MRIM,99999#002,Controlledload,24/08/2025 03:30:00 PM,24/08/2025 03:59:59 PM,0.0,0,A
9000000001,90000000001,000000000009999999,MRIM,99999#001,Generalusage,24/08/2025 04:00:00 PM,24/08/2025 04:29:59 PM,0.177,0,A
9000000001,90000000001,000000000009999999,MRIM,99999#002,Controlledload,24/08/2025 04:00:00 PM,24/08/2025 04:29:59 PM,0.0,0,A
9000000001,90000000001,000000000009999999,MRIM,99999#001,Generalusage,24/08/2025 04:30:00 PM,24/08/2025 04:59:59 PM,0.14,0,A
9000000001,90000000001,000000000009999999,MRIM,99999#002,Controlledload,24/08/2025 04:30:00 PM,24/08/2025 04:59:59 PM,0.0,0,A
9000000001,90000000001,000000000009999999,MRIM,99999#001,Generalusage,24/08/2025 05:00:00 PM,24/08/2025 05:29:59 PM,0.21,0,A
9000000001,90000000001,000000000009999999,MRIM,99999#002,Controlledload,24/08/2025 05:00:00 PM,24/08/2025 05:29:59 PM,0.0,0,A
9000000001,90000000001,000000000009999999,MRIM,99999#001,Generalusage,24/08/2025 05:30:00 PM,24/08/2025 05:59:59 PM,0.366,0,A
9000000001,90000000001,000000000009999999,MRIM,99999#002,Controlledload,24/08/2025 05:30:00 PM,24/08/2025 05:59:59 PM,0.0,0,A
9000000001,90000000001,000000000009999999,MRIM,99999#001,Generalusage,24/08/2025 06:00:00 PM,24/08/2025 06:29:59 PM,0.528,0,A
9000000001,90000000001,000000000009999999,MRIM,99999#002,Controlledload,24/08/2025 06:00:00 PM,24/08/2025 06:29:59 PM,0.0,0,A
9000000001,90000000001,000000000009999999,MRIM,99999#001,Generalusage,24/08/2025 06:30:00 PM,24/08/2025 06:59:59 PM,0.653,0,A
9000000001,90000000001,000000000009999999,MRIM,99999#002,Controlledload,24/08/2025 06:30:00 PM,24/08/2025 06:59:59 PM,0.0,0,A
9000000001,90000000001,000000000009999999,MRIM,99999#001,Generalusage,24/08/2025 07:00:00 PM,24/08/2025 07:29:59 PM,0.683,0,A
9000000001,90000000001,000000000009999999,MRIM,99999#002,Controlledload,24/08/2025 07:00:00 PM,24/08/2025 07:29:59 PM,0.0,0,A
9000000001,90000000001,000000000009999999,MRIM,99999#001,Generalusage,24/08/2025 07:30:00 PM,24/08/2025 07:59:59 PM,0.613,0,A
9000000001,90000000001,000000000009999999,MRIM,99999#002,Controlledload,24/08/2025 07:30:00 PM,24/08/2025 07:59:59 PM,0.0,0,A
9000000001,90000000001,000000000009999999,MRIM,99999#001,Generalusage,24/08/2025 08:00:00 PM,24/08/2025 08:29:59 PM,0.467,0,A
9000000001,90000000001,000000000009999999,MRIM,99999#002,Controlledload,24/08/2025 08:00:00 PM,24/08/2025 08:29:59 PM,0.0,0,A
9000000001,90000000001,000000000009999999,MRIM,99999#001,Generalusage,24/08/2025 08:30:00 PM,24/08/2025 08:59:59 PM,0.358,0,A
9000000001,90000000001,000000000009999999,MRIM,99999#002,Controlledload,24/08/2025 08:30:00 PM,24/08/2025 08:59:59 PM,0.0,0,A
9000000001,90000000001,000000000009999999,MRIM,99999#001,Generalusage,24/08/2025 09:00:00 PM,24/08/2025 09:29:59 PM,0.249,0,A
9000000001,90000000001,000000000009999999,MRIM,99999#002,Controlledload,24/08/2025 09:00:00 PM,24/08/2025 09:29:59 PM,0.0,0,A
9000000001,90000000001,000000000009999999,MRIM,99999#001,Generalusage,24/08/2025 09:30:00 PM,24/08/2025 09:59:59 PM,0.136,0,A
9000000001,90000000001,000000000009999999,MRIM,99999#002,Controlledload,24/08/2025 09:30:00 PM,24/08/2025 09:59:59 PM,0.0,0,A
9000000001,90000000001,000000000009999999,MRIM,99999#001,Generalusage,24/08/2025 10:00:00 PM,24/08/2025 10:29:59 PM,0.108,0,A
9000000001,90000000001,000000000009999999,MRIM,99999#002,Controlledload,24/08/2025 10:00:00 PM,24/08/2025 10:29:59 PM,0.0,0,A
9000000001,90000000001,000000000009999999,MRIM,99999#001,Generalusage,24/08/2025 10:30:00 PM,24/08/2025 10:59:59 PM,0.103,0,A
9000000001,90000000001,000000000009999999,MRIM,99999#002,Controlledload,24/08/2025 10:30:00 PM,24/08/2025 10:59:59 PM,0.0,0,A
9000000001,90000000001,000000000009999999,MRIM,99999#001,Generalusage,24/08/2025 11:00:00 PM,24/08/2025 11:29:59 PM,0.036,0,A
9000000001,90000000001,000000000009999999,MRIM,99999#002,Controlledload,24/08/2025 11:00:00 PM,24/08/2025 11:29:59 PM,0.598,0,A
9000000001,90000000001,000000000009999999,MRIM,99999#001,Generalusage,24/08/2025 11:30:00 PM,24/08/2025 11:59:59 PM,0.051,0,A
9000000001,90000000001,000000000009999999,MRIM,99999#002,Controlledload,24/08/2025 11:30:00 PM,24/08/2025 11:59:59 PM,0.387,0,A
9000000001,90000000001,000000000009999999,MRIM,99999#001,Generalusage,25/08/2025 12:00:00 AM,25/08/2025 12:29:59 AM,0.04,0,A
9000000001,90000000001,000000000009999999,MRIM,99999#002,Controlledload,25/08/2025 12:00:00 AM,25/08/2025 12:29:59 AM,0.466,0,A
9000000001,90000000001,000000000009999999,MRIM,99999#001,Generalusage,25/08/2025 12:30:00 AM,25/08/2025 12:59:59 AM,0.07,0,A
9000000001,90000000001,000000000009999999,MRIM,99999#002,Controlledload,25/08/2025 12:30:00 AM,25/08/2025 12:59:59 AM,0.596,0,A
9000000001,90000000001,000000000009999999,MRIM,99999#001,Generalusage,25/08/2025 01:00:00 AM,25/08/2025 01:29:59 AM,0.042,0,A
9000000001,90000000001,000000000009999999,MRIM,99999#002,Controlledload,25/08/2025 01:00:00 AM,25/08/2025 01:29:59 AM,0.239,0,A
9000000001,90000000001,000000000009999999,MRIM,99999#001,Generalusage,25/08/2025 01:30:00 AM,25/08/2025 01:59:59 AM,0.091,0,A
9000000001,90000000001,000000000009999999,MRIM,99999#002,Controlledload,25/08/2025 01:30:00 AM,25/08/2025 01:59:59 AM,0.51,0,A
9000000001,90000000001,000000000009999999,MRIM,99999#001,Generalusage,25/08/2025 02:00:00 AM,25/08/2025 02:29:59 AM,0.047,0,A
9000000001,90000000001,000000000009999999,MRIM,99999#002,Controlledload,25/08/2025 02:00:00 AM,25/08/2025 02:29:59 AM,0.656,0,A
9000000001,90000000001,000000000009999999,MRIM,99999#001,Generalusage,25/08/2025 02:30:00 AM,25/08/2025 02:59:59 AM,0.04,0,A
9000000001,90000000001,000000000009999999,MRIM,99999#002,Controlledload,25/08/2025 02:30:00 AM,25/08/2025 02:59:59 AM,0.431,0,A
9000000001,90000000001,000000000009999999,MRIM,99999#001,Generalusage,25/08/2025 03:00:00 AM,25/08/2025 03:29:59 AM,0.048,0,A
9000000001,90000000001,000000000009999999,MRIM,99999#002,Controlledload,25/08/2025 03:00:00 AM,25/08/2025 03:29:59 AM,0.328,0,A
9000000001,90000000001,000000000009999999,MRIM,99999#001,Generalusage,25/08/2025 03:30:00 AM,25/08/2025 03:59:59 AM,0.031,0,A
9000000001,90000000001,000000000009999999,MRIM,99999#002,Controlledload,25/08/2025 03:30:00 AM,25/08/2025 03:59:59 AM,0.602,0,A
9000000001,90000000001,000000000009999999,MRIM,99999#001,Generalusage,25/08/2025 04:00:00 AM,25/08/2025 04:29:59 AM,0.094,0,A
9000000001,90000000001,000000000009999999,MRIM,99999#002,Controlledload,25/08/2025 04:00:00 AM,25/08/2025 04:29:59 AM,0.539,0,A
9000000001,90000000001,000000000009999999,MRIM,99999#001,Generalusage,25/08/2025 04:30:00 AM,25/08/2025 04:59:59 AM,0.045,0,A
9000000001,90000000001,000000000009999999,MRIM,99999#002,Controlledload,25/08/2025 04:30:00 AM,25/08/2025 04:59:59 AM,0.421,0,A
9000000001,90000000001,000000000009999999,MRIM,99999#001,Generalusage,25/08/2025 05:00:00 AM,25/08/2025 05:29:59 AM,0.07,0,A
9000000001,90000000001,000000000009999999,MRIM,99999#002,Controlledload,25/08/2025 05:00:00 AM,25/08/2025 05:29:59 AM,0.494,0,A
9000000001,90000000001,000000000009999999,MRIM,99999#001,Generalusage,25/08/2025 05:30:00 AM,25/08/2025 05:59:59 AM,0.122,0,A
9000000001,90000000001,000000000009999999,MRIM,99999#002,Controlledload,25/08/2025 05:30:00 AM,25/08/2025 05:59:59 AM,0.412,0,A
9000000001,90000000001,000000000009999999,MRIM,99999#001,Generalusage,25/08/2025 06:00:00 AM,25/08/2025 06:29:59 AM,0.161,0,A
9000000001,90000000001,000000000009999999,MRIM,99999#002,Controlledload,25/08/2025 06:00:00 AM,25/08/2025 06:29:59 AM,0.0,0,A
9000000001,90000000001,000000000009999999,MRIM,99999#001,Generalusage,25/08/2025 06:30:00 AM,25/08/2025 06:59:59 AM,0.302,0,A
9000000001,90000000001,000000000009999999,MRIM,99999#002,Controlledload,25/08/2025 06:30:00 AM,25/08/2025 06:59:59 AM,0.0,0,A
9000000001,90000000001,000000000009999999,MRIM,99999#001,Generalusage,25/08/2025 07:00:00 AM,25/08/2025 07:29:59 AM,0.353,0,A
9000000001,90000000001,000000000009999999,MRIM,99999#002,Controlledload,25/08/2025 07:00:00 AM,25/08/2025 07:29:59 AM,0.0,0,A
9000000001,90000000001,000000000009999999,MRIM,99999#001,Generalusage,25/08/2025 07:30:00 AM,25/08/2025 07:59:59 AM,0.407,0,A
9000000001,90000000001,000000000009999999,MRIM,99999#002,Controlledload,25/08/2025 07:30:00 AM,25/08/2025 07:59:59 AM,0.0,0,A
9000000001,90000000001,000000000009999999,MRIM,99999#001,Generalusage,25/08/2025 08:00:00 AM,25/08/2025 08:29:59 AM,0.373,0,A
9000000001,90000000001,000000000009999999,MRIM,99999#002,Controlledload,25/08/2025 08:00:00 AM,25/08/2025 08:29:59 AM,0.0,0,A
9000000001,90000000001,000000000009999999,MRIM,99999#001,Generalusage,25/08/2025 08:30:00 AM,25/08/2025 08:59:59 AM,0.261,0,A
9000000001,90000000001,000000000009999999,MRIM,99999#002,Controlledload,25/08/2025 08:30:00 AM,25/08/2025 08:59:59 AM,0.0,0,A
9000000001,90000000001,000000000009999999,MRIM,99999#001,Generalusage,25/08/2025 09:00:00 AM,25/08/2025 09:29:59 AM,0.187,0,A
9000000001,90000000001,000000000009999999,MRIM,99999#002,Controlledload,25/08/2025 09:00:00 AM,25/08/2025 09:29:59 AM,0.0,0,A
9000000001,90000000001,000000000009999999,MRIM,99999#001,Generalusage,25/08/2025 09:30:00 AM,25/08/2025 09:59:59 AM,0.124,0,A
9000000001,90000000001,000000000009999999,MRIM,99999#002,Controlledload,25/08/2025 09:30:00 AM,25/08/2025 09:59:59 AM,0.0,0,A
9000000001,90000000001,000000000009999999,MRIM,99999#001,Generalusage,25/08/2025 10:00:00 AM,25/08/2025 10:29:59 AM,0.126,0,A
9000000001,90000000001,000000000009999999,MRIM,99999#002,Controlledload,25/08/2025 10:00:00 AM,25/08/2025 10:29:59 AM,0.0,0,A
9000000001,90000000001,000000000009999999,MRIM,99999#001,Generalusage,25/08/2025 10:30:00 AM,25/08/2025 10:59:59 AM,0.072,0,A
9000000001,90000000001,000000000009999999,MRIM,99999#002,Controlledload,25/08/2025 10:30:00 AM,25/08/2025 10:59:59 AM,0.0,0,A
9000000001,90000000001,000000000009999999,MRIM,99999#001,Generalusage,25/08/2025 11:00:00 AM,25/08/2025 11:29:59 AM,0.125,0,A
9000000001,90000000001,000000000009999999,MRIM,99999#002,Controlledload,25/08/2025 11:00:00 AM,25/08/2025 11:29:59 AM,0.0,0,A
9000000001,90000000001,000000000009999999,MRIM,99999#001,Generalusage,25/08/2025 11:30:00 AM,25/08/2025 11:59:59 AM,0.111,0,A
9000000001,90000000001,000000000009999999,MRIM,99999#002,Controlledload,25/08/2025 11:30:00 AM,25/08/2025 11:59:59 AM,0.0,0,A
9000000001,90000000001,000000000009999999,MRIM,99999#001,Generalusage,25/08/2025 12:00:00 PM,25/08/2025 12:29:59 PM,0.092,0,A
9000000001,90000000001,000000000009999999,MRIM,99999#002,Controlledload,25/08/2025 12:00:00 PM,25/08/2025 12:29:59 PM,0.0,0,A
9000000001,90000000001,000000000009999999,MRIM,99999#001,Generalusage,25/08/2025 12:30:00 PM,25/08/2025 12:59:59 PM,0.118,0,A
9000000001,90000000001,000000000009999999,MRIM,99999#002,Controlledload,25/08/2025 12:30:00 PM,25/08/2025 12:59:59 PM,0.0,0,A
9000000001,90000000001,000000000009999999,MRIM,99999#001,Generalusage,25/08/2025 01:00:00 PM,25/08/2025 01:29:59 PM,0.128,0,A
9000000001,90000000001,000000000009999999,MRIM,99999#002,Controlledload,25/08/2025 01:00:00 PM,25/08/2025 01:29:59 PM,0.0,0,A
9000000001,90000000001,000000000009999999,MRIM,99999#001,Generalusage,25/08/2025 01:30:00 PM,25/08/2025 01:59:59 PM,0.13,0,A
9000000001,90000000001,000000000009999999,MRIM,99999#002,Controlledload,25/08/2025 01:30:00 PM,25/08/2025 01:59:59 PM,0.0,0,A
9000000001,90000000001,000000000009999999,MRIM,99999#001,Generalusage,25/08/2025 02:00:00 PM,25/08/2025 02:29:59 PM,0.076,0,A
9000000001,90000000001,000000000009999999,MRIM,99999#002,Controlledload,25/08/2025 02:00:00 PM,25/08/2025 02:29:59 PM,0.0,0,A
9000000001,90000000001,000000000009999999,MRIM,99999#001,Generalusage,25/08/2025 02:30:00 PM,25/08/2025 02:59:59 PM,0.108,0,A
9000000001,90000000001,000000000009999999,MRIM,99999#002,Controlledload,25/08/2025 02:30:00 PM,25/08/2025 02:59:59 PM,0.0,0,A
9000000001,90000000001,000000000009999999,MRIM,99999#001,Generalusage,25/08/2025 03:00:00 PM,25/08/2025 03:29:59 PM,0.093,0,A
9000000001,90000000001,000000000009999999,MRIM,99999#002,Controlledload,25/08/2025 03:00:00 PM,25/08/2025 03:29:59 PM,0.0,0,A
9000000001,90000000001,000000000009999999,MRIM,99999#001,Generalusage,25/08/2025 03:30:00 PM,25/08/2025 03:59:59 PM,0.121,0,A
9000000001,90000000001,000000000009999999,MRIM,99999#002,Controlledload,25/08/2025 03:30:00 PM,25/08/2025 03:59:59 PM,0.0,0,A
9000000001,90000000001,000000000009999999,MRIM,99999#001,Generalusage,25/08/2025 04:00:00 PM,25/08/2025 04:29:59 PM,0.091,0,A
9000000001,90000000001,000000000009999999,MRIM,99999#002,Controlledload,25/08/2025 04:00:00 PM,25/08/2025 04:29:59 PM,0.0,0,A
9000000001,90000000001,000000000009999999,MRIM,99999#001,Generalusage,25/08/2025 04:30:00 PM,25/08/2025 04:59:59 PM,0.167,0,A
9000000001,90000000001,000000000009999999,MRIM,99999#002,Controlledload,25/08/2025 04:30:00 PM,25/08/2025 04:59:59 PM,0.0,0,A
9000000001,90000000001,000000000009999999,MRIM,99999#001,Generalusage,25/08/2025 05:00:00 PM,25/08/2025 05:29:59 PM,0.234,0,A
9000000001,90000000001,000000000009999999,MRIM,99999#002,Controlledload,25/08/2025 05:00:00 PM,25/08/2025 05:29:59 PM,0.0,0,A
9000000001,90000000001,000000000009999999,MRIM,99999#001,Generalusage,25/08/2025 05:30:00 PM,25/08/2025 05:59:59 PM,0.34,0,A
9000000001,90000000001,000000000009999999,MRIM,99999#002,Controlledload,25/08/2025 05:30:00 PM,25/08/2025 05:59:59 PM,0.0,0,A
9000000001,90000000001,000000000009999999,MRIM,99999#001,Generalusage,25/08/2025 06:00:00 PM,25/08/2025 06:29:59 PM,0.505,0,A
9000000001,90000000001,000000000009999999,MRIM,99999#002,Controlledload,25/08/2025 06:00:00 PM,25/08/2025 06:29:59 PM,0.0,0,A
9000000001,90000000001,000000000009999999,MRIM,99999#001,Generalusage,25/08/2025 06:30:00 PM,25/08/2025 06:59:59 PM,0.626,0,A
9000000001,90000000001,000000000009999999,MRIM,99999#002,Controlledload,25/08/2025 06:30:00 PM,25/08/2025 06:59:59 PM,0.0,0,A
9000000001,90000000001,000000000009999999,MRIM,99999#001,Generalusage,25/08/2025 07:00:00 PM,25/08/2025 07:29:59 PM,0.678,0,A
9000000001,90000000001,000000000009999999,MRIM,99999#002,Controlledload,25/08/2025 07:00:00 PM,25/08/2025 07:29:59 PM,0.0,0,A
9000000001,90000000001,000000000009999999,MRIM,99999#001,Generalusage,25/08/2025 07:30:00 PM,25/08/2025 07:59:59 PM,0.633,0,A
9000000001,90000000001,000000000009999999,MRIM,99999#002,Controlledload,25/08/2025 07:30:00 PM,25/08/2025 07:59:59 PM,0.0,0,A
9000000001,90000000001,000000000009999999,MRIM,99999#001,Generalusage,25/08/2025 08:00:00 PM,25/08/2025 08:29:59 PM,0.506,0,A
9000000001,90000000001,000000000009999999,MRIM,99999#002,Controlledload,25/08/2025 08:00:00 PM,25/08/2025 08:29:59 PM,0.0,0,A
9000000001,90000000001,000000000009999999,MRIM,99999#001,Generalusage,25/08/2025 08:30:00 PM,25/08/2025 08:59:59 PM,0.372,0,A
9000000001,90000000001,000000000009999999,MRIM,99999#002,Controlledload,25/08/2025 08:30:00 PM,25/08/2025 08:59:59 PM,0.0,0,A
9000000001,90000000001,000000000009999999,MRIM,99999#001,Generalusage,25/08/2025 09:00:00 PM,25/08/2025 09:29:59 PM,0.232,0,A
9000000001,90000000001,000000000009999999,MRIM,99999#002,Controlledload,25/08/2025 09:00:00 PM,25/08/2025 09:29:59 PM,0.0,0,A
9000000001,90000000001,000000000009999999,MRIM,99999#001,Generalusage,25/08/2025 09:30:00 PM,25/08/2025 09:59:59 PM,0.168,0,A
9000000001,90000000001,000000000009999999,MRIM,99999#002,Controlledload,25/08/2025 09:30:00 PM,25/08/2025 09:59:59 PM,0.0,0,A
9000000001,90000000001,000000000009999999,MRIM,99999#001,Generalusage,25/08/2025 10:00:00 PM,25/08/2025 10:29:59 PM,0.105,0,A
9000000001,90000000001,000000000009999999,MRIM,99999#002,Controlledload,25/08/2025 10:00:00 PM,25/08/2025 10:29:59 PM,0.0,0,A
9000000001,90000000001,000000000009999999,MRIM,99999#001,Generalusage,25/08/2025 10:30:00 PM,25/08/2025 10:59:59 PM,0.062,0,A
9000000001,90000000001,000000000009999999,MRIM,99999#002,Controlledload,25/08/2025 10:30:00 PM,25/08/2025 10:59:59 PM,0.0,0,A
9000000001,90000000001,000000000009999999,MRIM,99999#001,Generalusage,25/08/2025 11:00:00 PM,25/08/2025 11:29:59 PM,0.064,0,A
9000000001,90000000001,000000000009999999,MRIM,99999#002,Controlledload,25/08/2025 11:00:00 PM,25/08/2025 11:29:59 PM,0.49,0,A
9000000001,90000000001,000000000009999999,MRIM,99999#001,Generalusage,25/08/2025 11:30:00 PM,25/08/2025 11:59:59 PM,0.082,0,A
9000000001,90000000001,000000000009999999,MRIM,99999#002,Controlledload,25/08/2025 11:30:00 PM,25/08/2025 11:59:59 PM,0.245,0,A
9000000001,90000000001,000000000009999999,MRIM,99999#001,Generalusage,26/08/2025 12:00:00 AM,26/08/2025 12:29:59 AM,0.051,0,A
9000000001,90000000001,000000000009999999,MRIM,99999#002,Controlledload,26/08/2025 12:00:00 AM,26/08/2025 12:29:59 AM,0.574,0,A
9000000001,90000000001,000000000009999999,MRIM,99999#001,Generalusage,26/08/2025 12:30:00 AM,26/08/2025 12:59:59 AM,0.042,0,A
9000000001,90000000001,000000000009999999,MRIM,99999#002,Controlledload,26/08/2025 12:30:00 AM,26/08/2025 12:59:59 AM,0.266,0,A
9000000001,90000000001,000000000009999999,MRIM,99999#001,Generalusage,26/08/2025 01:00:00 AM,26/08/2025 01:29:59 AM,0.068,0,A
9000000001,90000000001,000000000009999999,MRIM,99999#002,Controlledload,26/08/2025 01:00:00 AM,26/08/2025 01:29:59 AM,0.686,0,A
9000000001,90000000001,000000000009999999,MRIM,99999#001,Generalusage,26/08/2025 01:30:00 AM,26/08/2025 01:59:59 AM,0.067,0,A
9000000001,90000000001,000000000009999999,MRIM,99999#002,Controlledload,26/08/2025 01:30:00 AM,26/08/2025 01:59:59 AM,0.657,0,A
9000000001,90000000001,000000000009999999,MRIM,99999#001,Generalusage,26/08/2025 02:00:00 AM,26/08/2025 02:29:59 AM,0.088,0,A
9000000001,90000000001,000000000009999999,MRIM,99999#002,Controlledload,26/08/2025 02:00:00 AM,26/08/2025 02:29:59 AM,0.328,0,A
9000000001,90000000001,000000000009999999,MRIM,99999#001,Generalusage,26/08/2025 02:30:00 AM,26/08/2025 02:59:59 AM,0.088,0,A
9000000001,90000000001,000000000009999999,MRIM,99999#002,Controlledload,26/08/2025 02:30:00 AM,26/08/2025 02:59:59 AM,0.441,0,A
9000000001,90000000001,000000000009999999,MRIM,99999#001,Generalusage,26/08/2025 03:00:00 AM,26/08/2025 03:29:59 AM,0.086,0,A
9000000001,90000000001,000000000009999999,MRIM,99999#002,Controlledload,26/08/2025 03:00:00 AM,26/08/2025 03:29:59 AM,0.573,0,A
9000000001,90000000001,000000000009999999,MRIM,99999#001,Generalusage,26/08/2025 03:30:00 AM,26/08/2025 03:59:59 AM,0.054,0,A
9000000001,90000000001,000000000009999999,MRIM,99999#002,Controlledload,26/08/2025 03:30:00 AM,26/08/2025 03:59:59 AM,0.258,0,A
9000000001,90000000001,000000000009999999,MRIM,99999#001,Generalusage,26/08/2025 04:00:00 AM,26/08/2025 04:29:59 AM,0.098,0,A
9000000001,90000000001,000000000009999999,MRIM,99999#002,Controlledload,26/08/2025 04:00:00 AM,26/08/2025 04:29:59 AM,0.27,0,A
9000000001,90000000001,000000000009999999,MRIM,99999#001,Generalusage,26/08/2025 04:30:00 AM,26/08/2025 04:59:59 AM,0.102,0,A
9000000001,90000000001,000000000009999999,MRIM,99999#002,Controlledload,26/08/2025 04:30:00 AM,26/08/2025 04:59:59 AM,0.63,0,A
9000000001,90000000001,000000000009999999,MRIM,99999#001,Generalusage,26/08/2025 05:00:00 AM,26/08/2025 05:29:59 AM,0.096,0,A
9000000001,90000000001,000000000009999999,MRIM,99999#002,Controlledload,26/08/2025 05:00:00 AM,26/08/2025 05:29:59 AM,0.69,0,A
9000000001,90000000001,000000000009999999,MRIM,99999#001,Generalusage,26/08/2025 05:30:00 AM,26/08/2025 05:59:59 AM,0.145,0,A
9000000001,90000000001,000000000009999999,MRIM,99999#002,Controlledload,26/08/2025 05:30:00 AM,26/08/2025 05:59:59 AM,0.602,0,A
9000000001,90000000001,000000000009999999,MRIM,99999#001,Generalusage,26/08/2025 06:00:00 AM,26/08/2025 06:29:59 AM,0.169,0,A
9000000001,90000000001,000000000009999999,MRIM,99999#002,Controlledload,26/08/2025 06:00:00 AM,26/08/2025 06:29:59 AM,0.0,0,A
9000000001,90000000001,000000000009999999,MRIM,99999#001,Generalusage,26/08/2025 06:30:00 AM,26/08/2025 06:59:59 AM,0.298,0,A
9000000001,90000000001,000000000009999999,MRIM,99999#002,Controlledload,26/08/2025 06:30:00 AM,26/08/2025 06:59:59 AM,0.0,0,A
9000000001,90000000001,000000000009999999,MRIM,99999#001,Generalusage,26/08/2025 07:00:00 AM,26/08/2025 07:29:59 AM,0.34,0,A
9000000001,90000000001,000000000009999999,MRIM,99999#002,Controlledload,26/08/2025 07:00:00 AM,26/08/2025 07:29:59 AM,0.0,0,A
9000000001,90000000001,000000000009999999,MRIM,99999#001,Generalusage,26/08/2025 07:30:00 AM,26/08/2025 07:59:59 AM,0.418,0,A
9000000001,90000000001,000000000009999999,MRIM,99999#002,Controlledload,26/08/2025 07:30:00 AM,26/08/2025 07:59:59 AM,0.0,0,A
9000000001,90000000001,000000000009999999,MRIM,99999#001,Generalusage,26/08/2025 08:00:00 AM,26/08/2025 08:29:59 AM,0.371,0,A
9000000001,90000000001,000000000009999999,MRIM,99999#002,Controlledload,26/08/2025 08:00:00 AM,26/08/2025 08:29:59 AM,0.0,0,A
9000000001,90000000001,000000000009999999,MRIM,99999#001,Generalusage,26/08/2025 08:30:00 AM,26/08/2025 08:59:59 AM,0.291,0,A
9000000001,90000000001,000000000009999999,MRIM,99999#002,Controlledload,26/08/2025 08:30:00 AM,26/08/2025 08:59:59 AM,0.0,0,A
9000000001,90000000001,000000000009999999,MRIM,99999#001,Generalusage,26/08/2025 09:00:00 AM,26/08/2025 09:29:59 AM,0.194,0,A
9000000001,90000000001,000000000009999999,MRIM,99999#002,Controlledload,26/08/2025 09:00:00 AM,26/08/2025 09:29:59 AM,0.0,0,A
9000000001,90000000001,000000000009999999,MRIM,99999#001,Generalusage,26/08/2025 09:30:00 AM,26/08/2025 09:59:59 AM,0.125,0,A
9000000001,90000000001,000000000009999999,MRIM,99999#002,Controlledload,26/08/2025 09:30:00 AM,26/08/2025 09:59:59 AM,0.0,0,A
9000000001,90000000001,000000000009999999,MRIM,99999#001,Generalusage,26/08/2025 10:00:00 AM,26/08/2025 10:29:59 AM,0.114,0,A
9000000001,90000000001,000000000009999999,MRIM,99999#002,Controlledload,26/08/2025 10:00:00 AM,26/08/2025 10:29:59 AM,0.0,0,A
9000000001,90000000001,000000000009999999,MRIM,99999#001,Generalusage,26/08/2025 10:30:00 AM,26/08/2025 10:59:59 AM,0.117,0,A
9000000001,90000000001,000000000009999999,MRIM,99999#002,Controlledload,26/08/2025 10:30:00 AM,26/08/2025 10:59:59 AM,0.0,0,A
9000000001,90000000001,000000000009999999,MRIM,99999#001,Generalusage,26/08/2025 11:00:00 AM,26/08/2025 11:29:59 AM,0.064,0,A
9000000001,90000000001,000000000009999999,MRIM,99999#002,Controlledload,26/08/2025 11:00:00 AM,26/08/2025 11:29:59 AM,0.0,0,A
9000000001,90000000001,000000000009999999,MRIM,99999#001,Generalusage,26/08/2025 11:30:00 AM,26/08/2025 11:59:59 AM,0.081,0,A
9000000001,90000000001,000000000009999999,MRIM,99999#002,Controlledload,26/08/2025 11:30:00 AM,26/08/2025 11:59:59 AM,0.0,0,A
9000000001,90000000001,000000000009999999,MRIM,99999#001,Generalusage,26/08/2025 12:00:00 PM,26/08/2025 12:29:59 PM,0.074,0,A
9000000001,90000000001,000000000009999999,MRIM,99999#002,Controlledload,26/08/2025 12:00:00 PM,26/08/2025 12:29:59 PM,0.0,0,A
9000000001,90000000001,000000000009999999,MRIM,99999#001,Generalusage,26/08/2025 12:30:00 PM,26/08/2025 12:59:59 PM,0.14,0,A
9000000001,90000000001,000000000009999999,MRIM,99999#002,Controlledload,26/08/2025 12:30:00 PM,26/08/2025 12:59:59 PM,0.0,0,A
9000000001,90000000001,000000000009999999,MRIM,99999#001,Generalusage,26/08/2025 01:00:00 PM,26/08/2025 01:29:59 PM,0.119,0,A
9000000001,90000000001,000000000009999999,MRIM,99999#002,Controlledload,26/08/2025 01:00:00 PM,26/08/2025 01:29:59 PM,0.0,0,A
9000000001,90000000001,000000000009999999,MRIM,99999#001,Generalusage,26/08/2025 01:30:00 PM,26/08/2025 01:59:59 PM,0.142,0,A
9000000001,90000000001,000000000009999999,MRIM,99999#002,Controlledload,26/08/2025 01:30:00 PM,26/08/2025 01:59:59 PM,0.0,0,A
9000000001,90000000001,000000000009999999,MRIM,99999#001,Generalusage,26/08/2025 02:00:00 PM,26/08/2025 02:29:59 PM,0.088,0,A
9000000001,90000000001,000000000009999999,MRIM,99999#002,Controlledload,26/08/2025 02:00:00 PM,26/08/2025 02:29:59 PM,0.0,0,A
9000000001,90000000001,000000000009999999,MRIM,99999#001,Generalusage,26/08/2025 02:30:00 PM,26/08/2025 02:59:59 PM,0.069,0,A
9000000001,90000000001,000000000009999999,MRIM,99999#002,Controlledload,26/08/2025 02:30:00 PM,26/08/2025 02:59:59 PM,0.0,0,A
9000000001,90000000001,000000000009999999,MRIM,99999#001,Generalusage,26/08/2025 03:00:00 PM,26/08/2025 03:29:59 PM,0.116,0,A
9000000001,90000000001,000000000009999999,MRIM,99999#002,Controlledload,26/08/2025 03:00:00 PM,26/08/2025 03:29:59 PM,0.0,0,A
9000000001,90000000001,000000000009999999,MRIM,99999#001,Generalusage,26/08/2025 03:30:00 PM,26/08/2025 03:59:59 PM,0.121,0,A
9000000001,90000000001,000000000009999999,MRIM,99999#002,Controlledload,26/08/2025 03:30:00 PM,26/08/2025 03:59:59 PM,0.0,0,A
9000000001,90000000001,000000000009999999,MRIM,99999#001,Generalusage,26/08/2025 04:00:00 PM,26/08/2025 04:29:59 PM,0.092,0,A
9000000001,90000000001,000000000009999999,MRIM,99999#002,Controlledload,26/08/2025 04:00:00 PM,26/08/2025 04:29:59 PM,0.0,0,A
9000000001,90000000001,000000000009999999,MRIM,99999#001,Generalusage,26/08/2025 04:30:00 PM,26/08/2025 04:59:59 PM,0.14,0,A
9000000001,90000000001,000000000009999999,MRIM,99999#002,Controlledload,26/08/2025 04:30:00 PM,26/08/2025 04:59:59 PM,0.0,0,A
9000000001,90000000001,000000000009999999,MRIM,99999#001,Generalusage,26/08/2025 05:00:00 PM,26/08/2025 05:29:59 PM,0.201,0,A
9000000001,90000000001,000000000009999999,MRIM,99999#002,Controlledload,26/08/2025 05:00:00 PM,26/08/2025 05:29:59 PM,0.0,0,A
9000000001,90000000001,000000000009999999,MRIM,99999#001,Generalusage,26/08/2025 05:30:00 PM,26/08/2025 05:59:59 PM,0.381,0,A
9000000001,90000000001,000000000009999999,MRIM,99999#002,Controlledload,26/08/2025 05:30:00 PM,26/08/2025 05:59:59 PM,0.0,0,A
9000000001,90000000001,000000000009999999,MRIM,99999#001,Generalusage,26/08/2025 06:00:00 PM,26/08/2025 06:29:59 PM,0.482,0,A
9000000001,90000000001,000000000009999999,MRIM,99999#002,Controlledload,26/08/2025 06:00:00 PM,26/08/2025 06:29:59 PM,0.0,0,A
9000000001,90000000001,000000000009999999,MRIM,99999#001,Generalusage,26/08/2025 06:30:00 PM,26/08/2025 06:59:59 PM,0.617,0,A
9000000001,90000000001,000000000009999999,MRIM,99999#002,Controlledload,26/08/2025 06:30:00 PM,26/08/2025 06:59:59 PM,0.0,0,A
9000000001,90000000001,000000000009999999,MRIM,99999#001,Generalusage,26/08/2025 07:00:00 PM,26/08/2025 07:29:59 PM,0.637,0,A
9000000001,90000000001,000000000009999999,MRIM,99999#002,Controlledload,26/08/2025 07:00:00 PM,26/08/2025 07:29:59 PM,0.0,0,A
9000000001,90000000001,000000000009999999,MRIM,99999#001,Generalusage,26/08/2025 07:30:00 PM,26/08/2025 07:59:59 PM,0.644,0,A
9000000001,90000000001,000000000009999999,MRIM,99999#002,Controlledload,26/08/2025 07:30:00 PM,26/08/2025 07:59:59 PM,0.0,0,A
9000000001,90000000001,000000000009999999,MRIM,99999#001,Generalusage,26/08/2025 08:00:00 PM,26/08/2025 08:29:59 PM,0.469,0,A
9000000001,90000000001,000000000009999999,MRIM,99999#002,Controlledload,26/08/2025 08:00:00 PM,26/08/2025 08:29:59 PM,0.0,0,A
9000000001,90000000001,000000000009999999,MRIM,99999#001,Generalusage,26/08/2025 08:30:00 PM,26/08/2025 08:59:59 PM,0.345,0,A
9000000001,90000000001,000000000009999999,MRIM,99999#002,Controlledload,26/08/2025 08:30:00 PM,26/08/2025 08:59:59 PM,0.0,0,A
9000000001,90000000001,000000000009999999,MRIM,99999#001,Generalusage,26/08/2025 09:00:00 PM,26/08/2025 09:29:59 PM,0.235,0,A
9000000001,90000000001,000000000009999999,MRIM,99999#002,Controlledload,26/08/2025 09:00:00 PM,26/08/2025 09:29:59 PM,0.0,0,A
9000000001,90000000001,000000000009999999,MRIM,99999#001,Generalusage,26/08/2025 09:30:00 PM,26/08/2025 09:59:59 PM,0.157,0,A
9000000001,90000000001,000000000009999999,MRIM,99999#002,Controlledload,26/08/2025 09:30:00 PM,26/08/2025 09:59:59 PM,0.0,0,A
9000000001,90000000001,000000000009999999,MRIM,99999#001,Generalusage,26/08/2025 10:00:00 PM,26/08/2025 10:29:59 PM,0.126,0,A
9000000001,90000000001,000000000009999999,MRIM,99999#002,Controlledload,26/08/2025 10:00:00 PM,26/08/2025 10:29:59 PM,0.0,0,A
9000000001,90000000001,000000000009999999,MRIM,99999#001,Generalusage,26/08/2025 10:30:00 PM,26/08/2025 10:59:59 PM,0.069,0,A
9000000001,90000000001,000000000009999999,MRIM,99999#002,Controlledload,26/08/2025 10:30:00 PM,26/08/2025 10:59:59 PM,0.0,0,A
9000000001,90000000001,000000000009999999,MRIM,99999#001,Generalusage,26/08/2025 11:00:00 PM,26/08/2025 11:29:59 PM,0.085,0,A
9000000001,90000000001,000000000009999999,MRIM,99999#002,Controlledload,26/08/2025 11:00:00 PM,26/08/2025 11:29:59 PM,0.277,0,A
9000000001,90000000001,000000000009999999,MRIM,99999#001,Generalusage,26/08/2025 11:30:00 PM,26/08/2025 11:59:59 PM,0.06,0,A
9000000001,90000000001,000000000009999999,MRIM,99999#002,Controlledload,26/08/2025 11:30:00 PM,26/08/2025 11:59:59 PM,0.25,0,A
9000000001,90000000001,000000000009999999,MRIM,99999#001,Generalusage,27/08/2025 12:00:00 AM,27/08/2025 12:29:59 AM,0.064,0,A
9000000001,90000000001,000000000009999999,MRIM,99999#002,Controlledload,27/08/2025 12:00:00 AM,27/08/2025 12:29:59 AM,0.404,0,A
9000000001,90000000001,000000000009999999,MRIM,99999#001,Generalusage,27/08/2025 12:30:00 AM,27/08/2025 12:59:59 AM,0.097,0,A
9000000001,90000000001,000000000009999999,MRIM,99999#002,Controlledload,27/08/2025 12:30:00 AM,27/08/2025 12:59:59 AM,0.216,0,A
9000000001,90000000001,000000000009999999,MRIM,99999#001,Generalusage,27/08/2025 01:00:00 AM,27/08/2025 01:29:59 AM,0.056,0,A
9000000001,90000000001,000000000009999999,MRIM,99999#002,Controlledload,27/08/2025 01:00:00 AM,27/08/2025 01:29:59 AM,0.422,0,A
9000000001,90000000001,000000000009999999,MRIM,99999#001,Generalusage,27/08/2025 01:30:00 AM,27/08/2025 01:59:59 AM,0.097,0,A
9000000001,90000000001,000000000009999999,MRIM,99999#002,Controlledload,27/08/2025 01:30:00 AM,27/08/2025 01:59:59 AM,0.628,0,A
9000000001,90000000001,000000000009999999,MRIM,99999#001,Generalusage,27/08/2025 02:00:00 AM,27/08/2025 02:29:59 AM,0.037,0,A
9000000001,90000000001,000000000009999999,MRIM,99999#002,Controlledload,27/08/2025 02:00:00 AM,27/08/2025 02:29:59 AM,0.543,0,A
9000000001,90000000001,000000000009999999,MRIM,99999#001,Generalusage,27/08/2025 02:30:00 AM,27/08/2025 02:59:59 AM,0.068,0,A
9000000001,90000000001,000000000009999999,MRIM,99999#002,Controlledload,27/08/2025 02:30:00 AM,27/08/2025 02:59:59 AM,0.689,0,A
9000000001,90000000001,000000000009999999,MRIM,99999#001,Generalusage,27/08/2025 03:00:00 AM,27/08/2025 03:29:59 AM,0.055,0,A
9000000001,90000000001,000000000009999999,MRIM,99999#002,Controlledload,27/08/2025 03:00:00 AM,27/08/2025 03:29:59 AM,0.399,0,A
9000000001,90000000001,000000000009999999,MRIM,99999#001,Generalusage,27/08/2025 03:30:00 AM,27/08/2025 03:59:59 AM,0.043,0,A
9000000001,90000000001,000000000009999999,MRIM,99999#002,Controlledload,27/08/2025 03:30:00 AM,27/08/2025 03:59:59 AM,0.261,0,A
9000000001,90000000001,000000000009999999,MRIM,99999#001,Generalusage,27/08/2025 04:00:00 AM,27/08/2025 04:29:59 AM,0.09,0,A
9000000001,90000000001,000000000009999999,MRIM,99999#002,Controlledload,27/08/2025 04:00:00 AM,27/08/2025 04:29:59 AM,0.427,0,A
9000000001,90000000001,000000000009999999,MRIM,99999#001,Generalusage,27/08/2025 04:30:00 AM,27/08/2025 04:59:59 AM,0.08,0,A
9000000001,90000000001,000000000009999999,MRIM,99999#002,Controlledload,27/08/2025 04:30:00 AM,27/08/2025 04:59:59 AM,0.521,0,A
9000000001,90000000001,000000000009999999,MRIM,99999#001,Generalusage,27/08/2025 05:00:00 AM,27/08/2025 05:29:59 AM,0.087,0,A
9000000001,90000000001,000000000009999999,MRIM,99999#002,Controlledload,27/08/2025 05:00:00 AM,27/08/2025 05:29:59 AM,0.211,0,A
9000000001,90000000001,000000000009999999,MRIM,99999#001,Generalusage,27/08/2025 05:30:00 AM,27/08/2025 05:59:59 AM,0.132,0,A
9000000001,90000000001,000000000009999999,MRIM,99999#002,Controlledload,27/08/2025 05:30:00 AM,27/08/2025 05:59:59 AM,0.322,0,A
9000000001,90000000001,000000000009999999,MRIM,99999#001,Generalusage,27/08/2025 06:00:00 AM,27/08/2025 06:29:59 AM,0.152,0,A
9000000001,90000000001,000000000009999999,MRIM,99999#002,Controlledload,27/08/2025 06:00:00 AM,27/08/2025 06:29:59 AM,0.0,0,A
9000000001,90000000001,000000000009999999,MRIM,99999#001,Generalusage,27/08/2025 06:30:00 AM,27/08/2025 06:59:59 AM,0.282,0,A
9000000001,90000000001,000000000009999999,MRIM,99999#002,Controlledload,27/08/2025 06:30:00 AM,27/08/2025 06:59:59 AM,0.0,0,A
9000000001,90000000001,000000000009999999,MRIM,99999#001,Generalusage,27/08/2025 07:00:00 AM,27/08/2025 07:29:59 AM,0.344,0,A
9000000001,90000000001,000000000009999999,MRIM,99999#002,Controlledload,27/08/2025 07:00:00 AM,27/08/2025 07:29:59 AM,0.0,0,A
9000000001,90000000001,000000000009999999,MRIM,99999#001,Generalusage,27/08/2025 07:30:00 AM,27/08/2025 07:59:59 AM,0.434,0,A
9000000001,90000000001,000000000009999999,MRIM,99999#002,Controlledload,27/08/2025 07:30:00 AM,27/08/2025 07:59:59 AM,0.0,0,A
9000000001,90000000001,000000000009999999,MRIM,99999#001,Generalusage,27/08/2025 08:00:00 AM,27/08/2025 08:29:59 AM,0.354,0,A
9000000001,90000000001,000000000009999999,MRIM,99999#002,Controlledload,27/08/2025 08:00:00 AM,27/08/2025 08:29:59 AM,0.0,0,A
9000000001,90000000001,000000000009999999,MRIM,99999#001,Generalusage,27/08/2025 08:30:00 AM,27/08/2025 08:59:59 AM,0.259,0,A
9000000001,90000000001,000000000009999999,MRIM,99999#002,Controlledload,27/08/2025 08:30:00 AM,27/08/2025 08:59:59 AM,0.0,0,A
9000000001,90000000001,000000000009999999,MRIM,99999#001,Generalusage,27/08/2025 09:00:00 AM,27/08/2025 09:29:59 AM,0.208,0,A
9000000001,90000000001,000000000009999999,MRIM,99999#002,Controlledload,27/08/2025 09:00:00 AM,27/08/2025 09:29:59 AM,0.0,0,A
9000000001,90000000001,000000000009999999,MRIM,99999#001,Generalusage,27/08/2025 09:30:00 AM,27/08/2025 09:59:59 AM,0.107,0,A
9000000001,90000000001,000000000009999999,MRIM,99999#002,Controlledload,27/08/2025 09:30:00 AM,27/08/2025 09:59:59 AM,0.0,0,A
9000000001,90000000001,000000000009999999,MRIM,99999#001,Generalusage,27/08/2025 10:00:00 AM,27/08/2025 10:29:59 AM,0.067,0,A
9000000001,90000000001,000000000009999999,MRIM,99999#002,Controlledload,27/08/2025 10:00:00 AM,27/08/2025 10:29:59 AM,0.0,0,A
9000000001,90000000001,000000000009999999,MRIM,99999#001,Generalusage,27/08/2025 10:30:00 AM,27/08/2025 10:59:59 AM,0.115,0,A
9000000001,90000000001,000000000009999999,MRIM,99999#002,Controlledload,27/08/2025 10:30:00 AM,27/08/2025 10:59:59 AM,0.0,0,A
9000000001,90000000001,000000000009999999,MRIM,99999#001,Generalusage,27/08/2025 11:00:00 AM,27/08/2025 11:29:59 AM,0.057,0,A
9000000001,90000000001,000000000009999999,MRIM,99999#002,Controlledload,27/08/2025 11:00:00 AM,27/08/2025 11:29:59 AM,0.0,0,A
9000000001,90000000001,000000000009999999,MRIM,99999#001,Generalusage,27/08/2025 11:30:00 AM,27/08/2025 11:59:59 AM,0.125,0,A
9000000001,90000000001,000000000009999999,MRIM,99999#002,Controlledload,27/08/2025 11:30:00 AM,27/08/2025 11:59:59 AM,0.0,0,A
9000000001,90000000001,000000000009999999,MRIM,99999#001,Generalusage,27/08/2025 12:00:00 PM,27/08/2025 12:29:59 PM,0.082,0,A
9000000001,90000000001,000000000009999999,MRIM,99999#002,Controlledload,27/08/2025 12:00:00 PM,27/08/2025 12:29:59 PM,0.0,0,A
9000000001,90000000001,000000000009999999,MRIM,99999#001,Generalusage,27/08/2025 12:30:00 PM,27/08/2025 12:59:59 PM,0.087,0,A
9000000001,90000000001,000000000009999999,MRIM,99999#002,Controlledload,27/08/2025 12:30:00 PM,27/08/2025 12:59:59 PM,0.0,0,A
9000000001,90000000001,000000000009999999,MRIM,99999#001,Generalusage,27/08/2025 01:00:00 PM,27/08/2025 01:29:59 PM,0.098,0,A
9000000001,90000000001,000000000009999999,MRIM,99999#002,Controlledload,27/08/2025 01:00:00 PM,27/08/2025 01:29:59 PM,0.0,0,A
9000000001,90000000001,000000000009999999,MRIM,99999#001,Generalusage,27/08/2025 01:30:00 PM,27/08/2025 01:59:59 PM,0.09,0,A
9000000001,90000000001,000000000009999999,MRIM,99999#002,Controlledload,27/08/2025 01:30:00 PM,27/08/2025 01:59:59 PM,0.0,0,A
9000000001,90000000001,000000000009999999,MRIM,99999#001,Generalusage,27/08/2025 02:00:00 PM,27/08/2025 02:29:59 PM,0.119,0,A
9000000001,90000000001,000000000009999999,MRIM,99999#002,Controlledload,27/08/2025 02:00:00 PM,27/08/2025 02:29:59 PM,0.0,0,A
9000000001,90000000001,000000000009999999,MRIM,99999#001,Generalusage,27/08/2025 02:30:00 PM,27/08/2025 02:59:59 PM,0.067,0,A
9000000001,90000000001,000000000009999999,MRIM,99999#002,Controlledload,27/08/2025 02:30:00 PM,27/08/2025 02:59:59 PM,0.0,0,A
9000000001,90000000001,000000000009999999,MRIM,99999#001,Generalusage,27/08/2025 03:00:00 PM,27/08/2025 03:29:59 PM,0.06,0,A
9000000001,90000000001,000000000009999999,MRIM,99999#002,Controlledload,27/08/2025 03:00:00 PM,27/08/2025 03:29:59 PM,0.0,0,A
9000000001,90000000001,000000000009999999,MRIM,99999#001,Generalusage,27/08/2025 03:30:00 PM,27/08/2025 03:59:59 PM,0.113,0,A
9000000001,90000000001,000000000009999999,MRIM,99999#002,Controlledload,27/08/2025 03:30:00 PM,27/08/2025 03:59:59 PM,0.0,0,A
9000000001,90000000001,000000000009999999,MRIM,99999#001,Generalusage,27/08/2025 04:00:00 PM,27/08/2025 04:29:59 PM,0.088,0,A
9000000001,90000000001,000000000009999999,MRIM,99999#002,Controlledload,27/08/2025 04:00:00 PM,27/08/2025 04:29:59 PM,0.0,0,A
9000000001,90000000001,000000000009999999,MRIM,99999#001,Generalusage,27/08/2025 04:30:00 PM,27/08/2025 04:59:59 PM,0.134,0,A
9000000001,90000000001,000000000009999999,MRIM,99999#002,Controlledload,27/08/2025 04:30:00 PM,27/08/2025 04:59:59 PM,0.0,0,A
9000000001,90000000001,000000000009999999,MRIM,99999#001,Generalusage,27/08/2025 05:00:00 PM,27/08/2025 05:29:59 PM,0.204,0,A
9000000001,90000000001,000000000009999999,MRIM,99999#002,Controlledload,27/08/2025 05:00:00 PM,27/08/2025 05:29:59 PM,0.0,0,A
9000000001,90000000001,000000000009999999,MRIM,99999#001,Generalusage,27/08/2025 05:30:00 PM,27/08/2025 05:59:59 PM,0.319,0,A
9000000001,90000000001,000000000009999999,MRIM,99999#002,Controlledload,27/08/2025 05:30:00 PM,27/08/2025 05:59:59 PM,0.0,0,A
9000000001,90000000001,000000000009999999,MRIM,99999#001,Generalusage,27/08/2025 06:00:00 PM,27/08/2025 06:29:59 PM,0.513,0,A
9000000001,90000000001,000000000009999999,MRIM,99999#002,Controlledload,27/08/2025 06:00:00 PM,27/08/2025 06:29:59 PM,0.0,0,A
9000000001,90000000001,000000000009999999,MRIM,99999#001,Generalusage,27/08/2025 06:30:00 PM,27/08/2025 06:59:59 PM,0.619,0,A
9000000001,90000000001,000000000009999999,MRIM,99999#002,Controlledload,27/08/2025 06:30:00 PM,27/08/2025 06:59:59 PM,0.0,0,A
9000000001,90000000001,000000000009999999,MRIM,99999#001,Generalusage,27/08/2025 07:00:00 PM,27/08/2025 07:29:59 PM,0.682,0,A
9000000001,90000000001,000000000009999999,MRIM,99999#002,Controlledload,27/08/2025 07:00:00 PM,27/08/2025 07:29:59 PM,0.0,0,A
9000000001,90000000001,000000000009999999,MRIM,99999#001,Generalusage,27/08/2025 07:30:00 PM,27/08/2025 07:59:59 PM,0.615,0,A
9000000001,90000000001,000000000009999999,MRIM,99999#002,Controlledload,27/08/2025 07:30:00 PM,27/08/2025 07:59:59 PM,0.0,0,A
9000000001,90000000001,000000000009999999,MRIM,99999#001,Generalusage,27/08/2025 08:00:00 PM,27/08/2025 08:29:59 PM,0.514,0,A
9000000001,90000000001,000000000009999999,MRIM,99999#002,Controlledload,27/08/2025 08:00:00 PM,27/08/2025 08:29:59 PM,0.0,0,A
9000000001,90000000001,000000000009999999,MRIM,99999#001,Generalusage,27/08/2025 08:30:00 PM,27/08/2025 08:59:59 PM,0.349,0,A
9000000001,90000000001,000000000009999999,MRIM,99999#002,Controlledload,27/08/2025 08:30:00 PM,27/08/2025 08:59:59 PM,0.0,0,A
9000000001,90000000001,000000000009999999,MRIM,99999#001,Generalusage,27/08/2025 09:00:00 PM,27/08/2025 09:29:59 PM,0.196,0,A
9000000001,90000000001,000000000009999999,MRIM,99999#002,Controlledload,27/08/2025 09:00:00 PM,27/08/2025 09:29:59 PM,0.0,0,A
9000000001,90000000001,000000000009999999,MRIM,99999#001,Generalusage,27/08/2025 09:30:00 PM,27/08/2025 09:59:59 PM,0.14,0,A
9000000001,90000000001,000000000009999999,MRIM,99999#002,Controlledload,27/08/2025 09:30:00 PM,27/08/2025 09:59:59 PM,0.0,0,A
9000000001,90000000001,000000000009999999,MRIM,99999#001,Generalusage,27/08/2025 10:00:00 PM,27/08/2025 10:29:59 PM,0.126,0,A
9000000001,90000000001,000000000009999999,MRIM,99999#002,Controlledload,27/08/2025 10:00:00 PM,27/08/2025 10:29:59 PM,0.0,0,A
9000000001,90000000001,000000000009999999,MRIM,99999#001,Generalusage,27/08/2025 10:30:00 PM,27/08/2025 10:59:59 PM,0.043,0,A
9000000001,90000000001,000000000009999999,MRIM,99999#002,Controlledload,27/08/2025 10:30:00 PM,27/08/2025 10:59:59 PM,0.0,0,A
9000000001,90000000001,000000000009999999,MRIM,99999#001,Generalusage,27/08/2025 11:00:00 PM,27/08/2025 11:29:59 PM,0.088,0,A
9000000001,90000000001,000000000009999999,MRIM,99999#002,Controlledload,27/08/2025 11:00:00 PM,27/08/2025 11:29:59 PM,0.633,0,A
9000000001,90000000001,000000000009999999,MRIM,99999#001,Generalusage,27/08/2025 11:30:00 PM,27/08/2025 11:59:59 PM,0.067,0,A
9000000001,90000000001,000000000009999999,MRIM,99999#002,Controlledload,27/08/2025 11:30:00 PM,27/08/2025 11:59:59 PM,0.429,0,A
9000000001,90000000001,000000000009999999,MRIM,99999#001,Generalusage,28/08/2025 12:00:00 AM,28/08/2025 12:29:59 AM,0.097,0,A
9000000001,90000000001,000000000009999999,MRIM,99999#002,Controlledload,28/08/2025 12:00:00 AM,28/08/2025 12:29:59 AM,0.23,0,A
9000000001,90000000001,000000000009999999,MRIM,99999#001,Generalusage,28/08/2025 12:30:00 AM,28/08/2025 12:59:59 AM,0.064,0,A
9000000001,90000000001,000000000009999999,MRIM,99999#002,Controlledload,28/08/2025 12:30:00 AM,28/08/2025 12:59:59 AM,0.401,0,A
9000000001,90000000001,000000000009999999,MRIM,99999#001,Generalusage,28/08/2025 01:00:00 AM,28/08/2025 01:29:59 AM,0.078,0,A
9000000001,90000000001,000000000009999999,MRIM,99999#002,Controlledload,28/08/2025 01:00:00 AM,28/08/2025 01:29:59 AM,0.445,0,A
9000000001,90000000001,000000000009999999,MRIM,99999#001,Generalusage,28/08/2025 01:30:00 AM,28/08/2025 01:59:59 AM,0.094,0,A
9000000001,90000000001,000000000009999999,MRIM,99999#002,Controlledload,28/08/2025 01:30:00 AM,28/08/2025 01:59:59 AM,0.237,0,A
9000000001,90000000001,000000000009999999,MRIM,99999#001,Generalusage,28/08/2025 02:00:00 AM,28/08/2025 02:29:59 AM,0.036,0,A
9000000001,90000000001,000000000009999999,MRIM,99999#002,Controlledload,28/08/2025 02:00:00 AM,28/08/2025 02:29:59 AM,0.504,0,A
9000000001,90000000001,000000000009999999,MRIM,99999#001,Generalusage,28/08/2025 02:30:00 AM,28/08/2025 02:59:59 AM,0.035,0,A
9000000001,90000000001,000000000009999999,MRIM,99999#002,Controlledload,28/08/2025 02:30:00 AM,28/08/2025 02:59:59 AM,0.338,0,A
9000000001,90000000001,000000000009999999,MRIM,99999#001,Generalusage,28/08/2025 03:00:00 AM,28/08/2025 03:29:59 AM,0.074,0,A
9000000001,90000000001,000000000009999999,MRIM,99999#002,Controlledload,28/08/2025 03:00:00 AM,28/08/2025 03:29:59 AM,0.474,0,A
9000000001,90000000001,000000000009999999,MRIM,99999#001,Generalusage,28/08/2025 03:30:00 AM,28/08/2025 03:59:59 AM,0.053,0,A
9000000001,90000000001,000000000009999999,MRIM,99999#002,Controlledload,28/08/2025 03:30:00 AM,28/08/2025 03:59:59 AM,0.697,0,A
9000000001,90000000001,000000000009999999,MRIM,99999#001,Generalusage,28/08/2025 04:00:00 AM,28/08/2025 04:29:59 AM,0.068,0,A
9000000001,90000000001,000000000009999999,MRIM,99999#002,Controlledload,28/08/2025 04:00:00 AM,28/08/2025 04:29:59 AM,0.427,0,A
9000000001,90000000001,000000000009999999,MRIM,99999#001,Generalusage,28/08/2025 04:30:00 AM,28/08/2025 04:59:59 AM,0.076,0,A
9000000001,90000000001,000000000009999999,MRIM,99999#002,Controlledload,28/08/2025 04:30:00 AM,28/08/2025 04:59:59 AM,0.25,0,A
9000000001,90000000001,000000000009999999,MRIM,99999#001,Generalusage,28/08/2025 05:00:00 AM,28/08/2025 05:29:59 AM,0.095,0,A
9000000001,90000000001,000000000009999999,MRIM,99999#002,Controlledload,28/08/2025 05:00:00 AM,28/08/2025 05:29:59 AM,0.626,0,A
9000000001,90000000001,000000000009999999,MRIM,99999#001,Generalusage,28/08/2025 05:30:00 AM,28/08/2025 05:59:59 AM,0.123,0,A
9000000001,90000000001,000000000009999999,MRIM,99999#002,Controlledload,28/08/2025 05:30:00 AM,28/08/2025 05:59:59 AM,0.584,0,A
9000000001,90000000001,000000000009999999,MRIM,99999#001,Generalusage,28/08/2025 06:00:00 AM,28/08/2025 06:29:59 AM,0.194,0,A
9000000001,90000000001,000000000009999999,MRIM,99999#002,Controlledload,28/08/2025 06:00:00 AM,28/08/2025 06:29:59 AM,0.0,0,A
9000000001,90000000001,000000000009999999,MRIM,99999#001,Generalusage,28/08/2025 06:30:00 AM,28/08/2025 06:59:59 AM,0.257,0,A
9000000001,90000000001,000000000009999999,MRIM,99999#002,Controlledload,28/08/2025 06:30:00 AM,28/08/2025 06:59:59 AM,0.0,0,A
9000000001,90000000001,000000000009999999,MRIM,99999#001,Generalusage,28/08/2025 07:00:00 AM,28/08/2025 07:29:59 AM,0.371,0,A
9000000001,90000000001,000000000009999999,MRIM,99999#002,Controlledload,28/08/2025 07:00:00 AM,28/08/2025 07:29:59 AM,0.0,0,A
9000000001,90000000001,000000000009999999,MRIM,99999#001,Generalusage,28/08/2025 07:30:00 AM,28/08/2025 07:59:59 AM,0.396,0,A
9000000001,90000000001,000000000009999999,MRIM,99999#002,Controlledload,28/08/2025 07:30:00 AM,28/08/2025 07:59:59 AM,0.0,0,A
9000000001,90000000001,000000000009999999,MRIM,99999#001,Generalusage,28/08/2025 08:00:00 AM,28/08/2025 08:29:59 AM,0.363,0,A
9000000001,90000000001,000000000009999999,MRIM,99999#002,Controlledload,28/08/2025 08:00:00 AM,28/08/2025 08:29:59 AM,0.0,0,A
9000000001,90000000001,000000000009999999,MRIM,99999#001,Generalusage,28/08/2025 08:30:00 AM,28/08/2025 08:59:59 AM,0.276,0,A
9000000001,90000000001,000000000009999999,MRIM,99999#002,Controlledload,28/08/2025 08:30:00 AM,28/08/2025 08:59:59 AM,0.0,0,A
9000000001,90000000001,000000000009999999,MRIM,99999#001,Generalusage,28/08/2025 09:00:00 AM,28/08/2025 09:29:59 AM,0.176,0,A
9000000001,90000000001,000000000009999999,MRIM,99999#002,Controlledload,28/08/2025 09:00:00 AM,28/08/2025 09:29:59 AM,0.0,0,A
9000000001,90000000001,000000000009999999,MRIM,99999#001,Generalusage,28/08/2025 09:30:00 AM,28/08/2025 09:59:59 AM,0.091,0,A
9000000001,90000000001,000000000009999999,MRIM,99999#002,Controlledload,28/08/2025 09:30:00 AM,28/08/2025 09:59:59 AM,0.0,0,A
9000000001,90000000001,000000000009999999,MRIM,99999#001,Generalusage,28/08/2025 10:00:00 AM,28/08/2025 10:29:59 AM,0.086,0,A
9000000001,90000000001,000000000009999999,MRIM,99999#002,Controlledload,28/08/2025 10:00:00 AM,28/08/2025 10:29:59 AM,0.0,0,A
9000000001,90000000001,000000000009999999,MRIM,99999#001,Generalusage,28/08/2025 10:30:00 AM,28/08/2025 10:59:59 AM,0.098,0,A
9000000001,90000000001,000000000009999999,MRIM,99999#002,Controlledload,28/08/2025 10:30:00 AM,28/08/2025 10:59:59 AM,0.0,0,A
9000000001,90000000001,000000000009999999,MRIM,99999#001,Generalusage,28/08/2025 11:00:00 AM,28/08/2025 11:29:59 AM,0.083,0,A
9000000001,90000000001,000000000009999999,MRIM,99999#002,Controlledload,28/08/2025 11:00:00 AM,28/08/2025 11:29:59 AM,0.0,0,A
9000000001,90000000001,000000000009999999,MRIM,99999#001,Generalusage,28/08/2025 11:30:00 AM,28/08/2025 11:59:59 AM,0.075,0,A
9000000001,90000000001,000000000009999999,MRIM,99999#002,Controlledload,28/08/2025 11:30:00 AM,28/08/2025 11:59:59 AM,0.0,0,A
9000000001,90000000001,000000000009999999,MRIM,99999#001,Generalusage,28/08/2025 12:00:00 PM,28/08/2025 12:29:59 PM,0.137,0,A
9000000001,90000000001,000000000009999999,MRIM,99999#002,Controlledload,28/08/2025 12:00:00 PM,28/08/2025 12:29:59 PM,0.0,0,A
9000000001,90000000001,000000000009999999,MRIM,99999#001,Generalusage,28/08/2025 12:30:00 PM,28/08/2025 12:59:59 PM,0.083,0,A
9000000001,90000000001,000000000009999999,MRIM,99999#002,Controlledload,28/08/2025 12:30:00 PM,28/08/2025 12:59:59 PM,0.0,0,A
9000000001,90000000001,000000000009999999,MRIM,99999#001,Generalusage,28/08/2025 01:00:00 PM,28/08/2025 01:29:59 PM,0.138,0,A
9000000001,90000000001,000000000009999999,MRIM,99999#002,Controlledload,28/08/2025 01:00:00 PM,28/08/2025 01:29:59 PM,0.0,0,A
9000000001,90000000001,000000000009999999,MRIM,99999#001,Generalusage,28/08/2025 01:30:00 PM,28/08/2025 01:59:59 PM,0.085,0,A
9000000001,90000000001,000000000009999999,MRIM,99999#002,Controlledload,28/08/2025 01:30:00 PM,28/08/2025 01:59:59 PM,0.0,0,A
9000000001,90000000001,000000000009999999,MRIM,99999#001,Generalusage,28/08/2025 02:00:00 PM,28/08/2025 02:29:59 PM,0.079,0,A
9000000001,90000000001,000000000009999999,MRIM,99999#002,Controlledload,28/08/2025 02:00:00 PM,28/08/2025 02:29:59 PM,0.0,0,A
9000000001,90000000001,000000000009999999,MRIM,99999#001,Generalusage,28/08/2025 02:30:00 PM,28/08/2025 02:59:59 PM,0.117,0,A
9000000001,90000000001,000000000009999999,MRIM,99999#002,Controlledload,28/08/2025 02:30:00 PM,28/08/2025 02:59:59 PM,0.0,0,A
9000000001,90000000001,000000000009999999,MRIM,99999#001,Generalusage,28/08/2025 03:00:00 PM,28/08/2025 03:29:59 PM,0.115,0,A
9000000001,90000000001,000000000009999999,MRIM,99999#002,Controlledload,28/08/2025 03:00:00 PM,28/08/2025 03:29:59 PM,0.0,0,A
9000000001,90000000001,000000000009999999,MRIM,99999#001,Generalusage,28/08/2025 03:30:00 PM,28/08/2025 03:59:59 PM,0.097,0,A
9000000001,90000000001,000000000009999999,MRIM,99999#002,Controlledload,28/08/2025 03:30:00 PM,28/08/2025 03:59:59 PM,0.0,0,A
9000000001,90000000001,000000000009999999,MRIM,99999#001,Generalusage,28/08/2025 04:00:00 PM,28/08/2025 04:29:59 PM,0.112,0,A
9000000001,90000000001,000000000009999999,MRIM,99999#002,Controlledload,28/08/2025 04:00:00 PM,28/08/2025 04:29:59 PM,0.0,0,A
9000000001,90000000001,000000000009999999,MRIM,99999#001,Generalusage,28/08/2025 04:30:00 PM,28/08/2025 04:59:59 PM,0.151,0,A
9000000001,90000000001,000000000009999999,MRIM,99999#002,Controlledload,28/08/2025 04:30:00 PM,28/08/2025 04:59:59 PM,0.0,0,A
9000000001,90000000001,000000000009999999,MRIM,99999#001,Generalusage,28/08/2025 05:00:00 PM,28/08/2025 05:29:59 PM,0.215,0,A
9000000001,90000000001,000000000009999999,MRIM,99999#002,Controlledload,28/08/2025 05:00:00 PM,28/08/2025 05:29:59 PM,0.0,0,A
9000000001,90000000001,000000000009999999,MRIM,99999#001,Generalusage,28/08/2025 05:30:00 PM,28/08/2025 05:59:59 PM,0.324,0,A
9000000001,90000000001,000000000009999999,MRIM,99999#002,Controlledload,28/08/2025 05:30:00 PM,28/08/2025 05:59:59 PM,0.0,0,A
9000000001,90000000001,000000000009999999,MRIM,99999#001,Generalusage,28/08/2025 06:00:00 PM,28/08/2025 06:29:59 PM,0.485,0,A
9000000001,90000000001,000000000009999999,MRIM,99999#002,Controlledload,28/08/2025 06:00:00 PM,28/08/2025 06:29:59 PM,0.0,0,A
9000000001,90000000001,000000000009999999,MRIM,99999#001,Generalusage,28/08/2025 06:30:00 PM,28/08/2025 06:59:59 PM,0.629,0,A
9000000001,90000000001,000000000009999999,MRIM,99999#002,Controlledload,28/08/2025 06:30:00 PM,28/08/2025 06:59:59 PM,0.0,0,A
9000000001,90000000001,000000000009999999,MRIM,99999#001,Generalusage,28/08/2025 07:00:00 PM,28/08/2025 07:29:59 PM,0.683,0,A
9000000001,90000000001,000000000009999999,MRIM,99999#002,Controlledload,28/08/2025 07:00:00 PM,28/08/2025 07:29:59 PM,0.0,0,A
9000000001,90000000001,000000000009999999,MRIM,99999#001,Generalusage,28/08/2025 07:30:00 PM,28/08/2025 07:59:59 PM,0.643,0,A
9000000001,90000000001,000000000009999999,MRIM,99999#002,Controlledload,28/08/2025 07:30:00 PM,28/08/2025 07:59:59 PM,0.0,0,A
9000000001,90000000001,000000000009999999,MRIM,99999#001,Generalusage,28/08/2025 08:00:00 PM,28/08/2025 08:29:59 PM,0.51,0,A
9000000001,90000000001,000000000009999999,MRIM,99999#002,Controlledload,28/08/2025 08:00:00 PM,28/08/2025 08:29:59 PM,0.0,0,A
9000000001,90000000001,000000000009999999,MRIM,99999#001,Generalusage,28/08/2025 08:30:00 PM,28/08/2025 08:59:59 PM,0.381,0,A
9000000001,90000000001,000000000009999999,MRIM,99999#002,Controlledload,28/08/2025 08:30:00 PM,28/08/2025 08:59:59 PM,0.0,0,A
9000000001,90000000001,000000000009999999,MRIM,99999#001,Generalusage,28/08/2025 09:00:00 PM,28/08/2025 09:29:59 PM,0.23,0,A
9000000001,90000000001,000000000009999999,MRIM,99999#002,Controlledload,28/08/2025 09:00:00 PM,28/08/2025 09:29:59 PM,0.0,0,A
9000000001,90000000001,000000000009999999,MRIM,99999#001,Generalusage,28/08/2025 09:30:00 PM,28/08/2025 09:59:59 PM,0.129,0,A
9000000001,90000000001,000000000009999999,MRIM,99999#002,Controlledload,28/08/2025 09:30:00 PM,28/08/2025 09:59:59 PM,0.0,0,A
9000000001,90000000001,000000000009999999,MRIM,99999#001,Generalusage,28/08/2025 10:00:00 PM,28/08/2025 10:29:59 PM,0.1,0,A
9000000001,90000000001,000000000009999999,MRIM,99999#002,Controlledload,28/08/2025 10:00:00 PM,28/08/2025 10:29:59 PM,0.0,0,A
9000000001,90000000001,000000000009999999,MRIM,99999#001,Generalusage,28/08/2025 10:30:00 PM,28/08/2025 10:59:59 PM,0.055,0,A
9000000001,90000000001,000000000009999999,MRIM,99999#002,Controlledload,28/08/2025 10:30:00 PM,28/08/2025 10:59:59 PM,0.0,0,A
9000000001,90000000001,000000000009999999,MRIM,99999#001,Generalusage,28/08/2025 11:00:00 PM,28/08/2025 11:29:59 PM,0.079,0,A
9000000001,90000000001,000000000009999999,MRIM,99999#002,Controlledload,28/08/2025 11:00:00 PM,28/08/2025 11:29:59 PM,0.312,0,A
9000000001,90000000001,000000000009999999,MRIM,99999#001,Generalusage,28/08/2025 11:30:00 PM,28/08/2025 11:59:59 PM,0.038,0,A
9000000001,90000000001,000000000009999999,MRIM,99999#002,Controlledload,28/08/2025 11:30:00 PM,28/08/2025 11:59:59 PM,0.623,0,A
9000000001,90000000001,000000000009999999,MRIM,99999#001,Generalusage,29/08/2025 12:00:00 AM,29/08/2025 12:29:59 AM,0.056,0,A
9000000001,90000000001,000000000009999999,MRIM,99999#002,Controlledload,29/08/2025 12:00:00 AM,29/08/2025 12:29:59 AM,0.581,0,A
9000000001,90000000001,000000000009999999,MRIM,99999#001,Generalusage,29/08/2025 12:30:00 AM,29/08/2025 12:59:59 AM,0.07,0,A
9000000001,90000000001,000000000009999999,MRIM,99999#002,Controlledload,29/08/2025 12:30:00 AM,29/08/2025 12:59:59 AM,0.604,0,A
9000000001,90000000001,000000000009999999,MRIM,99999#001,Generalusage,29/08/2025 01:00:00 AM,29/08/2025 01:29:59 AM,0.089,0,A
9000000001,90000000001,000000000009999999,MRIM,99999#002,Controlledload,29/08/2025 01:00:00 AM,29/08/2025 01:29:59 AM,0.687,0,A
9000000001,90000000001,000000000009999999,MRIM,99999#001,Generalusage,29/08/2025 01:30:00 AM,29/08/2025 01:59:59 AM,0.087,0,A
9000000001,90000000001,000000000009999999,MRIM,99999#002,Controlledload,29/08/2025 01:30:00 AM,29/08/2025 01:59:59 AM,0.507,0,A
9000000001,90000000001,000000000009999999,MRIM,99999#001,Generalusage,29/08/2025 02:00:00 AM,29/08/2025 02:29:59 AM,0.075,0,A
9000000001,90000000001,000000000009999999,MRIM,99999#002,Controlledload,29/08/2025 02:00:00 AM,29/08/2025 02:29:59 AM,0.213,0,A
9000000001,90000000001,000000000009999999,MRIM,99999#001,Generalusage,29/08/2025 02:30:00 AM,29/08/2025 02:59:59 AM,0.095,0,A
9000000001,90000000001,000000000009999999,MRIM,99999#002,Controlledload,29/08/2025 02:30:00 AM,29/08/2025 02:59:59 AM,0.615,0,A
9000000001,90000000001,000000000009999999,MRIM,99999#001,Generalusage,29/08/2025 03:00:00 AM,29/08/2025 03:29:59 AM,0.049,0,A
9000000001,90000000001,000000000009999999,MRIM,99999#002,Controlledload,29/08/2025 03:00:00 AM,29/08/2025 03:29:59 AM,0.29,0,A
9000000001,90000000001,000000000009999999,MRIM,99999#001,Generalusage,29/08/2025 03:30:00 AM,29/08/2025 03:59:59 AM,0.079,0,A
9000000001,90000000001,000000000009999999,MRIM,99999#002,Controlledload,29/08/2025 03:30:00 AM,29/08/2025 03:59:59 AM,0.354,0,A
9000000001,90000000001,000000000009999999,MRIM,99999#001,Generalusage,29/08/2025 04:00:00 AM,29/08/2025 04:29:59 AM,0.055,0,A
9000000001,90000000001,000000000009999999,MRIM,99999#002,Controlledload,29/08/2025 04:00:00 AM,29/08/2025 04:29:59 AM,0.203,0,A
9000000001,90000000001,000000000009999999,MRIM,99999#001,Generalusage,29/08/2025 04:30:00 AM,29/08/2025 04:59:59 AM,0.095,0,A
9000000001,90000000001,000000000009999999,MRIM,99999#002,Controlledload,29/08/2025 04:30:00 AM,29/08/2025 04:59:59 AM,0.483,0,A
9000000001,90000000001,000000000009999999,MRIM,99999#001,Generalusage,29/08/2025 05:00:00 AM,29/08/2025 05:29:59 AM,0.073,0,A
9000000001,90000000001,000000000009999999,MRIM,99999#002,Controlledload,29/08/2025 05:00:00 AM,29/08/2025 05:29:59 AM,0.271,0,A
9000000001,90000000001,000000000009999999,MRIM,99999#001,Generalusage,29/08/2025 05:30:00 AM,29/08/2025 05:59:59 AM,0.122,0,A
9000000001,90000000001,000000000009999999,MRIM,99999#002,Controlledload,29/08/2025 05:30:00 AM,29/08/2025 05:59:59 AM,0.215,0,A
9000000001,90000000001,000000000009999999,MRIM,99999#001,Generalusage,29/08/2025 06:00:00 AM,29/08/2025 06:29:59 AM,0.196,0,A
9000000001,90000000001,000000000009999999,MRIM,99999#002,Controlledload,29/08/2025 06:00:00 AM,29/08/2025 06:29:59 AM,0.0,0,A
9000000001,90000000001,000000000009999999,MRIM,99999#001,Generalusage,29/08/2025 06:30:00 AM,29/08/2025 06:59:59 AM,0.257,0,A
9000000001,90000000001,000000000009999999,MRIM,99999#002,Controlledload,29/08/2025 06:30:00 AM,29/08/2025 06:59:59 AM,0.0,0,A
9000000001,90000000001,000000000009999999,MRIM,99999#001,Generalusage,29/08/2025 07:00:00 AM,29/08/2025 07:29:59 AM,0.368,0,A
9000000001,90000000001,000000000009999999,MRIM,99999#002,Controlledload,29/08/2025 07:00:00 AM,29/08/2025 07:29:59 AM,0.0,0,A
9000000001,90000000001,000000000009999999,MRIM,99999#001,Generalusage,29/08/2025 07:30:00 AM,29/08/2025 07:59:59 AM,0.404,0,A
9000000001,90000000001,000000000009999999,MRIM,99999#002,Controlledload,29/08/2025 07:30:00 AM,29/08/2025 07:59:59 AM,0.0,0,A
9000000001,90000000001,000000000009999999,MRIM,99999#001,Generalusage,29/08/2025 08:00:00 AM,29/08/2025 08:29:59 AM,0.366,0,A
9000000001,90000000001,000000000009999999,MRIM,99999#002,Controlledload,29/08/2025 08:00:00 AM,29/08/2025 08:29:59 AM,0.0,0,A
9000000001,90000000001,000000000009999999,MRIM,99999#001,Generalusage,29/08/2025 08:30:00 AM,29/08/2025 08:59:59 AM,0.295,0,A
9000000001,90000000001,000000000009999999,MRIM,99999#002,Controlledload,29/08/2025 08:30:00 AM,29/08/2025 08:59:59 AM,0.0,0,A
9000000001,90000000001,000000000009999999,MRIM,99999#001,Generalusage,29/08/2025 09:00:00 AM,29/08/2025 09:29:59 AM,0.201,0,A
9000000001,90000000001,000000000009999999,MRIM,99999#002,Controlledload,29/08/2025 09:00:00 AM,29/08/2025 09:29:59 AM,0.0,0,A
9000000001,90000000001,000000000009999999,MRIM,99999#001,Generalusage,29/08/2025 09:30:00 AM,29/08/2025 09:59:59 AM,0.124,0,A
9000000001,90000000001,000000000009999999,MRIM,99999#002,Controlledload,29/08/2025 09:30:00 AM,29/08/2025 09:59:59 AM,0.0,0,A
9000000001,90000000001,000000000009999999,MRIM,99999#001,Generalusage,29/08/2025 10:00:00 AM,29/08/2025 10:29:59 AM,0.062,0,A
9000000001,90000000001,000000000009999999,MRIM,99999#002,Controlledload,29/08/2025 10:00:00 AM,29/08/2025 10:29:59 AM,0.0,0,A
9000000001,90000000001,000000000009999999,MRIM,99999#001,Generalusage,29/08/2025 10:30:00 AM,29/08/2025 10:59:59 AM,0.055,0,A
9000000001,90000000001,000000000009999999,MRIM,99999#002,Controlledload,29/08/2025 10:30:00 AM,29/08/2025 10:59:59 AM,0.0,0,A
9000000001,90000000001,000000000009999999,MRIM,99999#001,Generalusage,29/08/2025 11:00:00 AM,29/08/2025 11:29:59 AM,0.067,0,A
9000000001,90000000001,000000000009999999,MRIM,99999#002,Controlledload,29/08/2025 11:00:00 AM,29/08/2025 11:29:59 AM,0.0,0,A
9000000001,90000000001,000000000009999999,MRIM,99999#001,Generalusage,29/08/2025 11:30:00 AM,29/08/2025 11:59:59 AM,0.108,0,A
9000000001,90000000001,000000000009999999,MRIM,99999#002,Controlledload,29/08/2025 11:30:00 AM,29/08/2025 11:59:59 AM,0.0,0,A
9000000001,90000000001,000000000009999999,MRIM,99999#001,Generalusage,29/08/2025 12:00:00 PM,29/08/2025 12:29:59 PM,0.12,0,A
9000000001,90000000001,000000000009999999,MRIM,99999#002,Controlledload,29/08/2025 12:00:00 PM,29/08/2025 12:29:59 PM,0.0,0,A
9000000001,90000000001,000000000009999999,MRIM,99999#001,Generalusage,29/08/2025 12:30:00 PM,29/08/2025 12:59:59 PM,0.097,0,A
9000000001,90000000001,000000000009999999,MRIM,99999#002,Controlledload,29/08/2025 12:30:00 PM,29/08/2025 12:59:59 PM,0.0,0,A
9000000001,90000000001,000000000009999999,MRIM,99999#001,Generalusage,29/08/2025 01:00:00 PM,29/08/2025 01:29:59 PM,0.126,0,A
9000000001,90000000001,000000000009999999,MRIM,99999#002,Controlledload,29/08/2025 01:00:00 PM,29/08/2025 01:29:59 PM,0.0,0,A
9000000001,90000000001,000000000009999999,MRIM,99999#001,Generalusage,29/08/2025 01:30:00 PM,29/08/2025 01:59:59 PM,0.112,0,A
9000000001,90000000001,000000000009999999,MRIM,99999#002,Controlledload,29/08/2025 01:30:00 PM,29/08/2025 01:59:59 PM,0.0,0,A
9000000001,90000000001,000000000009999999,MRIM,99999#001,Generalusage,29/08/2025 02:00:00 PM,29/08/2025 02:29:59 PM,0.103,0,A
9000000001,90000000001,000000000009999999,MRIM,99999#002,Controlledload,29/08/2025 02:00:00 PM,29/08/2025 02:29:59 PM,0.0,0,A
9000000001,90000000001,000000000009999999,MRIM,99999#001,Generalusage,29/08/2025 02:30:00 PM,29/08/2025 02:59:59 PM,0.084,0,A
9000000001,90000000001,000000000009999999,MRIM,99999#002,Controlledload,29/08/2025 02:30:00 PM,29/08/2025 02:59:59 PM,0.0,0,A
9000000001,90000000001,000000000009999999,MRIM,99999#001,Generalusage,29/08/2025 03:00:00 PM,29/08/2025 03:29:59 PM,0.111,0,A
9000000001,90000000001,000000000009999999,MRIM,99999#002,Controlledload,29/08/2025 03:00:00 PM,29/08/2025 03:29:59 PM,0.0,0,A
9000000001,90000000001,000000000009999999,MRIM,99999#001,Generalusage,29/08/2025 03:30:00 PM,29/08/2025 03:59:59 PM,0.066,0,A
9000000001,90000000001,000000000009999999,MRIM,99999#002,Controlledload,29/08/2025 03:30:00 PM,29/08/2025 03:59:59 PM,0.0,0,A
9000000001,90000000001,000000000009999999,MRIM,99999#001,Generalusage,29/08/2025 04:00:00 PM,29/08/2025 04:29:59 PM,0.101,0,A
9000000001,90000000001,000000000009999999,MRIM,99999#002,Controlledload,29/08/2025 04:00:00 PM,29/08/2025 04:29:59 PM,0.0,0,A
9000000001,90000000001,000000000009999999,MRIM,99999#001,Generalusage,29/08/2025 04:30:00 PM,29/08/2025 04:59:59 PM,0.131,0,A
9000000001,90000000001,000000000009999999,MRIM,99999#002,Controlledload,29/08/2025 04:30:00 PM,29/08/2025 04:59:59 PM,0.0,0,A
9000000001,90000000001,000000000009999999,MRIM,99999#001,Generalusage,29/08/2025 05:00:00 PM,29/08/2025 05:29:59 PM,0.239,0,A
9000000001,90000000001,000000000009999999,MRIM,99999#002,Controlledload,29/08/2025 05:00:00 PM,29/08/2025 05:29:59 PM,0.0,0,A
9000000001,90000000001,000000000009999999,MRIM,99999#001,Generalusage,29/08/2025 05:30:00 PM,29/08/2025 05:59:59 PM,0.349,0,A
9000000001,90000000001,000000000009999999,MRIM,99999#002,Controlledload,29/08/2025 05:30:00 PM,29/08/2025 05:59:59 PM,0.0,0,A
9000000001,90000000001,000000000009999999,MRIM,99999#001,Generalusage,29/08/2025 06:00:00 PM,29/08/2025 06:29:59 PM,0.507,0,A
9000000001,90000000001,000000000009999999,MRIM,99999#002,Controlledload,29/08/2025 06:00:00 PM,29/08/2025 06:29:59 PM,0.0,0,A
9000000001,90000000001,000000000009999999,MRIM,99999#001,Generalusage,29/08/2025 06:30:00 PM,29/08/2025 06:59:59 PM,0.586,0,A
9000000001,90000000001,000000000009999999,MRIM,99999#002,Controlledload,29/08/2025 06:30:00 PM,29/08/2025 06:59:59 PM,0.0,0,A
9000000001,90000000001,000000000009999999,MRIM,99999#001,Generalusage,29/08/2025 07:00:00 PM,29/08/2025 07:29:59 PM,0.658,0,A
9000000001,90000000001,000000000009999999,MRIM,99999#002,Controlledload,29/08/2025 07:00:00 PM,29/08/2025 07:29:59 PM,0.0,0,A
9000000001,90000000001,000000000009999999,MRIM,99999#001,Generalusage,29/08/2025 07:30:00 PM,29/08/2025 07:59:59 PM,0.624,0,A
9000000001,90000000001,000000000009999999,MRIM,99999#002,Controlledload,29/08/2025 07:30:00 PM,29/08/2025 07:59:59 PM,0.0,0,A
9000000001,90000000001,000000000009999999,MRIM,99999#001,Generalusage,29/08/2025 08:00:00 PM,29/08/2025 08:29:59 PM,0.46,0,A
9000000001,90000000001,000000000009999999,MRIM,99999#002,Controlledload,29/08/2025 08:00:00 PM,29/08/2025 08:29:59 PM,0.0,0,A
9000000001,90000000001,000000000009999999,MRIM,99999#001,Generalusage,29/08/2025 08:30:00 PM,29/08/2025 08:59:59 PM,0.335,0,A
9000000001,90000000001,000000000009999999,MRIM,99999#002,Controlledload,29/08/2025 08:30:00 PM,29/08/2025 08:59:59 PM,0.0,0,A
9000000001,90000000001,000000000009999999,MRIM,99999#001,Generalusage,29/08/2025 09:00:00 PM,29/08/2025 09:29:59 PM,0.203,0,A
9000000001,90000000001,000000000009999999,MRIM,99999#002,Controlledload,29/08/2025 09:00:00 PM,29/08/2025 09:29:59 PM,0.0,0,A
9000000001,90000000001,000000000009999999,MRIM,99999#001,Generalusage,29/08/2025 09:30:00 PM,29/08/2025 09:59:59 PM,0.114,0,A
9000000001,90000000001,000000000009999999,MRIM,99999#002,Controlledload,29/08/2025 09:30:00 PM,29/08/2025 09:59:59 PM,0.0,0,A
9000000001,90000000001,000000000009999999,MRIM,99999#001,Generalusage,29/08/2025 10:00:00 PM,29/08/2025 10:29:59 PM,0.078,0,A
9000000001,90000000001,000000000009999999,MRIM,99999#002,Controlledload,29/08/2025 10:00:00 PM,29/08/2025 10:29:59 PM,0.0,0,A
9000000001,90000000001,000000000009999999,MRIM,99999#001,Generalusage,29/08/2025 10:30:00 PM,29/08/2025 10:59:59 PM,0.063,0,A
9000000001,90000000001,000000000009999999,MRIM,99999#002,Controlledload,29/08/2025 10:30:00 PM,29/08/2025 10:59:59 PM,0.0,0,A
9000000001,90000000001,000000000009999999,MRIM,99999#001,Generalusage,29/08/2025 11:00:00 PM,29/08/2025 11:29:59 PM,0.033,0,A
9000000001,90000000001,000000000009999999,MRIM,99999#002,Controlledload,29/08/2025 11:00:00 PM,29/08/2025 11:29:59 PM,0.574,0,A
9000000001,90000000001,000000000009999999,MRIM,99999#001,Generalusage,29/08/2025 11:30:00 PM,29/08/2025 11:59:59 PM,0.043,0,A
9000000001,90000000001,000000000009999999,MRIM,99999#002,Controlledload,29/08/2025 11:30:00 PM,29/08/2025 11:59:59 PM,0.39,0,A
9000000001,90000000001,000000000009999999,MRIM,99999#001,Generalusage,30/08/2025 12:00:00 AM,30/08/2025 12:29:59 AM,0.079,0,A
9000000001,90000000001,000000000009999999,MRIM,99999#002,Controlledload,30/08/2025 12:00:00 AM,30/08/2025 12:29:59 AM,0.45,0,A
9000000001,90000000001,000000000009999999,MRIM,99999#001,Generalusage,30/08/2025 12:30:00 AM,30/08/2025 12:59:59 AM,0.088,0,A
9000000001,90000000001,000000000009999999,MRIM,99999#002,Controlledload,30/08/2025 12:30:00 AM,30/08/2025 12:59:59 AM,0.603,0,A
9000000001,90000000001,000000000009999999,MRIM,99999#001,Generalusage,30/08/2025 01:00:00 AM,30/08/2025 01:29:59 AM,0.035,0,A
9000000001,90000000001,000000000009999999,MRIM,99999#002,Controlledload,30/08/2025 01:00:00 AM,30/08/2025 01:29:59 AM,0.631,0,A
9000000001,90000000001,000000000009999999,MRIM,99999#001,Generalusage,30/08/2025 01:30:00 AM,30/08/2025 01:59:59 AM,0.033,0,A
9000000001,90000000001,000000000009999999,MRIM,99999#002,Controlledload,30/08/2025 01:30:00 AM,30/08/2025 01:59:59 AM,0.209,0,A
9000000001,90000000001,000000000009999999,MRIM,99999#001,Generalusage,30/08/2025 02:00:00 AM,30/08/2025 02:29:59 AM,0.094,0,A
9000000001,90000000001,000000000009999999,MRIM,99999#002,Controlledload,30/08/2025 02:00:00 AM,30/08/2025 02:29:59 AM,0.631,0,A
9000000001,90000000001,000000000009999999,MRIM,99999#001,Generalusage,30/08/2025 02:30:00 AM,30/08/2025 02:59:59 AM,0.07,0,A
9000000001,90000000001,000000000009999999,MRIM,99999#002,Controlledload,30/08/2025 02:30:00 AM,30/08/2025 02:59:59 AM,0.487,0,A
9000000001,90000000001,000000000009999999,MRIM,99999#001,Generalusage,30/08/2025 03:00:00 AM,30/08/2025 03:29:59 AM,0.08,0,A
9000000001,90000000001,000000000009999999,MRIM,99999#002,Controlledload,30/08/2025 03:00:00 AM,30/08/2025 03:29:59 AM,0.409,0,A
9000000001,90000000001,000000000009999999,MRIM,99999#001,Generalusage,30/08/2025 03:30:00 AM,30/08/2025 03:59:59 AM,0.038,0,A
9000000001,90000000001,000000000009999999,MRIM,99999#002,Controlledload,30/08/2025 03:30:00 AM,30/08/2025 03:59:59 AM,0.21,0,A
9000000001,90000000001,000000000009999999,MRIM,99999#001,Generalusage,30/08/2025 04:00:00 AM,30/08/2025 04:29:59 AM,0.053,0,A
9000000001,90000000001,000000000009999999,MRIM,99999#002,Controlledload,30/08/2025 04:00:00 AM,30/08/2025 04:29:59 AM,0.601,0,A
9000000001,90000000001,000000000009999999,MRIM,99999#001,Generalusage,30/08/2025 04:30:00 AM,30/08/2025 04:59:59 AM,0.077,0,A
9000000001,90000000001,000000000009999999,MRIM,99999#002,Controlledload,30/08/2025 04:30:00 AM,30/08/2025 04:59:59 AM,0.616,0,A
9000000001,90000000001,000000000009999999,MRIM,99999#001,Generalusage,30/08/2025 05:00:00 AM,30/08/2025 05:29:59 AM,0.11,0,A
9000000001,90000000001,000000000009999999,MRIM,99999#002,Controlledload,30/08/2025 05:00:00 AM,30/08/2025 05:29:59 AM,0.244,0,A
9000000001,90000000001,000000000009999999,MRIM,99999#001,Generalusage,30/08/2025 05:30:00 AM,30/08/2025 05:59:59 AM,0.137,0,A
9000000001,90000000001,000000000009999999,MRIM,99999#002,Controlledload,30/08/2025 05:30:00 AM,30/08/2025 05:59:59 AM,0.322,0,A
9000000001,90000000001,000000000009999999,MRIM,99999#001,Generalusage,30/08/2025 06:00:00 AM,30/08/2025 06:29:59 AM,0.185,0,A
9000000001,90000000001,000000000009999999,MRIM,99999#002,Controlledload,30/08/2025 06:00:00 AM,30/08/2025 06:29:59 AM,0.0,0,A
9000000001,90000000001,000000000009999999,MRIM,99999#001,Generalusage,30/08/2025 06:30:00 AM,30/08/2025 06:59:59 AM,0.279,0,A
9000000001,90000000001,000000000009999999,MRIM,99999#002,Controlledload,30/08/2025 06:30:00 AM,30/08/2025 06:59:59 AM,0.0,0,A
9000000001,90000000001,000000000009999999,MRIM,99999#001,Generalusage,30/08/2025 07:00:00 AM,30/08/2025 07:29:59 AM,0.367,0,A
9000000001,90000000001,000000000009999999,MRIM,99999#002,Controlledload,30/08/2025 07:00:00 AM,30/08/2025 07:29:59 AM,0.0,0,A
9000000001,90000000001,000000000009999999,MRIM,99999#001,Generalusage,30/08/2025 07:30:00 AM,30/08/2025 07:59:59 AM,0.403,0,A
9000000001,90000000001,000000000009999999,MRIM,99999#002,Controlledload,30/08/2025 07:30:00 AM,30/08/2025 07:59:59 AM,0.0,0,A
9000000001,90000000001,000000000009999999,MRIM,99999#001,Generalusage,30/08/2025 08:00:00 AM,30/08/2025 08:29:59 AM,0.367,0,A
9000000001,90000000001,000000000009999999,MRIM,99999#002,Controlledload,30/08/2025 08:00:00 AM,30/08/2025 08:29:59 AM,0.0,0,A
9000000001,90000000001,000000000009999999,MRIM,99999#001,Generalusage,30/08/2025 08:30:00 AM,30/08/2025 08:59:59 AM,0.274,0,A
9000000001,90000000001,000000000009999999,MRIM,99999#002,Controlledload,30/08/2025 08:30:00 AM,30/08/2025 08:59:59 AM,0.0,0,A
9000000001,90000000001,000000000009999999,MRIM,99999#001,Generalusage,30/08/2025 09:00:00 AM,30/08/2025 09:29:59 AM,0.173,0,A
9000000001,90000000001,000000000009999999,MRIM,99999#002,Controlledload,30/08/2025 09:00:00 AM,30/08/2025 09:29:59 AM,0.0,0,A
9000000001,90000000001,000000000009999999,MRIM,99999#001,Generalusage,30/08/2025 09:30:00 AM,30/08/2025 09:59:59 AM,0.146,0,A
9000000001,90000000001,000000000009999999,MRIM,99999#002,Controlledload,30/08/2025 09:30:00 AM,30/08/2025 09:59:59 AM,0.0,0,A
9000000001,90000000001,000000000009999999,MRIM,99999#001,Generalusage,30/08/2025 10:00:00 AM,30/08/2025 10:29:59 AM,0.109,0,A
9000000001,90000000001,000000000009999999,MRIM,99999#002,Controlledload,30/08/2025 10:00:00 AM,30/08/2025 10:29:59 AM,0.0,0,A
9000000001,90000000001,000000000009999999,MRIM,99999#001,Generalusage,30/08/2025 10:30:00 AM,30/08/2025 10:59:59 AM,0.158,0,A
9000000001,90000000001,000000000009999999,MRIM,99999#002,Controlledload,30/08/2025 10:30:00 AM,30/08/2025 10:59:59 AM,0.0,0,A
9000000001,90000000001,000000000009999999,MRIM,99999#001,Generalusage,30/08/2025 11:00:00 AM,30/08/2025 11:29:59 AM,0.223,0,A
9000000001,90000000001,000000000009999999,MRIM,99999#002,Controlledload,30/08/2025 11:00:00 AM,30/08/2025 11:29:59 AM,0.0,0,A
9000000001,90000000001,000000000009999999,MRIM,99999#001,Generalusage,30/08/2025 11:30:00 AM,30/08/2025 11:59:59 AM,0.226,0,A
9000000001,90000000001,000000000009999999,MRIM,99999#002,Controlledload,30/08/2025 11:30:00 AM,30/08/2025 11:59:59 AM,0.0,0,A
9000000001,90000000001,000000000009999999,MRIM,99999#001,Generalusage,30/08/2025 12:00:00 PM,30/08/2025 12:29:59 PM,0.293,0,A
9000000001,90000000001,000000000009999999,MRIM,99999#002,Controlledload,30/08/2025 12:00:00 PM,30/08/2025 12:29:59 PM,0.0,0,A
9000000001,90000000001,000000000009999999,MRIM,99999#001,Generalusage,30/08/2025 12:30:00 PM,30/08/2025 12:59:59 PM,0.327,0,A
9000000001,90000000001,000000000009999999,MRIM,99999#002,Controlledload,30/08/2025 12:30:00 PM,30/08/2025 12:59:59 PM,0.0,0,A
9000000001,90000000001,000000000009999999,MRIM,99999#001,Generalusage,30/08/2025 01:00:00 PM,30/08/2025 01:29:59 PM,0.337,0,A
9000000001,90000000001,000000000009999999,MRIM,99999#002,Controlledload,30/08/2025 01:00:00 PM,30/08/2025 01:29:59 PM,0.0,0,A
9000000001,90000000001,000000000009999999,MRIM,99999#001,Generalusage,30/08/2025 01:30:00 PM,30/08/2025 01:59:59 PM,0.286,0,A
9000000001,90000000001,000000000009999999,MRIM,99999#002,Controlledload,30/08/2025 01:30:00 PM,30/08/2025 01:59:59 PM,0.0,0,A
9000000001,90000000001,000000000009999999,MRIM,99999#001,Generalusage,30/08/2025 02:00:00 PM,30/08/2025 02:29:59 PM,0.252,0,A
9000000001,90000000001,000000000009999999,MRIM,99999#002,Controlledload,30/08/2025 02:00:00 PM,30/08/2025 02:29:59 PM,0.0,0,A
9000000001,90000000001,000000000009999999,MRIM,99999#001,Generalusage,30/08/2025 02:30:00 PM,30/08/2025 02:59:59 PM,0.216,0,A
9000000001,90000000001,000000000009999999,MRIM,99999#002,Controlledload,30/08/2025 02:30:00 PM,30/08/2025 02:59:59 PM,0.0,0,A
9000000001,90000000001,000000000009999999,MRIM,99999#001,Generalusage,30/08/2025 03:00:00 PM,30/08/2025 03:29:59 PM,0.203,0,A
9000000001,90000000001,000000000009999999,MRIM,99999#002,Controlledload,30/08/2025 03:00:00 PM,30/08/2025 03:29:59 PM,0.0,0,A
9000000001,90000000001,000000000009999999,MRIM,99999#001,Generalusage,30/08/2025 03:30:00 PM,30/08/2025 03:59:59 PM,0.182,0,A
9000000001,90000000001,000000000009999999,MRIM,99999#002,Controlledload,30/08/2025 03:30:00 PM,30/08/2025 03:59:59 PM,0.0,0,A
9000000001,90000000001,000000000009999999,MRIM,99999#001,Generalusage,30/08/2025 04:00:00 PM,30/08/2025 04:29:59 PM,0.162,0,A
9000000001,90000000001,000000000009999999,MRIM,99999#002,Controlledload,30/08/2025 04:00:00 PM,30/08/2025 04:29:59 PM,0.0,0,A
9000000001,90000000001,000000000009999999,MRIM,99999#001,Generalusage,30/08/2025 04:30:00 PM,30/08/2025 04:59:59 PM,0.15,0,A
9000000001,90000000001,000000000009999999,MRIM,99999#002,Controlledload,30/08/2025 04:30:00 PM,30/08/2025 04:59:59 PM,0.0,0,A
9000000001,90000000001,000000000009999999,MRIM,99999#001,Generalusage,30/08/2025 05:00:00 PM,30/08/2025 05:29:59 PM,0.26,0,A
9000000001,90000000001,000000000009999999,MRIM,99999#002,Controlledload,30/08/2025 05:00:00 PM,30/08/2025 05:29:59 PM,0.0,0,A
9000000001,90000000001,000000000009999999,MRIM,99999#001,Generalusage,30/08/2025 05:30:00 PM,30/08/2025 05:59:59 PM,0.357,0,A
9000000001,90000000001,000000000009999999,MRIM,99999#002,Controlledload,30/08/2025 05:30:00 PM,30/08/2025 05:59:59 PM,0.0,0,A
9000000001,90000000001,000000000009999999,MRIM,99999#001,Generalusage,30/08/2025 06:00:00 PM,30/08/2025 06:29:59 PM,0.517,0,A
9000000001,90000000001,000000000009999999,MRIM,99999#002,Controlledload,30/08/2025 06:00:00 PM,30/08/2025 06:29:59 PM,0.0,0,A
9000000001,90000000001,000000000009999999,MRIM,99999#001,Generalusage,30/08/2025 06:30:00 PM,30/08/2025 06:59:59 PM,0.637,0,A
9000000001,90000000001,000000000009999999,MRIM,99999#002,Controlledload,30/08/2025 06:30:00 PM,30/08/2025 06:59:59 PM,0.0,0,A
9000000001,90000000001,000000000009999999,MRIM,99999#001,Generalusage,30/08/2025 07:00:00 PM,30/08/2025 07:29:59 PM,0.662,0,A
9000000001,90000000001,000000000009999999,MRIM,99999#002,Controlledload,30/08/2025 07:00:00 PM,30/08/2025 07:29:59 PM,0.0,0,A
9000000001,90000000001,000000000009999999,MRIM,99999#001,Generalusage,30/08/2025 07:30:00 PM,30/08/2025 07:59:59 PM,0.647,0,A
9000000001,90000000001,000000000009999999,MRIM,99999#002,Controlledload,30/08/2025 07:30:00 PM,30/08/2025 07:59:59 PM,0.0,0,A
9000000001,90000000001,000000000009999999,MRIM,99999#001,Generalusage,30/08/2025 08:00:00 PM,30/08/2025 08:29:59 PM,0.5,0,A
9000000001,90000000001,000000000009999999,MRIM,99999#002,Controlledload,30/08/2025 08:00:00 PM,30/08/2025 08:29:59 PM,0.0,0,A
9000000001,90000000001,000000000009999999,MRIM,99999#001,Generalusage,30/08/2025 08:30:00 PM,30/08/2025 08:59:59 PM,0.358,0,A
9000000001,90000000001,000000000009999999,MRIM,99999#002,Controlledload,30/08/2025 08:30:00 PM,30/08/2025 08:59:59 PM,0.0,0,A
9000000001,90000000001,000000000009999999,MRIM,99999#001,Generalusage,30/08/2025 09:00:00 PM,30/08/2025 09:29:59 PM,0.232,0,A
9000000001,90000000001,000000000009999999,MRIM,99999#002,Controlledload,30/08/2025 09:00:00 PM,30/08/2025 09:29:59 PM,0.0,0,A
9000000001,90000000001,000000000009999999,MRIM,99999#001,Generalusage,30/08/2025 09:30:00 PM,30/08/2025 09:59:59 PM,0.165,0,A
9000000001,90000000001,000000000009999999,MRIM,99999#002,Controlledload,30/08/2025 09:30:00 PM,30/08/2025 09:59:59 PM,0.0,0,A
9000000001,90000000001,000000000009999999,MRIM,99999#001,Generalusage,30/08/2025 10:00:00 PM,30/08/2025 10:29:59 PM,0.104,0,A
9000000001,90000000001,000000000009999999,MRIM,99999#002,Controlledload,30/08/2025 10:00:00 PM,30/08/2025 10:29:59 PM,0.0,0,A
9000000001,90000000001,000000000009999999,MRIM,99999#001,Generalusage,30/08/2025 10:30:00 PM,30/08/2025 10:59:59 PM,0.051,0,A
9000000001,90000000001,000000000009999999,MRIM,99999#002,Controlledload,30/08/2025 10:30:00 PM,30/08/2025 10:59:59 PM,0.0,0,A
9000000001,90000000001,000000000009999999,MRIM,99999#001,Generalusage,30/08/2025 11:00:00 PM,30/08/2025 11:29:59 PM,0.038,0,A
9000000001,90000000001,000000000009999999,MRIM,99999#002,Controlledload,30/08/2025 11:00:00 PM,30/08/2025 11:29:59 PM,0.421,0,A
9000000001,90000000001,000000000009999999,MRIM,99999#001,Generalusage,30/08/2025 11:30:00 PM,30/08/2025 11:59:59 PM,0.052,0,A
9000000001,90000000001,000000000009999999,MRIM,99999#002,Controlledload,30/08/2025 11:30:00 PM,30/08/2025 11:59:59 PM,0.337,0,A
9000000001,90000000001,000000000009999999,MRIM,99999#001,Generalusage,31/08/2025 12:00:00 AM,31/08/2025 12:29:59 AM,0.034,0,A
9000000001,90000000001,000000000009999999,MRIM,99999#002,Controlledload,31/08/2025 12:00:00 AM,31/08/2025 12:29:59 AM,0.454,0,A
9000000001,90000000001,000000000009999999,MRIM,99999#001,Generalusage,31/08/2025 12:30:00 AM,31/08/2025 12:59:59 AM,0.052,0,A
9000000001,90000000001,000000000009999999,MRIM,99999#002,Controlledload,31/08/2025 12:30:00 AM,31/08/2025 12:59:59 AM,0.426,0,A
9000000001,90000000001,000000000009999999,MRIM,99999#001,Generalusage,31/08/2025 01:00:00 AM,31/08/2025 01:29:59 AM,0.034,0,A
9000000001,90000000001,000000000009999999,MRIM,99999#002,Controlledload,31/08/2025 01:00:00 AM,31/08/2025 01:29:59 AM,0.616,0,A
9000000001,90000000001,000000000009999999,MRIM,99999#001,Generalusage,31/08/2025 01:30:00 AM,31/08/2025 01:59:59 AM,0.035,0,A
9000000001,90000000001,000000000009999999,MRIM,99999#002,Controlledload,31/08/2025 01:30:00 AM,31/08/2025 01:59:59 AM,0.632,0,A
9000000001,90000000001,000000000009999999,MRIM,99999#001,Generalusage,31/08/2025 02:00:00 AM,31/08/2025 02:29:59 AM,0.09,0,A
9000000001,90000000001,000000000009999999,MRIM,99999#002,Controlledload,31/08/2025 02:00:00 AM,31/08/2025 02:29:59 AM,0.508,0,A
9000000001,90000000001,000000000009999999,MRIM,99999#001,Generalusage,31/08/2025 02:30:00 AM,31/08/2025 02:59:59 AM,0.065,0,A
9000000001,90000000001,000000000009999999,MRIM,99999#002,Controlledload,31/08/2025 02:30:00 AM,31/08/2025 02:59:59 AM,0.431,0,A
9000000001,90000000001,000000000009999999,MRIM,99999#001,Generalusage,31/08/2025 03:00:00 AM,31/08/2025 03:29:59 AM,0.069,0,A
9000000001,90000000001,000000000009999999,MRIM,99999#002,Controlledload,31/08/2025 03:00:00 AM,31/08/2025 03:29:59 AM,0.596,0,A
9000000001,90000000001,000000000009999999,MRIM,99999#001,Generalusage,31/08/2025 03:30:00 AM,31/08/2025 03:59:59 AM,0.093,0,A
9000000001,90000000001,000000000009999999,MRIM,99999#002,Controlledload,31/08/2025 03:30:00 AM,31/08/2025 03:59:59 AM,0.425,0,A
9000000001,90000000001,000000000009999999,MRIM,99999#001,Generalusage,31/08/2025 04:00:00 AM,31/08/2025 04:29:59 AM,0.087,0,A
9000000001,90000000001,000000000009999999,MRIM,99999#002,Controlledload,31/08/2025 04:00:00 AM,31/08/2025 04:29:59 AM,0.526,0,A
9000000001,90000000001,000000000009999999,MRIM,99999#001,Generalusage,31/08/2025 04:30:00 AM,31/08/2025 04:59:59 AM,0.056,0,A
9000000001,90000000001,000000000009999999,MRIM,99999#002,Controlledload,31/08/2025 04:30:00 AM,31/08/2025 04:59:59 AM,0.438,0,A
9000000001,90000000001,000000000009999999,MRIM,99999#001,Generalusage,31/08/2025 05:00:00 AM,31/08/2025 05:29:59 AM,0.056,0,A
9000000001,90000000001,000000000009999999,MRIM,99999#002,Controlledload,31/08/2025 05:00:00 AM,31/08/2025 05:29:59 AM,0.231,0,A
9000000001,90000000001,000000000009999999,MRIM,99999#001,Generalusage,31/08/2025 05:30:00 AM,31/08/2025 05:59:59 AM,0.085,0,A
9000000001,90000000001,000000000009999999,MRIM,99999#002,Controlledload,31/08/2025 05:30:00 AM,31/08/2025 05:59:59 AM,0.65,0,A
9000000001,90000000001,000000000009999999,MRIM,99999#001,Generalusage,31/08/2025 06:00:00 AM,31/08/2025 06:29:59 AM,0.168,0,A
9000000001,90000000001,000000000009999999,MRIM,99999#002,Controlledload,31/08/2025 06:00:00 AM,31/08/2025 06:29:59 AM,0.0,0,A
9000000001,90000000001,000000000009999999,MRIM,99999#001,Generalusage,31/08/2025 06:30:00 AM,31/08/2025 06:59:59 AM,0.293,0,A
9000000001,90000000001,000000000009999999,MRIM,99999#002,Controlledload,31/08/2025 06:30:00 AM,31/08/2025 06:59:59 AM,0.0,0,A
9000000001,90000000001,000000000009999999,MRIM,99999#001,Generalusage,31/08/2025 07:00:00 AM,31/08/2025 07:29:59 AM,0.375,0,A
9000000001,90000000001,000000000009999999,MRIM,99999#002,Controlledload,31/08/2025 07:00:00 AM,31/08/2025 07:29:59 AM,0.0,0,A
9000000001,90000000001,000000000009999999,MRIM,99999#001,Generalusage,31/08/2025 07:30:00 AM,31/08/2025 07:59:59 AM,0.394,0,A
9000000001,90000000001,000000000009999999,MRIM,99999#002,Controlledload,31/08/2025 07:30:00 AM,31/08/2025 07:59:59 AM,0.0,0,A
9000000001,90000000001,000000000009999999,MRIM,99999#001,Generalusage,31/08/2025 08:00:00 AM,31/08/2025 08:29:59 AM,0.36,0,A
9000000001,90000000001,000000000009999999,MRIM,99999#002,Controlledload,31/08/2025 08:00:00 AM,31/08/2025 08:29:59 AM,0.0,0,A
9000000001,90000000001,000000000009999999,MRIM,99999#001,Generalusage,31/08/2025 08:30:00 AM,31/08/2025 08:59:59 AM,0.281,0,A
9000000001,90000000001,000000000009999999,MRIM,99999#002,Controlledload,31/08/2025 08:30:00 AM,31/08/2025 08:59:59 AM,0.0,0,A
9000000001,90000000001,000000000009999999,MRIM,99999#001,Generalusage,31/08/2025 09:00:00 AM,31/08/2025 09:29:59 AM,0.192,0,A
9000000001,90000000001,000000000009999999,MRIM,99999#002,Controlledload,31/08/2025 09:00:00 AM,31/08/2025 09:29:59 AM,0.0,0,A
9000000001,90000000001,000000000009999999,MRIM,99999#001,Generalusage,31/08/2025 09:30:00 AM,31/08/2025 09:59:59 AM,0.146,0,A
9000000001,90000000001,000000000009999999,MRIM,99999#002,Controlledload,31/08/2025 09:30:00 AM,31/08/2025 09:59:59 AM,0.0,0,A
9000000001,90000000001,000000000009999999,MRIM,99999#001,Generalusage,31/08/2025 10:00:00 AM,31/08/2025 10:29:59 AM,0.112,0,A
9000000001,90000000001,000000000009999999,MRIM,99999#002,Controlledload,31/08/2025 10:00:00 AM,31/08/2025 10:29:59 AM,0.0,0,A
9000000001,90000000001,000000000009999999,MRIM,99999#001,Generalusage,31/08/2025 10:30:00 AM,31/08/2025 10:59:59 AM,0.148,0,A
9000000001,90000000001,000000000009999999,MRIM,99999#002,Controlledload,31/08/2025 10:30:00 AM,31/08/2025 10:59:59 AM,0.0,0,A
9000000001,90000000001,000000000009999999,MRIM,99999#001,Generalusage,31/08/2025 11:00:00 AM,31/08/2025 11:29:59 AM,0.179,0,A
9000000001,90000000001,000000000009999999,MRIM,99999#002,Controlledload,31/08/2025 11:00:00 AM,31/08/2025 11:29:59 AM,0.0,0,A
9000000001,90000000001,000000000009999999,MRIM,99999#001,Generalusage,31/08/2025 11:30:00 AM,31/08/2025 11:59:59 AM,0.231,0,A
9000000001,90000000001,000000000009999999,MRIM,99999#002,Controlledload,31/08/2025 11:30:00 AM,31/08/2025 11:59:59 AM,0.0,0,A
9000000001,90000000001,000000000009999999,MRIM,99999#001,Generalusage,31/08/2025 12:00:00 PM,31/08/2025 12:29:59 PM,0.265,0,A
9000000001,90000000001,000000000009999999,MRIM,99999#002,Controlledload,31/08/2025 12:00:00 PM,31/08/2025 12:29:59 PM,0.0,0,A
9000000001,90000000001,000000000009999999,MRIM,99999#001,Generalusage,31/08/2025 12:30:00 PM,31/08/2025 12:59:59 PM,0.312,0,A
9000000001,90000000001,000000000009999999,MRIM,99999#002,Controlledload,31/08/2025 12:30:00 PM,31/08/2025 12:59:59 PM,0.0,0,A
9000000001,90000000001,000000000009999999,MRIM,99999#001,Generalusage,31/08/2025 01:00:00 PM,31/08/2025 01:29:59 PM,0.335,0,A
9000000001,90000000001,000000000009999999,MRIM,99999#002,Controlledload,31/08/2025 01:00:00 PM,31/08/2025 01:29:59 PM,0.0,0,A
9000000001,90000000001,000000000009999999,MRIM,99999#001,Generalusage,31/08/2025 01:30:00 PM,31/08/2025 01:59:59 PM,0.315,0,A
9000000001,90000000001,000000000009999999,MRIM,99999#002,Controlledload,31/08/2025 01:30:00 PM,31/08/2025 01:59:59 PM,0.0,0,A
9000000001,90000000001,000000000009999999,MRIM,99999#001,Generalusage,31/08/2025 02:00:00 PM,31/08/2025 02:29:59 PM,0.246,0,A
9000000001,90000000001,000000000009999999,MRIM,99999#002,Controlledload,31/08/2025 02:00:00 PM,31/08/2025 02:29:59 PM,0.0,0,A
9000000001,90000000001,000000000009999999,MRIM,99999#001,Generalusage,31/08/2025 02:30:00 PM,31/08/2025 02:59:59 PM,0.209,0,A
9000000001,90000000001,000000000009999999,MRIM,99999#002,Controlledload,31/08/2025 02:30:00 PM,31/08/2025 02:59:59 PM,0.0,0,A
9000000001,90000000001,000000000009999999,MRIM,99999#001,Generalusage,31/08/2025 03:00:00 PM,31/08/2025 03:29:59 PM,0.209,0,A
9000000001,90000000001,000000000009999999,MRIM,99999#002,Controlledload,31/08/2025 03:00:00 PM,31/08/2025 03:29:59 PM,0.0,0,A
9000000001,90000000001,000000000009999999,MRIM,99999#001,Generalusage,31/08/2025 03:30:00 PM,31/08/2025 03:59:59 PM,0.148,0,A
9000000001,90000000001,000000000009999999,MRIM,99999#002,Controlledload,31/08/2025 03:30:00 PM,31/08/2025 03:59:59 PM,0.0,0,A
9000000001,90000000001,000000000009999999,MRIM,99999#001,Generalusage,31/08/2025 04:00:00 PM,31/08/2025 04:29:59 PM,0.166,0,A
9000000001,90000000001,000000000009999999,MRIM,99999#002,Controlledload,31/08/2025 04:00:00 PM,31/08/2025 04:29:59 PM,0.0,0,A
9000000001,90000000001,000000000009999999,MRIM,99999#001,Generalusage,31/08/2025 04:30:00 PM,31/08/2025 04:59:59 PM,0.183,0,A
9000000001,90000000001,000000000009999999,MRIM,99999#002,Controlledload,31/08/2025 04:30:00 PM,31/08/2025 04:59:59 PM,0.0,0,A
9000000001,90000000001,000000000009999999,MRIM,99999#001,Generalusage,31/08/2025 05:00:00 PM,31/08/2025 05:29:59 PM,0.269,0,A
9000000001,90000000001,000000000009999999,MRIM,99999#002,Controlledload,31/08/2025 05:00:00 PM,31/08/2025 05:29:59 PM,0.0,0,A
9000000001,90000000001,000000000009999999,MRIM,99999#001,Generalusage,31/08/2025 05:30:00 PM,31/08/2025 05:59:59 PM,0.383,0,A
9000000001,90000000001,000000000009999999,MRIM,99999#002,Controlledload,31/08/2025 05:30:00 PM,31/08/2025 05:59:59 PM,0.0,0,A
9000000001,90000000001,000000000009999999,MRIM,99999#001,Generalusage,31/08/2025 06:00:00 PM,31/08/2025 06:29:59 PM,0.487,0,A
9000000001,90000000001,000000000009999999,MRIM,99999#002,Controlledload,31/08/2025 06:00:00 PM,31/08/2025 06:29:59 PM,0.0,0,A
9000000001,90000000001,000000000009999999,MRIM,99999#001,Generalusage,31/08/2025 06:30:00 PM,31/08/2025 06:59:59 PM,0.624,0,A
9000000001,90000000001,000000000009999999,MRIM,99999#002,Controlledload,31/08/2025 06:30:00 PM,31/08/2025 06:59:59 PM,0.0,0,A
9000000001,90000000001,000000000009999999,MRIM,99999#001,Generalusage,31/08/2025 07:00:00 PM,31/08/2025 07:29:59 PM,0.641,0,A
9000000001,90000000001,000000000009999999,MRIM,99999#002,Controlledload,31/08/2025 07:00:00 PM,31/08/2025 07:29:59 PM,0.0,0,A
9000000001,90000000001,000000000009999999,MRIM,99999#001,Generalusage,31/08/2025 07:30:00 PM,31/08/2025 07:59:59 PM,0.607,0,A
9000000001,90000000001,000000000009999999,MRIM,99999#002,Controlledload,31/08/2025 07:30:00 PM,31/08/2025 07:59:59 PM,0.0,0,A
9000000001,90000000001,000000000009999999,MRIM,99999#001,Generalusage,31/08/2025 08:00:00 PM,31/08/2025 08:29:59 PM,0.528,0,A
9000000001,90000000001,000000000009999999,MRIM,99999#002,Controlledload,31/08/2025 08:00:00 PM,31/08/2025 08:29:59 PM,0.0,0,A
9000000001,90000000001,000000000009999999,MRIM,99999#001,Generalusage,31/08/2025 08:30:00 PM,31/08/2025 08:59:59 PM,0.362,0,A
9000000001,90000000001,000000000009999999,MRIM,99999#002,Controlledload,31/08/2025 08:30:00 PM,31/08/2025 08:59:59 PM,0.0,0,A
9000000001,90000000001,000000000009999999,MRIM,99999#001,Generalusage,31/08/2025 09:00:00 PM,31/08/2025 09:29:59 PM,0.216,0,A
9000000001,90000000001,000000000009999999,MRIM,99999#002,Controlledload,31/08/2025 09:00:00 PM,31/08/2025 09:29:59 PM,0.0,0,A
9000000001,90000000001,000000000009999999,MRIM,99999#001,Generalusage,31/08/2025 09:30:00 PM,31/08/2025 09:59:59 PM,0.146,0,A
9000000001,90000000001,000000000009999999,MRIM,99999#002,Controlledload,31/08/2025 09:30:00 PM,31/08/2025 09:59:59 PM,0.0,0,A
9000000001,90000000001,000000000009999999,MRIM,99999#001,Generalusage,31/08/2025 10:00:00 PM,31/08/2025 10:29:59 PM,0.126,0,A
9000000001,90000000001,000000000009999999,MRIM,99999#002,Controlledload,31/08/2025 10:00:00 PM,31/08/2025 10:29:59 PM,0.0,0,A
9000000001,90000000001,000000000009999999,MRIM,99999#001,Generalusage,31/08/2025 10:30:00 PM,31/08/2025 10:59:59 PM,0.062,0,A
9000000001,90000000001,000000000009999999,MRIM,99999#002,Controlledload,31/08/2025 10:30:00 PM,31/08/2025 10:59:59 PM,0.0,0,A
9000000001,90000000001,000000000009999999,MRIM,99999#001,Generalusage,31/08/2025 11:00:00 PM,31/08/2025 11:29:59 PM,0.059,0,A
9000000001,90000000001,000000000009999999,MRIM,99999#002,Controlledload,31/08/2025 11:00:00 PM,31/08/2025 11:29:59 PM,0.596,0,A
9000000001,90000000001,000000000009999999,MRIM,99999#001,Generalusage,31/08/2025 11:30:00 PM,31/08/2025 11:59:59 PM,0.088,0,A
9000000001,90000000001,000000000009999999,MRIM,99999#002,Controlledload,31/08/2025 11:30:00 PM,31/08/2025 11:59:59 PM,0.535,0,A
9000000001,90000000001,000000000009999999,MRIM,99999#001,Generalusage,01/09/2025 12:00:00 AM,01/09/2025 12:29:59 AM,0.088,0,A
9000000001,90000000001,000000000009999999,MRIM,99999#002,Controlledload,01/09/2025 12:00:00 AM,01/09/2025 12:29:59 AM,0.569,0,A
9000000001,90000000001,000000000009999999,MRIM,99999#001,Generalusage,01/09/2025 12:30:00 AM,01/09/2025 12:59:59 AM,0.078,0,A
9000000001,90000000001,000000000009999999,MRIM,99999#002,Controlledload,01/09/2025 12:30:00 AM,01/09/2025 12:59:59 AM,0.463,0,A
9000000001,90000000001,000000000009999999,MRIM,99999#001,Generalusage,01/09/2025 01:00:00 AM,01/09/2025 01:29:59 AM,0.075,0,A
9000000001,90000000001,000000000009999999,MRIM,99999#002,Controlledload,01/09/2025 01:00:00 AM,01/09/2025 01:29:59 AM,0.412,0,A
9000000001,90000000001,000000000009999999,MRIM,99999#001,Generalusage,01/09/2025 01:30:00 AM,01/09/2025 01:59:59 AM,0.055,0,A
9000000001,90000000001,000000000009999999,MRIM,99999#002,Controlledload,01/09/2025 01:30:00 AM,01/09/2025 01:59:59 AM,0.381,0,A
9000000001,90000000001,000000000009999999,MRIM,99999#001,Generalusage,01/09/2025 02:00:00 AM,01/09/2025 02:29:59 AM,0.043,0,A
9000000001,90000000001,000000000009999999,MRIM,99999#002,Controlledload,01/09/2025 02:00:00 AM,01/09/2025 02:29:59 AM,0.307,0,A
9000000001,90000000001,000000000009999999,MRIM,99999#001,Generalusage,01/09/2025 02:30:00 AM,01/09/2025 02:59:59 AM,0.096,0,A
9000000001,90000000001,000000000009999999,MRIM,99999#002,Controlledload,01/09/2025 02:30:00 AM,01/09/2025 02:59:59 AM,0.443,0,A
9000000001,90000000001,000000000009999999,MRIM,99999#001,Generalusage,01/09/2025 03:00:00 AM,01/09/2025 03:29:59 AM,0.046,0,A
9000000001,90000000001,000000000009999999,MRIM,99999#002,Controlledload,01/09/2025 03:00:00 AM,01/09/2025 03:29:59 AM,0.269,0,A
9000000001,90000000001,000000000009999999,MRIM,99999#001,Generalusage,01/09/2025 03:30:00 AM,01/09/2025 03:59:59 AM,0.036,0,A
9000000001,90000000001,000000000009999999,MRIM,99999#002,Controlledload,01/09/2025 03:30:00 AM,01/09/2025 03:59:59 AM,0.622,0,A
9000000001,90000000001,000000000009999999,MRIM,99999#001,Generalusage,01/09/2025 04:00:00 AM,01/09/2025 04:29:59 AM,0.038,0,A
9000000001,90000000001,000000000009999999,MRIM,99999#002,Controlledload,01/09/2025 04:00:00 AM,01/09/2025 04:29:59 AM,0.585,0,A
9000000001,90000000001,000000000009999999,MRIM,99999#001,Generalusage,01/09/2025 04:30:00 AM,01/09/2025 04:59:59 AM,0.092,0,A
9000000001,90000000001,000000000009999999,MRIM,99999#002,Controlledload,01/09/2025 04:30:00 AM,01/09/2025 04:59:59 AM,0.642,0,A
9000000001,90000000001,000000000009999999,MRIM,99999#001,Generalusage,01/09/2025 05:00:00 AM,01/09/2025 05:29:59 AM,0.048,0,A
9000000001,90000000001,000000000009999999,MRIM,99999#002,Controlledload,01/09/2025 05:00:00 AM,01/09/2025 05:29:59 AM,0.368,0,A
9000000001,90000000001,000000000009999999,MRIM,99999#001,Generalusage,01/09/2025 05:30:00 AM,01/09/2025 05:59:59 AM,0.131,0,A
9000000001,90000000001,000000000009999999,MRIM,99999#002,Controlledload,01/09/2025 05:30:00 AM,01/09/2025 05:59:59 AM,0.266,0,A
9000000001,90000000001,000000000009999999,MRIM,99999#001,Generalusage,01/09/2025 06:00:00 AM,01/09/2025 06:29:59 AM,0.17,0,A
9000000001,90000000001,000000000009999999,MRIM,99999#002,Controlledload,01/09/2025 06:00:00 AM,01/09/2025 06:29:59 AM,0.0,0,A
9000000001,90000000001,000000000009999999,MRIM,99999#001,Generalusage,01/09/2025 06:30:00 AM,01/09/2025 06:59:59 AM,0.254,0,A
9000000001,90000000001,000000000009999999,MRIM,99999#002,Controlledload,01/09/2025 06:30:00 AM,01/09/2025 06:59:59 AM,0.0,0,A
9000000001,90000000001,000000000009999999,MRIM,99999#001,Generalusage,01/09/2025 07:00:00 AM,01/09/2025 07:29:59 AM,0.397,0,A
9000000001,90000000001,000000000009999999,MRIM,99999#002,Controlledload,01/09/2025 07:00:00 AM,01/09/2025 07:29:59 AM,0.0,0,A
9000000001,90000000001,000000000009999999,MRIM,99999#001,Generalusage,01/09/2025 07:30:00 AM,01/09/2025 07:59:59 AM,0.434,0,A
9000000001,90000000001,000000000009999999,MRIM,99999#002,Controlledload,01/09/2025 07:30:00 AM,01/09/2025 07:59:59 AM,0.0,0,A
9000000001,90000000001,000000000009999999,MRIM,99999#001,Generalusage,01/09/2025 08:00:00 AM,01/09/2025 08:29:59 AM,0.396,0,A
9000000001,90000000001,000000000009999999,MRIM,99999#002,Controlledload,01/09/2025 08:00:00 AM,01/09/2025 08:29:59 AM,0.0,0,A
9000000001,90000000001,000000000009999999,MRIM,99999#001,Generalusage,01/09/2025 08:30:00 AM,01/09/2025 08:59:59 AM,0.256,0,A
9000000001,90000000001,000000000009999999,MRIM,99999#002,Controlledload,01/09/2025 08:30:00 AM,01/09/2025 08:59:59 AM,0.0,0,A
9000000001,90000000001,000000000009999999,MRIM,99999#001,Generalusage,01/09/2025 09:00:00 AM,01/09/2025 09:29:59 AM,0.178,0,A
9000000001,90000000001,000000000009999999,MRIM,99999#002,Controlledload,01/09/2025 09:00:00 AM,01/09/2025 09:29:59 AM,0.0,0,A
9000000001,90000000001,000000000009999999,MRIM,99999#001,Generalusage,01/09/2025 09:30:00 AM,01/09/2025 09:59:59 AM,0.113,0,A
9000000001,90000000001,000000000009999999,MRIM,99999#002,Controlledload,01/09/2025 09:30:00 AM,01/09/2025 09:59:59 AM,0.0,0,A
9000000001,90000000001,000000000009999999,MRIM,99999#001,Generalusage,01/09/2025 10:00:00 AM,01/09/2025 10:29:59 AM,0.104,0,A
9000000001,90000000001,000000000009999999,MRIM,99999#002,Controlledload,01/09/2025 10:00:00 AM,01/09/2025 10:29:59 AM,0.0,0,A
9000000001,90000000001,000000000009999999,MRIM,99999#001,Generalusage,01/09/2025 10:30:00 AM,01/09/2025 10:59:59 AM,0.068,0,A
9000000001,90000000001,000000000009999999,MRIM,99999#002,Controlledload,01/09/2025 10:30:00 AM,01/09/2025 10:59:59 AM,0.0,0,A
9000000001,90000000001,000000000009999999,MRIM,99999#001,Generalusage,01/09/2025 11:00:00 AM,01/09/2025 11:29:59 AM,0.088,0,A
9000000001,90000000001,000000000009999999,MRIM,99999#002,Controlledload,01/09/2025 11:00:00 AM,01/09/2025 11:29:59 AM,0.0,0,A
9000000001,90000000001,000000000009999999,MRIM,99999#001,Generalusage,01/09/2025 11:30:00 AM,01/09/2025 11:59:59 AM,0.084,0,A
9000000001,90000000001,000000000009999999,MRIM,99999#002,Controlledload,01/09/2025 11:30:00 AM,01/09/2025 11:59:59 AM,0.0,0,A
9000000001,90000000001,000000000009999999,MRIM,99999#001,Generalusage,01/09/2025 12:00:00 PM,01/09/2025 12:29:59 PM,0.125,0,A
9000000001,90000000001,000000000009999999,MRIM,99999#002,Controlledload,01/09/2025 12:00:00 PM,01/09/2025 12:29:59 PM,0.0,0,A
9000000001,90000000001,000000000009999999,MRIM,99999#001,Generalusage,01/09/2025 12:30:00 PM,01/09/2025 12:59:59 PM,0.109,0,A
9000000001,90000000001,000000000009999999,MRIM,99999#002,Controlledload,01/09/2025 12:30:00 PM,01/09/2025 12:59:59 PM,0.0,0,A
9000000001,90000000001,000000000009999999,MRIM,99999#001,Generalusage,01/09/2025 01:00:00 PM,01/09/2025 01:29:59 PM,0.117,0,A
9000000001,90000000001,000000000009999999,MRIM,99999#002,Controlledload,01/09/2025 01:00:00 PM,01/09/2025 01:29:59 PM,0.0,0,A
9000000001,90000000001,000000000009999999,MRIM,99999#001,Generalusage,01/09/2025 01:30:00 PM,01/09/2025 01:59:59 PM,0.1,0,A
9000000001,90000000001,000000000009999999,MRIM,99999#002,Controlledload,01/09/2025 01:30:00 PM,01/09/2025 01:59:59 PM,0.0,0,A
9000000001,90000000001,000000000009999999,MRIM,99999#001,Generalusage,01/09/2025 02:00:00 PM,01/09/2025 02:29:59 PM,0.129,0,A
9000000001,90000000001,000000000009999999,MRIM,99999#002,Controlledload,01/09/2025 02:00:00 PM,01/09/2025 02:29:59 PM,0.0,0,A
9000000001,90000000001,000000000009999999,MRIM,99999#001,Generalusage,01/09/2025 02:30:00 PM,01/09/2025 02:59:59 PM,0.098,0,A
9000000001,90000000001,000000000009999999,MRIM,99999#002,Controlledload,01/09/2025 02:30:00 PM,01/09/2025 02:59:59 PM,0.0,0,A
9000000001,90000000001,000000000009999999,MRIM,99999#001,Generalusage,01/09/2025 03:00:00 PM,01/09/2025 03:29:59 PM,0.117,0,A
9000000001,90000000001,000000000009999999,MRIM,99999#002,Controlledload,01/09/2025 03:00:00 PM,01/09/2025 03:29:59 PM,0.0,0,A
9000000001,90000000001,000000000009999999,MRIM,99999#001,Generalusage,01/09/2025 03:30:00 PM,01/09/2025 03:59:59 PM,0.084,0,A
9000000001,90000000001,000000000009999999,MRIM,99999#002,Controlledload,01/09/2025 03:30:00 PM,01/09/2025 03:59:59 PM,0.0,0,A
9000000001,90000000001,000000000009999999,MRIM,99999#001,Generalusage,01/09/2025 04:00:00 PM,01/09/2025 04:29:59 PM,0.137,0,A
9000000001,90000000001,000000000009999999,MRIM,99999#002,Controlledload,01/09/2025 04:00:00 PM,01/09/2025 04:29:59 PM,0.0,0,A
9000000001,90000000001,000000000009999999,MRIM,99999#001,Generalusage,01/09/2025 04:30:00 PM,01/09/2025 04:59:59 PM,0.18,0,A
9000000001,90000000001,000000000009999999,MRIM,99999#002,Controlledload,01/09/2025 04:30:00 PM,01/09/2025 04:59:59 PM,0.0,0,A
9000000001,90000000001,000000000009999999,MRIM,99999#001,Generalusage,01/09/2025 05:00:00 PM,01/09/2025 05:29:59 PM,0.224,0,A
9000000001,90000000001,000000000009999999,MRIM,99999#002,Controlledload,01/09/2025 05:00:00 PM,01/09/2025 05:29:59 PM,0.0,0,A
9000000001,90000000001,000000000009999999,MRIM,99999#001,Generalusage,01/09/2025 05:30:00 PM,01/09/2025 05:59:59 PM,0.335,0,A
9000000001,90000000001,000000000009999999,MRIM,99999#002,Controlledload,01/09/2025 05:30:00 PM,01/09/2025 05:59:59 PM,0.0,0,A
9000000001,90000000001,000000000009999999,MRIM,99999#001,Generalusage,01/09/2025 06:00:00 PM,01/09/2025 06:29:59 PM,0.487,0,A
9000000001,90000000001,000000000009999999,MRIM,99999#002,Controlledload,01/09/2025 06:00:00 PM,01/09/2025 06:29:59 PM,0.0,0,A
9000000001,90000000001,000000000009999999,MRIM,99999#001,Generalusage,01/09/2025 06:30:00 PM,01/09/2025 06:59:59 PM,0.619,0,A
9000000001,90000000001,000000000009999999,MRIM,99999#002,Controlledload,01/09/2025 06:30:00 PM,01/09/2025 06:59:59 PM,0.0,0,A
9000000001,90000000001,000000000009999999,MRIM,99999#001,Generalusage,01/09/2025 07:00:00 PM,01/09/2025 07:29:59 PM,0.698,0,A
9000000001,90000000001,000000000009999999,MRIM,99999#002,Controlledload,01/09/2025 07:00:00 PM,01/09/2025 07:29:59 PM,0.0,0,A
9000000001,90000000001,000000000009999999,MRIM,99999#001,Generalusage,01/09/2025 07:30:00 PM,01/09/2025 07:59:59 PM,0.639,0,A
9000000001,90000000001,000000000009999999,MRIM,99999#002,Controlledload,01/09/2025 07:30:00 PM,01/09/2025 07:59:59 PM,0.0,0,A
9000000001,90000000001,000000000009999999,MRIM,99999#001,Generalusage,01/09/2025 08:00:00 PM,01/09/2025 08:29:59 PM,0.516,0,A
9000000001,90000000001,000000000009999999,MRIM,99999#002,Controlledload,01/09/2025 08:00:00 PM,01/09/2025 08:29:59 PM,0.0,0,A
9000000001,90000000001,000000000009999999,MRIM,99999#001,Generalusage,01/09/2025 08:30:00 PM,01/09/2025 08:59:59 PM,0.323,0,A
9000000001,90000000001,000000000009999999,MRIM,99999#002,Controlledload,01/09/2025 08:30:00 PM,01/09/2025 08:59:59 PM,0.0,0,A
9000000001,90000000001,000000000009999999,MRIM,99999#001,Generalusage,01/09/2025 09:00:00 PM,01/09/2025 09:29:59 PM,0.206,0,A
9000000001,90000000001,000000000009999999,MRIM,99999#002,Controlledload,01/09/2025 09:00:00 PM,01/09/2025 09:29:59 PM,0.0,0,A
9000000001,90000000001,000000000009999999,MRIM,99999#001,Generalusage,01/09/2025 09:30:00 PM,01/09/2025 09:59:59 PM,0.15,0,A
9000000001,90000000001,000000000009999999,MRIM,99999#002,Controlledload,01/09/2025 09:30:00 PM,01/09/2025 09:59:59 PM,0.0,0,A
9000000001,90000000001,000000000009999999,MRIM,99999#001,Generalusage,01/09/2025 10:00:00 PM,01/09/2025 10:29:59 PM,0.121,0,A
9000000001,90000000001,000000000009999999,MRIM,99999#002,Controlledload,01/09/2025 10:00:00 PM,01/09/2025 10:29:59 PM,0.0,0,A
9000000001,90000000001,000000000009999999,MRIM,99999#001,Generalusage,01/09/2025 10:30:00 PM,01/09/2025 10:59:59 PM,0.079,0,A
9000000001,90000000001,000000000009999999,MRIM,99999#002,Controlledload,01/09/2025 10:30:00 PM,01/09/2025 10:59:59 PM,0.0,0,A
9000000001,90000000001,000000000009999999,MRIM,99999#001,Generalusage,01/09/2025 11:00:00 PM,01/09/2025 11:29:59 PM,0.04,0,A
9000000001,90000000001,000000000009999999,MRIM,99999#002,Controlledload,01/09/2025 11:00:00 PM,01/09/2025 11:29:59 PM,0.623,0,A
9000000001,90000000001,000000000009999999,MRIM,99999#001,Generalusage,01/09/2025 11:30:00 PM,01/09/2025 11:59:59 PM,0.09,0,A
9000000001,90000000001,000000000009999999,MRIM,99999#002,Controlledload,01/09/2025 11:30:00 PM,01/09/2025 11:59:59 PM,0.343,0,A
9000000001,90000000001,000000000009999999,MRIM,99999#001,Generalusage,02/09/2025 12:00:00 AM,02/09/2025 12:29:59 AM,0.083,0,A
9000000001,90000000001,000000000009999999,MRIM,99999#002,Controlledload,02/09/2025 12:00:00 AM,02/09/2025 12:29:59 AM,0.336,0,A
9000000001,90000000001,000000000009999999,MRIM,99999#001,Generalusage,02/09/2025 12:30:00 AM,02/09/2025 12:59:59 AM,0.093,0,A
9000000001,90000000001,000000000009999999,MRIM,99999#002,Controlledload,02/09/2025 12:30:00 AM,02/09/2025 12:59:59 AM,0.274,0,A
9000000001,90000000001,000000000009999999,MRIM,99999#001,Generalusage,02/09/2025 01:00:00 AM,02/09/2025 01:29:59 AM,0.061,0,A
9000000001,90000000001,000000000009999999,MRIM,99999#002,Controlledload,02/09/2025 01:00:00 AM,02/09/2025 01:29:59 AM,0.673,0,A
9000000001,90000000001,000000000009999999,MRIM,99999#001,Generalusage,02/09/2025 01:30:00 AM,02/09/2025 01:59:59 AM,0.046,0,A
9000000001,90000000001,000000000009999999,MRIM,99999#002,Controlledload,02/09/2025 01:30:00 AM,02/09/2025 01:59:59 AM,0.426,0,A
9000000001,90000000001,000000000009999999,MRIM,99999#001,Generalusage,02/09/2025 02:00:00 AM,02/09/2025 02:29:59 AM,0.054,0,A
9000000001,90000000001,000000000009999999,MRIM,99999#002,Controlledload,02/09/2025 02:00:00 AM,02/09/2025 02:29:59 AM,0.213,0,A
9000000001,90000000001,000000000009999999,MRIM,99999#001,Generalusage,02/09/2025 02:30:00 AM,02/09/2025 02:59:59 AM,0.034,0,A
9000000001,90000000001,000000000009999999,MRIM,99999#002,Controlledload,02/09/2025 02:30:00 AM,02/09/2025 02:59:59 AM,0.451,0,A
9000000001,90000000001,000000000009999999,MRIM,99999#001,Generalusage,02/09/2025 03:00:00 AM,02/09/2025 03:29:59 AM,0.047,0,A
9000000001,90000000001,000000000009999999,MRIM,99999#002,Controlledload,02/09/2025 03:00:00 AM,02/09/2025 03:29:59 AM,0.697,0,A
9000000001,90000000001,000000000009999999,MRIM,99999#001,Generalusage,02/09/2025 03:30:00 AM,02/09/2025 03:59:59 AM,0.056,0,A
9000000001,90000000001,000000000009999999,MRIM,99999#002,Controlledload,02/09/2025 03:30:00 AM,02/09/2025 03:59:59 AM,0.214,0,A
9000000001,90000000001,000000000009999999,MRIM,99999#001,Generalusage,02/09/2025 04:00:00 AM,02/09/2025 04:29:59 AM,0.096,0,A
9000000001,90000000001,000000000009999999,MRIM,99999#002,Controlledload,02/09/2025 04:00:00 AM,02/09/2025 04:29:59 AM,0.62,0,A
9000000001,90000000001,000000000009999999,MRIM,99999#001,Generalusage,02/09/2025 04:30:00 AM,02/09/2025 04:59:59 AM,0.079,0,A
9000000001,90000000001,000000000009999999,MRIM,99999#002,Controlledload,02/09/2025 04:30:00 AM,02/09/2025 04:59:59 AM,0.596,0,A
9000000001,90000000001,000000000009999999,MRIM,99999#001,Generalusage,02/09/2025 05:00:00 AM,02/09/2025 05:29:59 AM,0.055,0,A
9000000001,90000000001,000000000009999999,MRIM,99999#002,Controlledload,02/09/2025 05:00:00 AM,02/09/2025 05:29:59 AM,0.343,0,A
9000000001,90000000001,000000000009999999,MRIM,99999#001,Generalusage,02/09/2025 05:30:00 AM,02/09/2025 05:59:59 AM,0.135,0,A
9000000001,90000000001,000000000009999999,MRIM,99999#002,Controlledload,02/09/2025 05:30:00 AM,02/09/2025 05:59:59 AM,0.548,0,A
9000000001,90000000001,000000000009999999,MRIM,99999#001,Generalusage,02/09/2025 06:00:00 AM,02/09/2025 06:29:59 AM,0.153,0,A
9000000001,90000000001,000000000009999999,MRIM,99999#002,Controlledload,02/09/2025 06:00:00 AM,02/09/2025 06:29:59 AM,0.0,0,A
9000000001,90000000001,000000000009999999,MRIM,99999#001,Generalusage,02/09/2025 06:30:00 AM,02/09/2025 06:59:59 AM,0.292,0,A
9000000001,90000000001,000000000009999999,MRIM,99999#002,Controlledload,02/09/2025 06:30:00 AM,02/09/2025 06:59:59 AM,0.0,0,A
9000000001,90000000001,000000000009999999,MRIM,99999#001,Generalusage,02/09/2025 07:00:00 AM,02/09/2025 07:29:59 AM,0.37,0,A
9000000001,90000000001,000000000009999999,MRIM,99999#002,Controlledload,02/09/2025 07:00:00 AM,02/09/2025 07:29:59 AM,0.0,0,A
9000000001,90000000001,000000000009999999,MRIM,99999#001,Generalusage,02/09/2025 07:30:00 AM,02/09/2025 07:59:59 AM,0.381,0,A
9000000001,90000000001,000000000009999999,MRIM,99999#002,Controlledload,02/09/2025 07:30:00 AM,02/09/2025 07:59:59 AM,0.0,0,A
9000000001,90000000001,000000000009999999,MRIM,99999#001,Generalusage,02/09/2025 08:00:00 AM,02/09/2025 08:29:59 AM,0.345,0,A
9000000001,90000000001,000000000009999999,MRIM,99999#002,Controlledload,02/09/2025 08:00:00 AM,02/09/2025 08:29:59 AM,0.0,0,A
9000000001,90000000001,000000000009999999,MRIM,99999#001,Generalusage,02/09/2025 08:30:00 AM,02/09/2025 08:59:59 AM,0.262,0,A
9000000001,90000000001,000000000009999999,MRIM,99999#002,Controlledload,02/09/2025 08:30:00 AM,02/09/2025 08:59:59 AM,0.0,0,A
9000000001,90000000001,000000000009999999,MRIM,99999#001,Generalusage,02/09/2025 09:00:00 AM,02/09/2025 09:29:59 AM,0.206,0,A
9000000001,90000000001,000000000009999999,MRIM,99999#002,Controlledload,02/09/2025 09:00:00 AM,02/09/2025 09:29:59 AM,0.0,0,A
9000000001,90000000001,000000000009999999,MRIM,99999#001,Generalusage,02/09/2025 09:30:00 AM,02/09/2025 09:59:59 AM,0.122,0,A
9000000001,90000000001,000000000009999999,MRIM,99999#002,Controlledload,02/09/2025 09:30:00 AM,02/09/2025 09:59:59 AM,0.0,0,A
9000000001,90000000001,000000000009999999,MRIM,99999#001,Generalusage,02/09/2025 10:00:00 AM,02/09/2025 10:29:59 AM,0.107,0,A
9000000001,90000000001,000000000009999999,MRIM,99999#002,Controlledload,02/09/2025 10:00:00 AM,02/09/2025 10:29:59 AM,0.0,0,A
9000000001,90000000001,000000000009999999,MRIM,99999#001,Generalusage,02/09/2025 10:30:00 AM,02/09/2025 10:59:59 AM,0.088,0,A
9000000001,90000000001,000000000009999999,MRIM,99999#002,Controlledload,02/09/2025 10:30:00 AM,02/09/2025 10:59:59 AM,0.0,0,A
9000000001,90000000001,000000000009999999,MRIM,99999#001,Generalusage,02/09/2025 11:00:00 AM,02/09/2025 11:29:59 AM,0.064,0,A
9000000001,90000000001,000000000009999999,MRIM,99999#002,Controlledload,02/09/2025 11:00:00 AM,02/09/2025 11:29:59 AM,0.0,0,A
9000000001,90000000001,000000000009999999,MRIM,99999#001,Generalusage,02/09/2025 11:30:00 AM,02/09/2025 11:59:59 AM,0.085,0,A
9000000001,90000000001,000000000009999999,MRIM,99999#002,Controlledload,02/09/2025 11:30:00 AM,02/09/2025 11:59:59 AM,0.0,0,A
9000000001,90000000001,000000000009999999,MRIM,99999#001,Generalusage,02/09/2025 12:00:00 PM,02/09/2025 12:29:59 PM,0.093,0,A
9000000001,90000000001,000000000009999999,MRIM,99999#002,Controlledload,02/09/2025 12:00:00 PM,02/09/2025 12:29:59 PM,0.0,0,A
9000000001,90000000001,000000000009999999,MRIM,99999#001,Generalusage,02/09/2025 12:30:00 PM,02/09/2025 12:59:59 PM,0.081,0,A
9000000001,90000000001,000000000009999999,MRIM,99999#002,Controlledload,02/09/2025 12:30:00 PM,02/09/2025 12:59:59 PM,0.0,0,A
9000000001,90000000001,000000000009999999,MRIM,99999#001,Generalusage,02/09/2025 01:00:00 PM,02/09/2025 01:29:59 PM,0.109,0,A
9000000001,90000000001,000000000009999999,MRIM,99999#002,Controlledload,02/09/2025 01:00:00 PM,02/09/2025 01:29:59 PM,0.0,0,A
9000000001,90000000001,000000000009999999,MRIM,99999#001,Generalusage,02/09/2025 01:30:00 PM,02/09/2025 01:59:59 PM,0.134,0,A
9000000001,90000000001,000000000009999999,MRIM,99999#002,Controlledload,02/09/2025 01:30:00 PM,02/09/2025 01:59:59 PM,0.0,0,A
9000000001,90000000001,000000000009999999,MRIM,99999#001,Generalusage,02/09/2025 02:00:00 PM,02/09/2025 02:29:59 PM,0.104,0,A
9000000001,90000000001,000000000009999999,MRIM,99999#002,Controlledload,02/09/2025 02:00:00 PM,02/09/2025 02:29:59 PM,0.0,0,A
9000000001,90000000001,000000000009999999,MRIM,99999#001,Generalusage,02/09/2025 02:30:00 PM,02/09/2025 02:59:59 PM,0.073,0,A
9000000001,90000000001,000000000009999999,MRIM,99999#002,Controlledload,02/09/2025 02:30:00 PM,02/09/2025 02:59:59 PM,0.0,0,A
9000000001,90000000001,000000000009999999,MRIM,99999#001,Generalusage,02/09/2025 03:00:00 PM,02/09/2025 03:29:59 PM,0.122,0,A
9000000001,90000000001,000000000009999999,MRIM,99999#002,Controlledload,02/09/2025 03:00:00 PM,02/09/2025 03:29:59 PM,0.0,0,A
9000000001,90000000001,000000000009999999,MRIM,99999#001,Generalusage,02/09/2025 03:30:00 PM,02/09/2025 03:59:59 PM,0.1,0,A
9000000001,90000000001,000000000009999999,MRIM,99999#002,Controlledload,02/09/2025 03:30:00 PM,02/09/2025 03:59:59 PM,0.0,0,A
9000000001,90000000001,000000000009999999,MRIM,99999#001,Generalusage,02/09/2025 04:00:00 PM,02/09/2025 04:29:59 PM,0.072,0,A
9000000001,90000000001,000000000009999999,MRIM,99999#002,Controlledload,02/09/2025 04:00:00 PM,02/09/2025 04:29:59 PM,0.0,0,A
9000000001,90000000001,000000000009999999,MRIM,99999#001,Generalusage,02/09/2025 04:30:00 PM,02/09/2025 04:59:59 PM,0.147,0,A
9000000001,90000000001,000000000009999999,MRIM,99999#002,Controlledload,02/09/2025 04:30:00 PM,02/09/2025 04:59:59 PM,0.0,0,A
9000000001,90000000001,000000000009999999,MRIM,99999#001,Generalusage,02/09/2025 05:00:00 PM,02/09/2025 05:29:59 PM,0.209,0,A
9000000001,90000000001,000000000009999999,MRIM,99999#002,Controlledload,02/09/2025 05:00:00 PM,02/09/2025 05:29:59 PM,0.0,0,A
9000000001,90000000001,000000000009999999,MRIM,99999#001,Generalusage,02/09/2025 05:30:00 PM,02/09/2025 05:59:59 PM,0.325,0,A
9000000001,90000000001,000000000009999999,MRIM,99999#002,Controlledload,02/09/2025 05:30:00 PM,02/09/2025 05:59:59 PM,0.0,0,A
9000000001,90000000001,000000000009999999,MRIM,99999#001,Generalusage,02/09/2025 06:00:00 PM,02/09/2025 06:29:59 PM,0.491,0,A
9000000001,90000000001,000000000009999999,MRIM,99999#002,Controlledload,02/09/2025 06:00:00 PM,02/09/2025 06:29:59 PM,0.0,0,A
9000000001,90000000001,000000000009999999,MRIM,99999#001,Generalusage,02/09/2025 06:30:00 PM,02/09/2025 06:59:59 PM,0.625,0,A
9000000001,90000000001,000000000009999999,MRIM,99999#002,Controlledload,02/09/2025 06:30:00 PM,02/09/2025 06:59:59 PM,0.0,0,A
9000000001,90000000001,000000000009999999,MRIM,99999#001,Generalusage,02/09/2025 07:00:00 PM,02/09/2025 07:29:59 PM,0.647,0,A
9000000001,90000000001,000000000009999999,MRIM,99999#002,Controlledload,02/09/2025 07:00:00 PM,02/09/2025 07:29:59 PM,0.0,0,A
9000000001,90000000001,000000000009999999,MRIM,99999#001,Generalusage,02/09/2025 07:30:00 PM,02/09/2025 07:59:59 PM,0.611,0,A
9000000001,90000000001,000000000009999999,MRIM,99999#002,Controlledload,02/09/2025 07:30:00 PM,02/09/2025 07:59:59 PM,0.0,0,A
9000000001,90000000001,000000000009999999,MRIM,99999#001,Generalusage,02/09/2025 08:00:00 PM,02/09/2025 08:29:59 PM,0.506,0,A
9000000001,90000000001,000000000009999999,MRIM,99999#002,Controlledload,02/09/2025 08:00:00 PM,02/09/2025 08:29:59 PM,0.0,0,A
9000000001,90000000001,000000000009999999,MRIM,99999#001,Generalusage,02/09/2025 08:30:00 PM,02/09/2025 08:59:59 PM,0.319,0,A
9000000001,90000000001,000000000009999999,MRIM,99999#002,Controlledload,02/09/2025 08:30:00 PM,02/09/2025 08:59:59 PM,0.0,0,A
9000000001,90000000001,000000000009999999,MRIM,99999#001,Generalusage,02/09/2025 09:00:00 PM,02/09/2025 09:29:59 PM,0.256,0,A
9000000001,90000000001,000000000009999999,MRIM,99999#002,Controlledload,02/09/2025 09:00:00 PM,02/09/2025 09:29:59 PM,0.0,0,A
9000000001,90000000001,000000000009999999,MRIM,99999#001,Generalusage,02/09/2025 09:30:00 PM,02/09/2025 09:59:59 PM,0.109,0,A
9000000001,90000000001,000000000009999999,MRIM,99999#002,Controlledload,02/09/2025 09:30:00 PM,02/09/2025 09:59:59 PM,0.0,0,A
9000000001,90000000001,000000000009999999,MRIM,99999#001,Generalusage,02/09/2025 10:00:00 PM,02/09/2025 10:29:59 PM,0.097,0,A
9000000001,90000000001,000000000009999999,MRIM,99999#002,Controlledload,02/09/2025 10:00:00 PM,02/09/2025 10:29:59 PM,0.0,0,A
9000000001,90000000001,000000000009999999,MRIM,99999#001,Generalusage,02/09/2025 10:30:00 PM,02/09/2025 10:59:59 PM,0.076,0,A
9000000001,90000000001,000000000009999999,MRIM,99999#002,Controlledload,02/09/2025 10:30:00 PM,02/09/2025 10:59:59 PM,0.0,0,A
9000000001,90000000001,000000000009999999,MRIM,99999#001,Generalusage,02/09/2025 11:00:00 PM,02/09/2025 11:29:59 PM,0.102,0,A
9000000001,90000000001,000000000009999999,MRIM,99999#002,Controlledload,02/09/2025 11:00:00 PM,02/09/2025 11:29:59 PM,0.477,0,A
9000000001,90000000001,000000000009999999,MRIM,99999#001,Generalusage,02/09/2025 11:30:00 PM,02/09/2025 11:59:59 PM,0.058,0,A
9000000001,90000000001,000000000009999999,MRIM,99999#002,Controlledload,02/09/2025 11:30:00 PM,02/09/2025 11:59:59 PM,0.435,0,A
9000000001,90000000001,000000000009999999,MRIM,99999#001,Generalusage,03/09/2025 12:00:00 AM,03/09/2025 12:29:59 AM,0.074,0,A
9000000001,90000000001,000000000009999999,MRIM,99999#002,Controlledload,03/09/2025 12:00:00 AM,03/09/2025 12:29:59 AM,0.691,0,A
9000000001,90000000001,000000000009999999,MRIM,99999#001,Generalusage,03/09/2025 12:30:00 AM,03/09/2025 12:59:59 AM,0.048,0,A
9000000001,90000000001,000000000009999999,MRIM,99999#002,Controlledload,03/09/2025 12:30:00 AM,03/09/2025 12:59:59 AM,0.208,0,A
9000000001,90000000001,000000000009999999,MRIM,99999#001,Generalusage,03/09/2025 01:00:00 AM,03/09/2025 01:29:59 AM,0.085,0,A
9000000001,90000000001,000000000009999999,MRIM,99999#002,Controlledload,03/09/2025 01:00:00 AM,03/09/2025 01:29:59 AM,0.372,0,A
9000000001,90000000001,000000000009999999,MRIM,99999#001,Generalusage,03/09/2025 01:30:00 AM,03/09/2025 01:59:59 AM,0.081,0,A
9000000001,90000000001,000000000009999999,MRIM,99999#002,Controlledload,03/09/2025 01:30:00 AM,03/09/2025 01:59:59 AM,0.514,0,A
9000000001,90000000001,000000000009999999,MRIM,99999#001,Generalusage,03/09/2025 02:00:00 AM,03/09/2025 02:29:59 AM,0.084,0,A
9000000001,90000000001,000000000009999999,MRIM,99999#002,Controlledload,03/09/2025 02:00:00 AM,03/09/2025 02:29:59 AM,0.568,0,A
9000000001,90000000001,000000000009999999,MRIM,99999#001,Generalusage,03/09/2025 02:30:00 AM,03/09/2025 02:59:59 AM,0.053,0,A
9000000001,90000000001,000000000009999999,MRIM,99999#002,Controlledload,03/09/2025 02:30:00 AM,03/09/2025 02:59:59 AM,0.222,0,A
9000000001,90000000001,000000000009999999,MRIM,99999#001,Generalusage,03/09/2025 03:00:00 AM,03/09/2025 03:29:59 AM,0.068,0,A
9000000001,90000000001,000000000009999999,MRIM,99999#002,Controlledload,03/09/2025 03:00:00 AM,03/09/2025 03:29:59 AM,0.607,0,A
9000000001,90000000001,000000000009999999,MRIM,99999#001,Generalusage,03/09/2025 03:30:00 AM,03/09/2025 03:59:59 AM,0.042,0,A
9000000001,90000000001,000000000009999999,MRIM,99999#002,Controlledload,03/09/2025 03:30:00 AM,03/09/2025 03:59:59 AM,0.59,0,A
9000000001,90000000001,000000000009999999,MRIM,99999#001,Generalusage,03/09/2025 04:00:00 AM,03/09/2025 04:29:59 AM,0.063,0,A
9000000001,90000000001,000000000009999999,MRIM,99999#002,Controlledload,03/09/2025 04:00:00 AM,03/09/2025 04:29:59 AM,0.548,0,A
9000000001,90000000001,000000000009999999,MRIM,99999#001,Generalusage,03/09/2025 04:30:00 AM,03/09/2025 04:59:59 AM,0.078,0,A
9000000001,90000000001,000000000009999999,MRIM,99999#002,Controlledload,03/09/2025 04:30:00 AM,03/09/2025 04:59:59 AM,0.606,0,A
9000000001,90000000001,000000000009999999,MRIM,99999#001,Generalusage,03/09/2025 05:00:00 AM,03/09/2025 05:29:59 AM,0.05,0,A
9000000001,90000000001,000000000009999999,MRIM,99999#002,Controlledload,03/09/2025 05:00:00 AM,03/09/2025 05:29:59 AM,0.588,0,A
9000000001,90000000001,000000000009999999,MRIM,99999#001,Generalusage,03/09/2025 05:30:00 AM,03/09/2025 05:59:59 AM,0.109,0,A
9000000001,90000000001,000000000009999999,MRIM,99999#002,Controlledload,03/09/2025 05:30:00 AM,03/09/2025 05:59:59 AM,0.347,0,A
9000000001,90000000001,000000000009999999,MRIM,99999#001,Generalusage,03/09/2025 06:00:00 AM,03/09/2025 06:29:59 AM,0.147,0,A
9000000001,90000000001,000000000009999999,MRIM,99999#002,Controlledload,03/09/2025 06:00:00 AM,03/09/2025 06:29:59 AM,0.0,0,A
9000000001,90000000001,000000000009999999,MRIM,99999#001,Generalusage,03/09/2025 06:30:00 AM,03/09/2025 06:59:59 AM,0.256,0,A
9000000001,90000000001,000000000009999999,MRIM,99999#002,Controlledload,03/09/2025 06:30:00 AM,03/09/2025 06:59:59 AM,0.0,0,A
9000000001,90000000001,000000000009999999,MRIM,99999#001,Generalusage,03/09/2025 07:00:00 AM,03/09/2025 07:29:59 AM,0.342,0,A
9000000001,90000000001,000000000009999999,MRIM,99999#002,Controlledload,03/09/2025 07:00:00 AM,03/09/2025 07:29:59 AM,0.0,0,A
9000000001,90000000001,000000000009999999,MRIM,99999#001,Generalusage,03/09/2025 07:30:00 AM,03/09/2025 07:59:59 AM,0.446,0,A
9000000001,90000000001,000000000009999999,MRIM,99999#002,Controlledload,03/09/2025 07:30:00 AM,03/09/2025 07:59:59 AM,0.0,0,A
9000000001,90000000001,000000000009999999,MRIM,99999#001,Generalusage,03/09/2025 08:00:00 AM,03/09/2025 08:29:59 AM,0.376,0,A
9000000001,90000000001,000000000009999999,MRIM,99999#002,Controlledload,03/09/2025 08:00:00 AM,03/09/2025 08:29:59 AM,0.0,0,A
9000000001,90000000001,000000000009999999,MRIM,99999#001,Generalusage,03/09/2025 08:30:00 AM,03/09/2025 08:59:59 AM,0.313,0,A
9000000001,90000000001,000000000009999999,MRIM,99999#002,Controlledload,03/09/2025 08:30:00 AM,03/09/2025 08:59:59 AM,0.0,0,A
9000000001,90000000001,000000000009999999,MRIM,99999#001,Generalusage,03/09/2025 09:00:00 AM,03/09/2025 09:29:59 AM,0.185,0,A
9000000001,90000000001,000000000009999999,MRIM,99999#002,Controlledload,03/09/2025 09:00:00 AM,03/09/2025 09:29:59 AM,0.0,0,A
9000000001,90000000001,000000000009999999,MRIM,99999#001,Generalusage,03/09/2025 09:30:00 AM,03/09/2025 09:59:59 AM,0.102,0,A
9000000001,90000000001,000000000009999999,MRIM,99999#002,Controlledload,03/09/2025 09:30:00 AM,03/09/2025 09:59:59 AM,0.0,0,A
9000000001,90000000001,000000000009999999,MRIM,99999#001,Generalusage,03/09/2025 10:00:00 AM,03/09/2025 10:29:59 AM,0.109,0,A
9000000001,90000000001,000000000009999999,MRIM,99999#002,Controlledload,03/09/2025 10:00:00 AM,03/09/2025 10:29:59 AM,0.0,0,A
9000000001,90000000001,000000000009999999,MRIM,99999#001,Generalusage,03/09/2025 10:30:00 AM,03/09/2025 10:59:59 AM,0.065,0,A
9000000001,90000000001,000000000009999999,MRIM,99999#002,Controlledload,03/09/2025 10:30:00 AM,03/09/2025 10:59:59 AM,0.0,0,A
9000000001,90000000001,000000000009999999,MRIM,99999#001,Generalusage,03/09/2025 11:00:00 AM,03/09/2025 11:29:59 AM,0.081,0,A
9000000001,90000000001,000000000009999999,MRIM,99999#002,Controlledload,03/09/2025 11:00:00 AM,03/09/2025 11:29:59 AM,0.0,0,A
9000000001,90000000001,000000000009999999,MRIM,99999#001,Generalusage,03/09/2025 11:30:00 AM,03/09/2025 11:59:59 AM,0.119,0,A
9000000001,90000000001,000000000009999999,MRIM,99999#002,Controlledload,03/09/2025 11:30:00 AM,03/09/2025 11:59:59 AM,0.0,0,A
9000000001,90000000001,000000000009999999,MRIM,99999#001,Generalusage,03/09/2025 12:00:00 PM,03/09/2025 12:29:59 PM,0.133,0,A
9000000001,90000000001,000000000009999999,MRIM,99999#002,Controlledload,03/09/2025 12:00:00 PM,03/09/2025 12:29:59 PM,0.0,0,A
9000000001,90000000001,000000000009999999,MRIM,99999#001,Generalusage,03/09/2025 12:30:00 PM,03/09/2025 12:59:59 PM,0.101,0,A
9000000001,90000000001,000000000009999999,MRIM,99999#002,Controlledload,03/09/2025 12:30:00 PM,03/09/2025 12:59:59 PM,0.0,0,A
9000000001,90000000001,000000000009999999,MRIM,99999#001,Generalusage,03/09/2025 01:00:00 PM,03/09/2025 01:29:59 PM,0.089,0,A
9000000001,90000000001,000000000009999999,MRIM,99999#002,Controlledload,03/09/2025 01:00:00 PM,03/09/2025 01:29:59 PM,0.0,0,A
9000000001,90000000001,000000000009999999,MRIM,99999#001,Generalusage,03/09/2025 01:30:00 PM,03/09/2025 01:59:59 PM,0.104,0,A
9000000001,90000000001,000000000009999999,MRIM,99999#002,Controlledload,03/09/2025 01:30:00 PM,03/09/2025 01:59:59 PM,0.0,0,A
9000000001,90000000001,000000000009999999,MRIM,99999#001,Generalusage,03/09/2025 02:00:00 PM,03/09/2025 02:29:59 PM,0.135,0,A
9000000001,90000000001,000000000009999999,MRIM,99999#002,Controlledload,03/09/2025 02:00:00 PM,03/09/2025 02:29:59 PM,0.0,0,A
9000000001,90000000001,000000000009999999,MRIM,99999#001,Generalusage,03/09/2025 02:30:00 PM,03/09/2025 02:59:59 PM,0.117,0,A
9000000001,90000000001,000000000009999999,MRIM,99999#002,Controlledload,03/09/2025 02:30:00 PM,03/09/2025 02:59:59 PM,0.0,0,A
9000000001,90000000001,000000000009999999,MRIM,99999#001,Generalusage,03/09/2025 03:00:00 PM,03/09/2025 03:29:59 PM,0.121,0,A
9000000001,90000000001,000000000009999999,MRIM,99999#002,Controlledload,03/09/2025 03:00:00 PM,03/09/2025 03:29:59 PM,0.0,0,A
9000000001,90000000001,000000000009999999,MRIM,99999#001,Generalusage,03/09/2025 03:30:00 PM,03/09/2025 03:59:59 PM,0.085,0,A
9000000001,90000000001,000000000009999999,MRIM,99999#002,Controlledload,03/09/2025 03:30:00 PM,03/09/2025 03:59:59 PM,0.0,0,A
9000000001,90000000001,000000000009999999,MRIM,99999#001,Generalusage,03/09/2025 04:00:00 PM,03/09/2025 04:29:59 PM,0.139,0,A
9000000001,90000000001,000000000009999999,MRIM,99999#002,Controlledload,03/09/2025 04:00:00 PM,03/09/2025 04:29:59 PM,0.0,0,A
9000000001,90000000001,000000000009999999,MRIM,99999#001,Generalusage,03/09/2025 04:30:00 PM,03/09/2025 04:59:59 PM,0.146,0,A
9000000001,90000000001,000000000009999999,MRIM,99999#002,Controlledload,03/09/2025 04:30:00 PM,03/09/2025 04:59:59 PM,0.0,0,A
9000000001,90000000001,000000000009999999,MRIM,99999#001,Generalusage,03/09/2025 05:00:00 PM,03/09/2025 05:29:59 PM,0.226,0,A
9000000001,90000000001,000000000009999999,MRIM,99999#002,Controlledload,03/09/2025 05:00:00 PM,03/09/2025 05:29:59 PM,0.0,0,A
9000000001,90000000001,000000000009999999,MRIM,99999#001,Generalusage,03/09/2025 05:30:00 PM,03/09/2025 05:59:59 PM,0.38,0,A
9000000001,90000000001,000000000009999999,MRIM,99999#002,Controlledload,03/09/2025 05:30:00 PM,03/09/2025 05:59:59 PM,0.0,0,A
9000000001,90000000001,000000000009999999,MRIM,99999#001,Generalusage,03/09/2025 06:00:00 PM,03/09/2025 06:29:59 PM,0.497,0,A
9000000001,90000000001,000000000009999999,MRIM,99999#002,Controlledload,03/09/2025 06:00:00 PM,03/09/2025 06:29:59 PM,0.0,0,A
9000000001,90000000001,000000000009999999,MRIM,99999#001,Generalusage,03/09/2025 06:30:00 PM,03/09/2025 06:59:59 PM,0.638,0,A
9000000001,90000000001,000000000009999999,MRIM,99999#002,Controlledload,03/09/2025 06:30:00 PM,03/09/2025 06:59:59 PM,0.0,0,A
9000000001,90000000001,000000000009999999,MRIM,99999#001,Generalusage,03/09/2025 07:00:00 PM,03/09/2025 07:29:59 PM,0.681,0,A
9000000001,90000000001,000000000009999999,MRIM,99999#002,Controlledload,03/09/2025 07:00:00 PM,03/09/2025 07:29:59 PM,0.0,0,A
9000000001,90000000001,000000000009999999,MRIM,99999#001,Generalusage,03/09/2025 07:30:00 PM,03/09/2025 07:59:59 PM,0.588,0,A
9000000001,90000000001,000000000009999999,MRIM,99999#002,Controlledload,03/09/2025 07:30:00 PM,03/09/2025 07:59:59 PM,0.0,0,A
9000000001,90000000001,000000000009999999,MRIM,99999#001,Generalusage,03/09/2025 08:00:00 PM,03/09/2025 08:29:59 PM,0.502,0,A
9000000001,90000000001,000000000009999999,MRIM,99999#002,Controlledload,03/09/2025 08:00:00 PM,03/09/2025 08:29:59 PM,0.0,0,A
9000000001,90000000001,000000000009999999,MRIM,99999#001,Generalusage,03/09/2025 08:30:00 PM,03/09/2025 08:59:59 PM,0.371,0,A
9000000001,90000000001,000000000009999999,MRIM,99999#002,Controlledload,03/09/2025 08:30:00 PM,03/09/2025 08:59:59 PM,0.0,0,A
9000000001,90000000001,000000000009999999,MRIM,99999#001,Generalusage,03/09/2025 09:00:00 PM,03/09/2025 09:29:59 PM,0.226,0,A
9000000001,90000000001,000000000009999999,MRIM,99999#002,Controlledload,03/09/2025 09:00:00 PM,03/09/2025 09:29:59 PM,0.0,0,A
9000000001,90000000001,000000000009999999,MRIM,99999#001,Generalusage,03/09/2025 09:30:00 PM,03/09/2025 09:59:59 PM,0.127,0,A
9000000001,90000000001,000000000009999999,MRIM,99999#002,Controlledload,03/09/2025 09:30:00 PM,03/09/2025 09:59:59 PM,0.0,0,A
9000000001,90000000001,000000000009999999,MRIM,99999#001,Generalusage,03/09/2025 10:00:00 PM,03/09/2025 10:29:59 PM,0.065,0,A
9000000001,90000000001,000000000009999999,MRIM,99999#002,Controlledload,03/09/2025 10:00:00 PM,03/09/2025 10:29:59 PM,0.0,0,A
9000000001,90000000001,000000000009999999,MRIM,99999#001,Generalusage,03/09/2025 10:30:00 PM,03/09/2025 10:59:59 PM,0.086,0,A
9000000001,90000000001,000000000009999999,MRIM,99999#002,Controlledload,03/09/2025 10:30:00 PM,03/09/2025 10:59:59 PM,0.0,0,A
9000000001,90000000001,000000000009999999,MRIM,99999#001,Generalusage,03/09/2025 11:00:00 PM,03/09/2025 11:29:59 PM,0.054,0,A
9000000001,90000000001,000000000009999999,MRIM,99999#002,Controlledload,03/09/2025 11:00:00 PM,03/09/2025 11:29:59 PM,0.501,0,A
9000000001,90000000001,000000000009999999,MRIM,99999#001,Generalusage,03/09/2025 11:30:00 PM,03/09/2025 11:59:59 PM,0.061,0,A
9000000001,90000000001,000000000009999999,MRIM,99999#002,Controlledload,03/09/2025 11:30:00 PM,03/09/2025 11:59:59 PM,0.545,0,A
9000000001,90000000001,000000000009999999,MRIM,99999#001,Generalusage,04/09/2025 12:00:00 AM,04/09/2025 12:29:59 AM,0.055,0,A
9000000001,90000000001,000000000009999999,MRIM,99999#002,Controlledload,04/09/2025 12:00:00 AM,04/09/2025 12:29:59 AM,0.221,0,A
9000000001,90000000001,000000000009999999,MRIM,99999#001,Generalusage,04/09/2025 12:30:00 AM,04/09/2025 12:59:59 AM,0.091,0,A
9000000001,90000000001,000000000009999999,MRIM,99999#002,Controlledload,04/09/2025 12:30:00 AM,04/09/2025 12:59:59 AM,0.376,0,A
9000000001,90000000001,000000000009999999,MRIM,99999#001,Generalusage,04/09/2025 01:00:00 AM,04/09/2025 01:29:59 AM,0.1,0,A
9000000001,90000000001,000000000009999999,MRIM,99999#002,Controlledload,04/09/2025 01:00:00 AM,04/09/2025 01:29:59 AM,0.337,0,A
9000000001,90000000001,000000000009999999,MRIM,99999#001,Generalusage,04/09/2025 01:30:00 AM,04/09/2025 01:59:59 AM,0.099,0,A
9000000001,90000000001,000000000009999999,MRIM,99999#002,Controlledload,04/09/2025 01:30:00 AM,04/09/2025 01:59:59 AM,0.674,0,A
9000000001,90000000001,000000000009999999,MRIM,99999#001,Generalusage,04/09/2025 02:00:00 AM,04/09/2025 02:29:59 AM,0.035,0,A
9000000001,90000000001,000000000009999999,MRIM,99999#002,Controlledload,04/09/2025 02:00:00 AM,04/09/2025 02:29:59 AM,0.519,0,A
9000000001,90000000001,000000000009999999,MRIM,99999#001,Generalusage,04/09/2025 02:30:00 AM,04/09/2025 02:59:59 AM,0.055,0,A
9000000001,90000000001,000000000009999999,MRIM,99999#002,Controlledload,04/09/2025 02:30:00 AM,04/09/2025 02:59:59 AM,0.601,0,A
9000000001,90000000001,000000000009999999,MRIM,99999#001,Generalusage,04/09/2025 03:00:00 AM,04/09/2025 03:29:59 AM,0.078,0,A
9000000001,90000000001,000000000009999999,MRIM,99999#002,Controlledload,04/09/2025 03:00:00 AM,04/09/2025 03:29:59 AM,0.676,0,A
9000000001,90000000001,000000000009999999,MRIM,99999#001,Generalusage,04/09/2025 03:30:00 AM,04/09/2025 03:59:59 AM,0.04,0,A
9000000001,90000000001,000000000009999999,MRIM,99999#002,Controlledload,04/09/2025 03:30:00 AM,04/09/2025 03:59:59 AM,0.504,0,A
9000000001,90000000001,000000000009999999,MRIM,99999#001,Generalusage,04/09/2025 04:00:00 AM,04/09/2025 04:29:59 AM,0.085,0,A
9000000001,90000000001,000000000009999999,MRIM,99999#002,Controlledload,04/09/2025 04:00:00 AM,04/09/2025 04:29:59 AM,0.217,0,A
9000000001,90000000001,000000000009999999,MRIM,99999#001,Generalusage,04/09/2025 04:30:00 AM,04/09/2025 04:59:59 AM,0.039,0,A
9000000001,90000000001,000000000009999999,MRIM,99999#002,Controlledload,04/09/2025 04:30:00 AM,04/09/2025 04:59:59 AM,0.589,0,A
9000000001,90000000001,000000000009999999,MRIM,99999#001,Generalusage,04/09/2025 05:00:00 AM,04/09/2025 05:29:59 AM,0.071,0,A
9000000001,90000000001,000000000009999999,MRIM,99999#002,Controlledload,04/09/2025 05:00:00 AM,04/09/2025 05:29:59 AM,0.391,0,A
9000000001,90000000001,000000000009999999,MRIM,99999#001,Generalusage,04/09/2025 05:30:00 AM,04/09/2025 05:59:59 AM,0.117,0,A
9000000001,90000000001,000000000009999999,MRIM,99999#002,Controlledload,04/09/2025 05:30:00 AM,04/09/2025 05:59:59 AM,0.503,0,A
9000000001,90000000001,000000000009999999,MRIM,99999#001,Generalusage,04/09/2025 06:00:00 AM,04/09/2025 06:29:59 AM,0.191,0,A
9000000001,90000000001,000000000009999999,MRIM,99999#002,Controlledload,04/09/2025 06:00:00 AM,04/09/2025 06:29:59 AM,0.0,0,A
9000000001,90000000001,000000000009999999,MRIM,99999#001,Generalusage,04/09/2025 06:30:00 AM,04/09/2025 06:59:59 AM,0.309,0,A
9000000001,90000000001,000000000009999999,MRIM,99999#002,Controlledload,04/09/2025 06:30:00 AM,04/09/2025 06:59:59 AM,0.0,0,A
9000000001,90000000001,000000000009999999,MRIM,99999#001,Generalusage,04/09/2025 07:00:00 AM,04/09/2025 07:29:59 AM,0.365,0,A
9000000001,90000000001,000000000009999999,MRIM,99999#002,Controlledload,04/09/2025 07:00:00 AM,04/09/2025 07:29:59 AM,0.0,0,A
9000000001,90000000001,000000000009999999,MRIM,99999#001,Generalusage,04/09/2025 07:30:00 AM,04/09/2025 07:59:59 AM,0.434,0,A
9000000001,90000000001,000000000009999999,MRIM,99999#002,Controlledload,04/09/2025 07:30:00 AM,04/09/2025 07:59:59 AM,0.0,0,A
9000000001,90000000001,000000000009999999,MRIM,99999#001,Generalusage,04/09/2025 08:00:00 AM,04/09/2025 08:29:59 AM,0.38,0,A
9000000001,90000000001,000000000009999999,MRIM,99999#002,Controlledload,04/09/2025 08:00:00 AM,04/09/2025 08:29:59 AM,0.0,0,A
9000000001,90000000001,000000000009999999,MRIM,99999#001,Generalusage,04/09/2025 08:30:00 AM,04/09/2025 08:59:59 AM,0.281,0,A
9000000001,90000000001,000000000009999999,MRIM,99999#002,Controlledload,04/09/2025 08:30:00 AM,04/09/2025 08:59:59 AM,0.0,0,A
9000000001,90000000001,000000000009999999,MRIM,99999#001,Generalusage,04/09/2025 09:00:00 AM,04/09/2025 09:29:59 AM,0.175,0,A
9000000001,90000000001,000000000009999999,MRIM,99999#002,Controlledload,04/09/2025 09:00:00 AM,04/09/2025 09:29:59 AM,0.0,0,A
9000000001,90000000001,000000000009999999,MRIM,99999#001,Generalusage,04/09/2025 09:30:00 AM,04/09/2025 09:59:59 AM,0.129,0,A
9000000001,90000000001,000000000009999999,MRIM,99999#002,Controlledload,04/09/2025 09:30:00 AM,04/09/2025 09:59:59 AM,0.0,0,A
9000000001,90000000001,000000000009999999,MRIM,99999#001,Generalusage,04/09/2025 10:00:00 AM,04/09/2025 10:29:59 AM,0.074,0,A
9000000001,90000000001,000000000009999999,MRIM,99999#002,Controlledload,04/09/2025 10:00:00 AM,04/09/2025 10:29:59 AM,0.0,0,A
9000000001,90000000001,000000000009999999,MRIM,99999#001,Generalusage,04/09/2025 10:30:00 AM,04/09/2025 10:59:59 AM,0.059,0,A
9000000001,90000000001,000000000009999999,MRIM,99999#002,Controlledload,04/09/2025 10:30:00 AM,04/09/2025 10:59:59 AM,0.0,0,A
9000000001,90000000001,000000000009999999,MRIM,99999#001,Generalusage,04/09/2025 11:00:00 AM,04/09/2025 11:29:59 AM,0.108,0,A
9000000001,90000000001,000000000009999999,MRIM,99999#002,Controlledload,04/09/2025 11:00:00 AM,04/09/2025 11:29:59 AM,0.0,0,A
9000000001,90000000001,000000000009999999,MRIM,99999#001,Generalusage,04/09/2025 11:30:00 AM,04/09/2025 11:59:59 AM,0.099,0,A
9000000001,90000000001,000000000009999999,MRIM,99999#002,Controlledload,04/09/2025 11:30:00 AM,04/09/2025 11:59:59 AM,0.0,0,A
9000000001,90000000001,000000000009999999,MRIM,99999#001,Generalusage,04/09/2025 12:00:00 PM,04/09/2025 12:29:59 PM,0.099,0,A
9000000001,90000000001,000000000009999999,MRIM,99999#002,Controlledload,04/09/2025 12:00:00 PM,04/09/2025 12:29:59 PM,0.0,0,A
9000000001,90000000001,000000000009999999,MRIM,99999#001,Generalusage,04/09/2025 12:30:00 PM,04/09/2025 12:59:59 PM,0.117,0,A
9000000001,90000000001,000000000009999999,MRIM,99999#002,Controlledload,04/09/2025 12:30:00 PM,04/09/2025 12:59:59 PM,0.0,0,A
9000000001,90000000001,000000000009999999,MRIM,99999#001,Generalusage,04/09/2025 01:00:00 PM,04/09/2025 01:29:59 PM,0.098,0,A
9000000001,90000000001,000000000009999999,MRIM,99999#002,Controlledload,04/09/2025 01:00:00 PM,04/09/2025 01:29:59 PM,0.0,0,A
9000000001,90000000001,000000000009999999,MRIM,99999#001,Generalusage,04/09/2025 01:30:00 PM,04/09/2025 01:59:59 PM,0.096,0,A
9000000001,90000000001,000000000009999999,MRIM,99999#002,Controlledload,04/09/2025 01:30:00 PM,04/09/2025 01:59:59 PM,0.0,0,A
9000000001,90000000001,000000000009999999,MRIM,99999#001,Generalusage,04/09/2025 02:00:00 PM,04/09/2025 02:29:59 PM,0.104,0,A
9000000001,90000000001,000000000009999999,MRIM,99999#002,Controlledload,04/09/2025 02:00:00 PM,04/09/2025 02:29:59 PM,0.0,0,A
9000000001,90000000001,000000000009999999,MRIM,99999#001,Generalusage,04/09/2025 02:30:00 PM,04/09/2025 02:59:59 PM,0.135,0,A
9000000001,90000000001,000000000009999999,MRIM,99999#002,Controlledload,04/09/2025 02:30:00 PM,04/09/2025 02:59:59 PM,0.0,0,A
9000000001,90000000001,000000000009999999,MRIM,99999#001,Generalusage,04/09/2025 03:00:00 PM,04/09/2025 03:29:59 PM,0.079,0,A
9000000001,90000000001,000000000009999999,MRIM,99999#002,Controlledload,04/09/2025 03:00:00 PM,04/09/2025 03:29:59 PM,0.0,0,A
9000000001,90000000001,000000000009999999,MRIM,99999#001,Generalusage,04/09/2025 03:30:00 PM,04/09/2025 03:59:59 PM,0.122,0,A
9000000001,90000000001,000000000009999999,MRIM,99999#002,Controlledload,04/09/2025 03:30:00 PM,04/09/2025 03:59:59 PM,0.0,0,A
9000000001,90000000001,000000000009999999,MRIM,99999#001,Generalusage,04/09/2025 04:00:00 PM,04/09/2025 04:29:59 PM,0.105,0,A
9000000001,90000000001,000000000009999999,MRIM,99999#002,Controlledload,04/09/2025 04:00:00 PM,04/09/2025 04:29:59 PM,0.0,0,A
9000000001,90000000001,000000000009999999,MRIM,99999#001,Generalusage,04/09/2025 04:30:00 PM,04/09/2025 04:59:59 PM,0.12,0,A
9000000001,90000000001,000000000009999999,MRIM,99999#002,Controlledload,04/09/2025 04:30:00 PM,04/09/2025 04:59:59 PM,0.0,0,A
9000000001,90000000001,000000000009999999,MRIM,99999#001,Generalusage,04/09/2025 05:00:00 PM,04/09/2025 05:29:59 PM,0.251,0,A
9000000001,90000000001,000000000009999999,MRIM,99999#002,Controlledload,04/09/2025 05:00:00 PM,04/09/2025 05:29:59 PM,0.0,0,A
9000000001,90000000001,000000000009999999,MRIM,99999#001,Generalusage,04/09/2025 05:30:00 PM,04/09/2025 05:59:59 PM,0.347,0,A
9000000001,90000000001,000000000009999999,MRIM,99999#002,Controlledload,04/09/2025 05:30:00 PM,04/09/2025 05:59:59 PM,0.0,0,A
9000000001,90000000001,000000000009999999,MRIM,99999#001,Generalusage,04/09/2025 06:00:00 PM,04/09/2025 06:29:59 PM,0.524,0,A
9000000001,90000000001,000000000009999999,MRIM,99999#002,Controlledload,04/09/2025 06:00:00 PM,04/09/2025 06:29:59 PM,0.0,0,A
9000000001,90000000001,000000000009999999,MRIM,99999#001,Generalusage,04/09/2025 06:30:00 PM,04/09/2025 06:59:59 PM,0.614,0,A
9000000001,90000000001,000000000009999999,MRIM,99999#002,Controlledload,04/09/2025 06:30:00 PM,04/09/2025 06:59:59 PM,0.0,0,A
9000000001,90000000001,000000000009999999,MRIM,99999#001,Generalusage,04/09/2025 07:00:00 PM,04/09/2025 07:29:59 PM,0.636,0,A
9000000001,90000000001,000000000009999999,MRIM,99999#002,Controlledload,04/09/2025 07:00:00 PM,04/09/2025 07:29:59 PM,0.0,0,A
9000000001,90000000001,000000000009999999,MRIM,99999#001,Generalusage,04/09/2025 07:30:00 PM,04/09/2025 07:59:59 PM,0.63,0,A
9000000001,90000000001,000000000009999999,MRIM,99999#002,Controlledload,04/09/2025 07:30:00 PM,04/09/2025 07:59:59 PM,0.0,0,A
9000000001,90000000001,000000000009999999,MRIM,99999#001,Generalusage,04/09/2025 08:00:00 PM,04/09/2025 08:29:59 PM,0.519,0,A
9000000001,90000000001,000000000009999999,MRIM,99999#002,Controlledload,04/09/2025 08:00:00 PM,04/09/2025 08:29:59 PM,0.0,0,A
9000000001,90000000001,000000000009999999,MRIM,99999#001,Generalusage,04/09/2025 08:30:00 PM,04/09/2025 08:59:59 PM,0.336,0,A
9000000001,90000000001,000000000009999999,MRIM,99999#002,Controlledload,04/09/2025 08:30:00 PM,04/09/2025 08:59:59 PM,0.0,0,A
9000000001,90000000001,000000000009999999,MRIM,99999#001,Generalusage,04/09/2025 09:00:00 PM,04/09/2025 09:29:59 PM,0.212,0,A
9000000001,90000000001,000000000009999999,MRIM,99999#002,Controlledload,04/09/2025 09:00:00 PM,04/09/2025 09:29:59 PM,0.0,0,A
9000000001,90000000001,000000000009999999,MRIM,99999#001,Generalusage,04/09/2025 09:30:00 PM,04/09/2025 09:59:59 PM,0.109,0,A
9000000001,90000000001,000000000009999999,MRIM,99999#002,Controlledload,04/09/2025 09:30:00 PM,04/09/2025 09:59:59 PM,0.0,0,A
9000000001,90000000001,000000000009999999,MRIM,99999#001,Generalusage,04/09/2025 10:00:00 PM,04/09/2025 10:29:59 PM,0.098,0,A
9000000001,90000000001,000000000009999999,MRIM,99999#002,Controlledload,04/09/2025 10:00:00 PM,04/09/2025 10:29:59 PM,0.0,0,A
9000000001,90000000001,000000000009999999,MRIM,99999#001,Generalusage,04/09/2025 10:30:00 PM,04/09/2025 10:59:59 PM,0.103,0,A
9000000001,90000000001,000000000009999999,MRIM,99999#002,Controlledload,04/09/2025 10:30:00 PM,04/09/2025 10:59:59 PM,0.0,0,A
9000000001,90000000001,000000000009999999,MRIM,99999#001,Generalusage,04/09/2025 11:00:00 PM,04/09/2025 11:29:59 PM,0.092,0,A
9000000001,90000000001,000000000009999999,MRIM,99999#002,Controlledload,04/09/2025 11:00:00 PM,04/09/2025 11:29:59 PM,0.556,0,A
9000000001,90000000001,000000000009999999,MRIM,99999#001,Generalusage,04/09/2025 11:30:00 PM,04/09/2025 11:59:59 PM,0.096,0,A
9000000001,90000000001,000000000009999999,MRIM,99999#002,Controlledload,04/09/2025 11:30:00 PM,04/09/2025 11:59:59 PM,0.519,0,A
9000000001,90000000001,000000000009999999,MRIM,99999#001,Generalusage,05/09/2025 12:00:00 AM,05/09/2025 12:29:59 AM,0.086,0,A
9000000001,90000000001,000000000009999999,MRIM,99999#002,Controlledload,05/09/2025 12:00:00 AM,05/09/2025 12:29:59 AM,0.454,0,A
9000000001,90000000001,000000000009999999,MRIM,99999#001,Generalusage,05/09/2025 12:30:00 AM,05/09/2025 12:59:59 AM,0.038,0,A
9000000001,90000000001,000000000009999999,MRIM,99999#002,Controlledload,05/09/2025 12:30:00 AM,05/09/2025 12:59:59 AM,0.3,0,A
9000000001,90000000001,000000000009999999,MRIM,99999#001,Generalusage,05/09/2025 01:00:00 AM,05/09/2025 01:29:59 AM,0.04,0,A
9000000001,90000000001,000000000009999999,MRIM,99999#002,Controlledload,05/09/2025 01:00:00 AM,05/09/2025 01:29:59 AM,0.595,0,A
9000000001,90000000001,000000000009999999,MRIM,99999#001,Generalusage,05/09/2025 01:30:00 AM,05/09/2025 01:59:59 AM,0.032,0,A
9000000001,90000000001,000000000009999999,MRIM,99999#002,Controlledload,05/09/2025 01:30:00 AM,05/09/2025 01:59:59 AM,0.477,0,A
9000000001,90000000001,000000000009999999,MRIM,99999#001,Generalusage,05/09/2025 02:00:00 AM,05/09/2025 02:29:59 AM,0.056,0,A
9000000001,90000000001,000000000009999999,MRIM,99999#002,Controlledload,05/09/2025 02:00:00 AM,05/09/2025 02:29:59 AM,0.602,0,A
9000000001,90000000001,000000000009999999,MRIM,99999#001,Generalusage,05/09/2025 02:30:00 AM,05/09/2025 02:59:59 AM,0.069,0,A
9000000001,90000000001,000000000009999999,MRIM,99999#002,Controlledload,05/09/2025 02:30:00 AM,05/09/2025 02:59:59 AM,0.506,0,A
9000000001,90000000001,000000000009999999,MRIM,99999#001,Generalusage,05/09/2025 03:00:00 AM,05/09/2025 03:29:59 AM,0.036,0,A
9000000001,90000000001,000000000009999999,MRIM,99999#002,Controlledload,05/09/2025 03:00:00 AM,05/09/2025 03:29:59 AM,0.355,0,A
9000000001,90000000001,000000000009999999,MRIM,99999#001,Generalusage,05/09/2025 03:30:00 AM,05/09/2025 03:59:59 AM,0.1,0,A
9000000001,90000000001,000000000009999999,MRIM,99999#002,Controlledload,05/09/2025 03:30:00 AM,05/09/2025 03:59:59 AM,0.559,0,A
9000000001,90000000001,000000000009999999,MRIM,99999#001,Generalusage,05/09/2025 04:00:00 AM,05/09/2025 04:29:59 AM,0.068,0,A
9000000001,90000000001,000000000009999999,MRIM,99999#002,Controlledload,05/09/2025 04:00:00 AM,05/09/2025 04:29:59 AM,0.585,0,A
9000000001,90000000001,000000000009999999,MRIM,99999#001,Generalusage,05/09/2025 04:30:00 AM,05/09/2025 04:59:59 AM,0.092,0,A
9000000001,90000000001,000000000009999999,MRIM,99999#002,Controlledload,05/09/2025 04:30:00 AM,05/09/2025 04:59:59 AM,0.237,0,A
9000000001,90000000001,000000000009999999,MRIM,99999#001,Generalusage,05/09/2025 05:00:00 AM,05/09/2025 05:29:59 AM,0.113,0,A
9000000001,90000000001,000000000009999999,MRIM,99999#002,Controlledload,05/09/2025 05:00:00 AM,05/09/2025 05:29:59 AM,0.521,0,A
9000000001,90000000001,000000000009999999,MRIM,99999#001,Generalusage,05/09/2025 05:30:00 AM,05/09/2025 05:59:59 AM,0.109,0,A
9000000001,90000000001,000000000009999999,MRIM,99999#002,Controlledload,05/09/2025 05:30:00 AM,05/09/2025 05:59:59 AM,0.54,0,A
9000000001,90000000001,000000000009999999,MRIM,99999#001,Generalusage,05/09/2025 06:00:00 AM,05/09/2025 06:29:59 AM,0.168,0,A
9000000001,90000000001,000000000009999999,MRIM,99999#002,Controlledload,05/09/2025 06:00:00 AM,05/09/2025 06:29:59 AM,0.0,0,A
9000000001,90000000001,000000000009999999,MRIM,99999#001,Generalusage,05/09/2025 06:30:00 AM,05/09/2025 06:59:59 AM,0.304,0,A
9000000001,90000000001,000000000009999999,MRIM,99999#002,Controlledload,05/09/2025 06:30:00 AM,05/09/2025 06:59:59 AM,0.0,0,A
9000000001,90000000001,000000000009999999,MRIM,99999#001,Generalusage,05/09/2025 07:00:00 AM,05/09/2025 07:29:59 AM,0.394,0,A
9000000001,90000000001,000000000009999999,MRIM,99999#002,Controlledload,05/09/2025 07:00:00 AM,05/09/2025 07:29:59 AM,0.0,0,A
9000000001,90000000001,000000000009999999,MRIM,99999#001,Generalusage,05/09/2025 07:30:00 AM,05/09/2025 07:59:59 AM,0.425,0,A
9000000001,90000000001,000000000009999999,MRIM,99999#002,Controlledload,05/09/2025 07:30:00 AM,05/09/2025 07:59:59 AM,0.0,0,A
9000000001,90000000001,000000000009999999,MRIM,99999#001,Generalusage,05/09/2025 08:00:00 AM,05/09/2025 08:29:59 AM,0.352,0,A
9000000001,90000000001,000000000009999999,MRIM,99999#002,Controlledload,05/09/2025 08:00:00 AM,05/09/2025 08:29:59 AM,0.0,0,A
9000000001,90000000001,000000000009999999,MRIM,99999#001,Generalusage,05/09/2025 08:30:00 AM,05/09/2025 08:59:59 AM,0.312,0,A
9000000001,90000000001,000000000009999999,MRIM,99999#002,Controlledload,05/09/2025 08:30:00 AM,05/09/2025 08:59:59 AM,0.0,0,A
9000000001,90000000001,000000000009999999,MRIM,99999#001,Generalusage,05/09/2025 09:00:00 AM,05/09/2025 09:29:59 AM,0.177,0,A
9000000001,90000000001,000000000009999999,MRIM,99999#002,Controlledload,05/09/2025 09:00:00 AM,05/09/2025 09:29:59 AM,0.0,0,A
9000000001,90000000001,000000000009999999,MRIM,99999#001,Generalusage,05/09/2025 09:30:00 AM,05/09/2025 09:59:59 AM,0.148,0,A
9000000001,90000000001,000000000009999999,MRIM,99999#002,Controlledload,05/09/2025 09:30:00 AM,05/09/2025 09:59:59 AM,0.0,0,A
9000000001,90000000001,000000000009999999,MRIM,99999#001,Generalusage,05/09/2025 10:00:00 AM,05/09/2025 10:29:59 AM,0.06,0,A
9000000001,90000000001,000000000009999999,MRIM,99999#002,Controlledload,05/09/2025 10:00:00 AM,05/09/2025 10:29:59 AM,0.0,0,A
9000000001,90000000001,000000000009999999,MRIM,99999#001,Generalusage,05/09/2025 10:30:00 AM,05/09/2025 10:59:59 AM,0.06,0,A
9000000001,90000000001,000000000009999999,MRIM,99999#002,Controlledload,05/09/2025 10:30:00 AM,05/09/2025 10:59:59 AM,0.0,0,A
9000000001,90000000001,000000000009999999,MRIM,99999#001,Generalusage,05/09/2025 11:00:00 AM,05/09/2025 11:29:59 AM,0.067,0,A
9000000001,90000000001,000000000009999999,MRIM,99999#002,Controlledload,05/09/2025 11:00:00 AM,05/09/2025 11:29:59 AM,0.0,0,A
9000000001,90000000001,000000000009999999,MRIM,99999#001,Generalusage,05/09/2025 11:30:00 AM,05/09/2025 11:59:59 AM,0.076,0,A
9000000001,90000000001,000000000009999999,MRIM,99999#002,Controlledload,05/09/2025 11:30:00 AM,05/09/2025 11:59:59 AM,0.0,0,A
9000000001,90000000001,000000000009999999,MRIM,99999#001,Generalusage,05/09/2025 12:00:00 PM,05/09/2025 12:29:59 PM,0.095,0,A
9000000001,90000000001,000000000009999999,MRIM,99999#002,Controlledload,05/09/2025 12:00:00 PM,05/09/2025 12:29:59 PM,0.0,0,A
9000000001,90000000001,000000000009999999,MRIM,99999#001,Generalusage,05/09/2025 12:30:00 PM,05/09/2025 12:59:59 PM,0.128,0,A
9000000001,90000000001,000000000009999999,MRIM,99999#002,Controlledload,05/09/2025 12:30:00 PM,05/09/2025 12:59:59 PM,0.0,0,A
9000000001,90000000001,000000000009999999,MRIM,99999#001,Generalusage,05/09/2025 01:00:00 PM,05/09/2025 01:29:59 PM,0.104,0,A
9000000001,90000000001,000000000009999999,MRIM,99999#002,Controlledload,05/09/2025 01:00:00 PM,05/09/2025 01:29:59 PM,0.0,0,A
9000000001,90000000001,000000000009999999,MRIM,99999#001,Generalusage,05/09/2025 01:30:00 PM,05/09/2025 01:59:59 PM,0.144,0,A
9000000001,90000000001,000000000009999999,MRIM,99999#002,Controlledload,05/09/2025 01:30:00 PM,05/09/2025 01:59:59 PM,0.0,0,A
9000000001,90000000001,000000000009999999,MRIM,99999#001,Generalusage,05/09/2025 02:00:00 PM,05/09/2025 02:29:59 PM,0.135,0,A
9000000001,90000000001,000000000009999999,MRIM,99999#002,Controlledload,05/09/2025 02:00:00 PM,05/09/2025 02:29:59 PM,0.0,0,A
9000000001,90000000001,000000000009999999,MRIM,99999#001,Generalusage,05/09/2025 02:30:00 PM,05/09/2025 02:59:59 PM,0.124,0,A
9000000001,90000000001,000000000009999999,MRIM,99999#002,Controlledload,05/09/2025 02:30:00 PM,05/09/2025 02:59:59 PM,0.0,0,A
9000000001,90000000001,000000000009999999,MRIM,99999#001,Generalusage,05/09/2025 03:00:00 PM,05/09/2025 03:29:59 PM,0.076,0,A
9000000001,90000000001,000000000009999999,MRIM,99999#002,Controlledload,05/09/2025 03:00:00 PM,05/09/2025 03:29:59 PM,0.0,0,A
9000000001,90000000001,000000000009999999,MRIM,99999#001,Generalusage,05/09/2025 03:30:00 PM,05/09/2025 03:59:59 PM,0.102,0,A
9000000001,90000000001,000000000009999999,MRIM,99999#002,Controlledload,05/09/2025 03:30:00 PM,05/09/2025 03:59:59 PM,0.0,0,A
9000000001,90000000001,000000000009999999,MRIM,99999#001,Generalusage,05/09/2025 04:00:00 PM,05/09/2025 04:29:59 PM,0.11,0,A
9000000001,90000000001,000000000009999999,MRIM,99999#002,Controlledload,05/09/2025 04:00:00 PM,05/09/2025 04:29:59 PM,0.0,0,A
9000000001,90000000001,000000000009999999,MRIM,99999#001,Generalusage,05/09/2025 04:30:00 PM,05/09/2025 04:59:59 PM,0.12,0,A
9000000001,90000000001,000000000009999999,MRIM,99999#002,Controlledload,05/09/2025 04:30:00 PM,05/09/2025 04:59:59 PM,0.0,0,A
9000000001,90000000001,000000000009999999,MRIM,99999#001,Generalusage,05/09/2025 05:00:00 PM,05/09/2025 05:29:59 PM,0.213,0,A
9000000001,90000000001,000000000009999999,MRIM,99999#002,Controlledload,05/09/2025 05:00:00 PM,05/09/2025 05:29:59 PM,0.0,0,A
9000000001,90000000001,000000000009999999,MRIM,99999#001,Generalusage,05/09/2025 05:30:00 PM,05/09/2025 05:59:59 PM,0.352,0,A
9000000001,90000000001,000000000009999999,MRIM,99999#002,Controlledload,05/09/2025 05:30:00 PM,05/09/2025 05:59:59 PM,0.0,0,A
9000000001,90000000001,000000000009999999,MRIM,99999#001,Generalusage,05/09/2025 06:00:00 PM,05/09/2025 06:29:59 PM,0.496,0,A
9000000001,90000000001,000000000009999999,MRIM,99999#002,Controlledload,05/09/2025 06:00:00 PM,05/09/2025 06:29:59 PM,0.0,0,A
9000000001,90000000001,000000000009999999,MRIM,99999#001,Generalusage,05/09/2025 06:30:00 PM,05/09/2025 06:59:59 PM,0.594,0,A
9000000001,90000000001,000000000009999999,MRIM,99999#002,Controlledload,05/09/2025 06:30:00 PM,05/09/2025 06:59:59 PM,0.0,0,A
9000000001,90000000001,000000000009999999,MRIM,99999#001,Generalusage,05/09/2025 07:00:00 PM,05/09/2025 07:29:59 PM,0.696,0,A
9000000001,90000000001,000000000009999999,MRIM,99999#002,Controlledload,05/09/2025 07:00:00 PM,05/09/2025 07:29:59 PM,0.0,0,A
9000000001,90000000001,000000000009999999,MRIM,99999#001,Generalusage,05/09/2025 07:30:00 PM,05/09/2025 07:59:59 PM,0.593,0,A
9000000001,90000000001,000000000009999999,MRIM,99999#002,Controlledload,05/09/2025 07:30:00 PM,05/09/2025 07:59:59 PM,0.0,0,A
9000000001,90000000001,000000000009999999,MRIM,99999#001,Generalusage,05/09/2025 08:00:00 PM,05/09/2025 08:29:59 PM,0.506,0,A
9000000001,90000000001,000000000009999999,MRIM,99999#002,Controlledload,05/09/2025 08:00:00 PM,05/09/2025 08:29:59 PM,0.0,0,A
9000000001,90000000001,000000000009999999,MRIM,99999#001,Generalusage,05/09/2025 08:30:00 PM,05/09/2025 08:59:59 PM,0.364,0,A
9000000001,90000000001,000000000009999999,MRIM,99999#002,Controlledload,05/09/2025 08:30:00 PM,05/09/2025 08:59:59 PM,0.0,0,A
9000000001,90000000001,000000000009999999,MRIM,99999#001,Generalusage,05/09/2025 09:00:00 PM,05/09/2025 09:29:59 PM,0.231,0,A
9000000001,90000000001,000000000009999999,MRIM,99999#002,Controlledload,05/09/2025 09:00:00 PM,05/09/2025 09:29:59 PM,0.0,0,A
9000000001,90000000001,000000000009999999,MRIM,99999#001,Generalusage,05/09/2025 09:30:00 PM,05/09/2025 09:59:59 PM,0.164,0,A
9000000001,90000000001,000000000009999999,MRIM,99999#002,Controlledload,05/09/2025 09:30:00 PM,05/09/2025 09:59:59 PM,0.0,0,A
9000000001,90000000001,000000000009999999,MRIM,99999#001,Generalusage,05/09/2025 10:00:00 PM,05/09/2025 10:29:59 PM,0.099,0,A
9000000001,90000000001,000000000009999999,MRIM,99999#002,Controlledload,05/09/2025 10:00:00 PM,05/09/2025 10:29:59 PM,0.0,0,A
9000000001,90000000001,000000000009999999,MRIM,99999#001,Generalusage,05/09/2025 10:30:00 PM,05/09/2025 10:59:59 PM,0.098,0,A
9000000001,90000000001,000000000009999999,MRIM,99999#002,Controlledload,05/09/2025 10:30:00 PM,05/09/2025 10:59:59 PM,0.0,0,A
9000000001,90000000001,000000000009999999,MRIM,99999#001,Generalusage,05/09/2025 11:00:00 PM,05/09/2025 11:29:59 PM,0.035,0,A
9000000001,90000000001,000000000009999999,MRIM,99999#002,Controlledload,05/09/2025 11:00:00 PM,05/09/2025 11:29:59 PM,0.223,0,A
9000000001,90000000001,000000000009999999,MRIM,99999#001,Generalusage,05/09/2025 11:30:00 PM,05/09/2025 11:59:59 PM,0.076,0,A
9000000001,90000000001,000000000009999999,MRIM,99999#002,Controlledload,05/09/2025 11:30:00 PM,05/09/2025 11:59:59 PM,0.488,0,A
9000000001,90000000001,000000000009999999,MRIM,99999#001,Generalusage,06/09/2025 12:00:00 AM,06/09/2025 12:29:59 AM,0.076,0,A
9000000001,90000000001,000000000009999999,MRIM,99999#002,Controlledload,06/09/2025 12:00:00 AM,06/09/2025 12:29:59 AM,0.583,0,A
9000000001,90000000001,000000000009999999,MRIM,99999#001,Generalusage,06/09/2025 12:30:00 AM,06/09/2025 12:59:59 AM,0.059,0,A
9000000001,90000000001,000000000009999999,MRIM,99999#002,Controlledload,06/09/2025 12:30:00 AM,06/09/2025 12:59:59 AM,0.519,0,A
9000000001,90000000001,000000000009999999,MRIM,99999#001,Generalusage,06/09/2025 01:00:00 AM,06/09/2025 01:29:59 AM,0.065,0,A
9000000001,90000000001,000000000009999999,MRIM,99999#002,Controlledload,06/09/2025 01:00:00 AM,06/09/2025 01:29:59 AM,0.514,0,A
9000000001,90000000001,000000000009999999,MRIM,99999#001,Generalusage,06/09/2025 01:30:00 AM,06/09/2025 01:59:59 AM,0.05,0,A
9000000001,90000000001,000000000009999999,MRIM,99999#002,Controlledload,06/09/2025 01:30:00 AM,06/09/2025 01:59:59 AM,0.678,0,A
9000000001,90000000001,000000000009999999,MRIM,99999#001,Generalusage,06/09/2025 02:00:00 AM,06/09/2025 02:29:59 AM,0.064,0,A
9000000001,90000000001,000000000009999999,MRIM,99999#002,Controlledload,06/09/2025 02:00:00 AM,06/09/2025 02:29:59 AM,0.602,0,A
9000000001,90000000001,000000000009999999,MRIM,99999#001,Generalusage,06/09/2025 02:30:00 AM,06/09/2025 02:59:59 AM,0.078,0,A
9000000001,90000000001,000000000009999999,MRIM,99999#002,Controlledload,06/09/2025 02:30:00 AM,06/09/2025 02:59:59 AM,0.349,0,A
9000000001,90000000001,000000000009999999,MRIM,99999#001,Generalusage,06/09/2025 03:00:00 AM,06/09/2025 03:29:59 AM,0.035,0,A
9000000001,90000000001,000000000009999999,MRIM,99999#002,Controlledload,06/09/2025 03:00:00 AM,06/09/2025 03:29:59 AM,0.23,0,A
9000000001,90000000001,000000000009999999,MRIM,99999#001,Generalusage,06/09/2025 03:30:00 AM,06/09/2025 03:59:59 AM,0.061,0,A
9000000001,90000000001,000000000009999999,MRIM,99999#002,Controlledload,06/09/2025 03:30:00 AM,06/09/2025 03:59:59 AM,0.442,0,A
9000000001,90000000001,000000000009999999,MRIM,99999#001,Generalusage,06/09/2025 04:00:00 AM,06/09/2025 04:29:59 AM,0.045,0,A
9000000001,90000000001,000000000009999999,MRIM,99999#002,Controlledload,06/09/2025 04:00:00 AM,06/09/2025 04:29:59 AM,0.503,0,A
9000000001,90000000001,000000000009999999,MRIM,99999#001,Generalusage,06/09/2025 04:30:00 AM,06/09/2025 04:59:59 AM,0.056,0,A
9000000001,90000000001,000000000009999999,MRIM,99999#002,Controlledload,06/09/2025 04:30:00 AM,06/09/2025 04:59:59 AM,0.559,0,A
9000000001,90000000001,000000000009999999,MRIM,99999#001,Generalusage,06/09/2025 05:00:00 AM,06/09/2025 05:29:59 AM,0.097,0,A
9000000001,90000000001,000000000009999999,MRIM,99999#002,Controlledload,06/09/2025 05:00:00 AM,06/09/2025 05:29:59 AM,0.63,0,A
9000000001,90000000001,000000000009999999,MRIM,99999#001,Generalusage,06/09/2025 05:30:00 AM,06/09/2025 05:59:59 AM,0.146,0,A
9000000001,90000000001,000000000009999999,MRIM,99999#002,Controlledload,06/09/2025 05:30:00 AM,06/09/2025 05:59:59 AM,0.265,0,A
9000000001,90000000001,000000000009999999,MRIM,99999#001,Generalusage,06/09/2025 06:00:00 AM,06/09/2025 06:29:59 AM,0.17,0,A
9000000001,90000000001,000000000009999999,MRIM,99999#002,Controlledload,06/09/2025 06:00:00 AM,06/09/2025 06:29:59 AM,0.0,0,A
9000000001,90000000001,000000000009999999,MRIM,99999#001,Generalusage,06/09/2025 06:30:00 AM,06/09/2025 06:59:59 AM,0.282,0,A
9000000001,90000000001,000000000009999999,MRIM,99999#002,Controlledload,06/09/2025 06:30:00 AM,06/09/2025 06:59:59 AM,0.0,0,A
9000000001,90000000001,000000000009999999,MRIM,99999#001,Generalusage,06/09/2025 07:00:00 AM,06/09/2025 07:29:59 AM,0.362,0,A
9000000001,90000000001,000000000009999999,MRIM,99999#002,Controlledload,06/09/2025 07:00:00 AM,06/09/2025 07:29:59 AM,0.0,0,A
9000000001,90000000001,000000000009999999,MRIM,99999#001,Generalusage,06/09/2025 07:30:00 AM,06/09/2025 07:59:59 AM,0.414,0,A
9000000001,90000000001,000000000009999999,MRIM,99999#002,Controlledload,06/09/2025 07:30:00 AM,06/09/2025 07:59:59 AM,0.0,0,A
9000000001,90000000001,000000000009999999,MRIM,99999#001,Generalusage,06/09/2025 08:00:00 AM,06/09/2025 08:29:59 AM,0.361,0,A
9000000001,90000000001,000000000009999999,MRIM,99999#002,Controlledload,06/09/2025 08:00:00 AM,06/09/2025 08:29:59 AM,0.0,0,A
9000000001,90000000001,000000000009999999,MRIM,99999#001,Generalusage,06/09/2025 08:30:00 AM,06/09/2025 08:59:59 AM,0.268,0,A
9000000001,90000000001,000000000009999999,MRIM,99999#002,Controlledload,06/09/2025 08:30:00 AM,06/09/2025 08:59:59 AM,0.0,0,A
9000000001,90000000001,000000000009999999,MRIM,99999#001,Generalusage,06/09/2025 09:00:00 AM,06/09/2025 09:29:59 AM,0.168,0,A
9000000001,90000000001,000000000009999999,MRIM,99999#002,Controlledload,06/09/2025 09:00:00 AM,06/09/2025 09:29:59 AM,0.0,0,A
9000000001,90000000001,000000000009999999,MRIM,99999#001,Generalusage,06/09/2025 09:30:00 AM,06/09/2025 09:59:59 AM,0.13,0,A
9000000001,90000000001,000000000009999999,MRIM,99999#002,Controlledload,06/09/2025 09:30:00 AM,06/09/2025 09:59:59 AM,0.0,0,A
9000000001,90000000001,000000000009999999,MRIM,99999#001,Generalusage,06/09/2025 10:00:00 AM,06/09/2025 10:29:59 AM,0.128,0,A
9000000001,90000000001,000000000009999999,MRIM,99999#002,Controlledload,06/09/2025 10:00:00 AM,06/09/2025 10:29:59 AM,0.0,0,A
9000000001,90000000001,000000000009999999,MRIM,99999#001,Generalusage,06/09/2025 10:30:00 AM,06/09/2025 10:59:59 AM,0.165,0,A
9000000001,90000000001,000000000009999999,MRIM,99999#002,Controlledload,06/09/2025 10:30:00 AM,06/09/2025 10:59:59 AM,0.0,0,A
9000000001,90000000001,000000000009999999,MRIM,99999#001,Generalusage,06/09/2025 11:00:00 AM,06/09/2025 11:29:59 AM,0.176,0,A
9000000001,90000000001,000000000009999999,MRIM,99999#002,Controlledload,06/09/2025 11:00:00 AM,06/09/2025 11:29:59 AM,0.0,0,A
9000000001,90000000001,000000000009999999,MRIM,99999#001,Generalusage,06/09/2025 11:30:00 AM,06/09/2025 11:59:59 AM,0.263,0,A
9000000001,90000000001,000000000009999999,MRIM,99999#002,Controlledload,06/09/2025 11:30:00 AM,06/09/2025 11:59:59 AM,0.0,0,A
9000000001,90000000001,000000000009999999,MRIM,99999#001,Generalusage,06/09/2025 12:00:00 PM,06/09/2025 12:29:59 PM,0.253,0,A
9000000001,90000000001,000000000009999999,MRIM,99999#002,Controlledload,06/09/2025 12:00:00 PM,06/09/2025 12:29:59 PM,0.0,0,A
9000000001,90000000001,000000000009999999,MRIM,99999#001,Generalusage,06/09/2025 12:30:00 PM,06/09/2025 12:59:59 PM,0.293,0,A
9000000001,90000000001,000000000009999999,MRIM,99999#002,Controlledload,06/09/2025 12:30:00 PM,06/09/2025 12:59:59 PM,0.0,0,A
9000000001,90000000001,000000000009999999,MRIM,99999#001,Generalusage,06/09/2025 01:00:00 PM,06/09/2025 01:29:59 PM,0.32,0,A
9000000001,90000000001,000000000009999999,MRIM,99999#002,Controlledload,06/09/2025 01:00:00 PM,06/09/2025 01:29:59 PM,0.0,0,A
9000000001,90000000001,000000000009999999,MRIM,99999#001,Generalusage,06/09/2025 01:30:00 PM,06/09/2025 01:59:59 PM,0.292,0,A
9000000001,90000000001,000000000009999999,MRIM,99999#002,Controlledload,06/09/2025 01:30:00 PM,06/09/2025 01:59:59 PM,0.0,0,A
9000000001,90000000001,000000000009999999,MRIM,99999#001,Generalusage,06/09/2025 02:00:00 PM,06/09/2025 02:29:59 PM,0.295,0,A
9000000001,90000000001,000000000009999999,MRIM,99999#002,Controlledload,06/09/2025 02:00:00 PM,06/09/2025 02:29:59 PM,0.0,0,A
9000000001,90000000001,000000000009999999,MRIM,99999#001,Generalusage,06/09/2025 02:30:00 PM,06/09/2025 02:59:59 PM,0.237,0,A
9000000001,90000000001,000000000009999999,MRIM,99999#002,Controlledload,06/09/2025 02:30:00 PM,06/09/2025 02:59:59 PM,0.0,0,A
9000000001,90000000001,000000000009999999,MRIM,99999#001,Generalusage,06/09/2025 03:00:00 PM,06/09/2025 03:29:59 PM,0.197,0,A
9000000001,90000000001,000000000009999999,MRIM,99999#002,Controlledload,06/09/2025 03:00:00 PM,06/09/2025 03:29:59 PM,0.0,0,A
9000000001,90000000001,000000000009999999,MRIM,99999#001,Generalusage,06/09/2025 03:30:00 PM,06/09/2025 03:59:59 PM,0.163,0,A
9000000001,90000000001,000000000009999999,MRIM,99999#002,Controlledload,06/09/2025 03:30:00 PM,06/09/2025 03:59:59 PM,0.0,0,A
9000000001,90000000001,000000000009999999,MRIM,99999#001,Generalusage,06/09/2025 04:00:00 PM,06/09/2025 04:29:59 PM,0.137,0,A
9000000001,90000000001,000000000009999999,MRIM,99999#002,Controlledload,06/09/2025 04:00:00 PM,06/09/2025 04:29:59 PM,0.0,0,A
9000000001,90000000001,000000000009999999,MRIM,99999#001,Generalusage,06/09/2025 04:30:00 PM,06/09/2025 04:59:59 PM,0.139,0,A
9000000001,90000000001,000000000009999999,MRIM,99999#002,Controlledload,06/09/2025 04:30:00 PM,06/09/2025 04:59:59 PM,0.0,0,A
9000000001,90000000001,000000000009999999,MRIM,99999#001,Generalusage,06/09/2025 05:00:00 PM,06/09/2025 05:29:59 PM,0.272,0,A
9000000001,90000000001,000000000009999999,MRIM,99999#002,Controlledload,06/09/2025 05:00:00 PM,06/09/2025 05:29:59 PM,0.0,0,A
9000000001,90000000001,000000000009999999,MRIM,99999#001,Generalusage,06/09/2025 05:30:00 PM,06/09/2025 05:59:59 PM,0.357,0,A
9000000001,90000000001,000000000009999999,MRIM,99999#002,Controlledload,06/09/2025 05:30:00 PM,06/09/2025 05:59:59 PM,0.0,0,A
9000000001,90000000001,000000000009999999,MRIM,99999#001,Generalusage,06/09/2025 06:00:00 PM,06/09/2025 06:29:59 PM,0.531,0,A
9000000001,90000000001,000000000009999999,MRIM,99999#002,Controlledload,06/09/2025 06:00:00 PM,06/09/2025 06:29:59 PM,0.0,0,A
9000000001,90000000001,000000000009999999,MRIM,99999#001,Generalusage,06/09/2025 06:30:00 PM,06/09/2025 06:59:59 PM,0.599,0,A
9000000001,90000000001,000000000009999999,MRIM,99999#002,Controlledload,06/09/2025 06:30:00 PM,06/09/2025 06:59:59 PM,0.0,0,A
9000000001,90000000001,000000000009999999,MRIM,99999#001,Generalusage,06/09/2025 07:00:00 PM,06/09/2025 07:29:59 PM,0.655,0,A
9000000001,90000000001,000000000009999999,MRIM,99999#002,Controlledload,06/09/2025 07:00:00 PM,06/09/2025 07:29:59 PM,0.0,0,A
9000000001,90000000001,000000000009999999,MRIM,99999#001,Generalusage,06/09/2025 07:30:00 PM,06/09/2025 07:59:59 PM,0.586,0,A
9000000001,90000000001,000000000009999999,MRIM,99999#002,Controlledload,06/09/2025 07:30:00 PM,06/09/2025 07:59:59 PM,0.0,0,A
9000000001,90000000001,000000000009999999,MRIM,99999#001,Generalusage,06/09/2025 08:00:00 PM,06/09/2025 08:29:59 PM,0.495,0,A
9000000001,90000000001,000000000009999999,MRIM,99999#002,Controlledload,06/09/2025 08:00:00 PM,06/09/2025 08:29:59 PM,0.0,0,A
9000000001,90000000001,000000000009999999,MRIM,99999#001,Generalusage,06/09/2025 08:30:00 PM,06/09/2025 08:59:59 PM,0.375,0,A
9000000001,90000000001,000000000009999999,MRIM,99999#002,Controlledload,06/09/2025 08:30:00 PM,06/09/2025 08:59:59 PM,0.0,0,A
9000000001,90000000001,000000000009999999,MRIM,99999#001,Generalusage,06/09/2025 09:00:00 PM,06/09/2025 09:29:59 PM,0.234,0,A
9000000001,90000000001,000000000009999999,MRIM,99999#002,Controlledload,06/09/2025 09:00:00 PM,06/09/2025 09:29:59 PM,0.0,0,A
9000000001,90000000001,000000000009999999,MRIM,99999#001,Generalusage,06/09/2025 09:30:00 PM,06/09/2025 09:59:59 PM,0.138,0,A
9000000001,90000000001,000000000009999999,MRIM,99999#002,Controlledload,06/09/2025 09:30:00 PM,06/09/2025 09:59:59 PM,0.0,0,A
9000000001,90000000001,000000000009999999,MRIM,99999#001,Generalusage,06/09/2025 10:00:00 PM,06/09/2025 10:29:59 PM,0.097,0,A
9000000001,90000000001,000000000009999999,MRIM,99999#002,Controlledload,06/09/2025 10:00:00 PM,06/09/2025 10:29:59 PM,0.0,0,A
9000000001,90000000001,000000000009999999,MRIM,99999#001,Generalusage,06/09/2025 10:30:00 PM,06/09/2025 10:59:59 PM,0.099,0,A
9000000001,90000000001,000000000009999999,MRIM,99999#002,Controlledload,06/09/2025 10:30:00 PM,06/09/2025 10:59:59 PM,0.0,0,A
9000000001,90000000001,000000000009999999,MRIM,99999#001,Generalusage,06/09/2025 11:00:00 PM,06/09/2025 11:29:59 PM,0.063,0,A
9000000001,90000000001,000000000009999999,MRIM,99999#002,Controlledload,06/09/2025 11:00:00 PM,06/09/2025 11:29:59 PM,0.641,0,A
9000000001,90000000001,000000000009999999,MRIM,99999#001,Generalusage,06/09/2025 11:30:00 PM,06/09/2025 11:59:59 PM,0.082,0,A
9000000001,90000000001,000000000009999999,MRIM,99999#002,Controlledload,06/09/2025 11:30:00 PM,06/09/2025 11:59:59 PM,0.582,0,A
9000000001,90000000001,000000000009999999,MRIM,99999#001,Generalusage,07/09/2025 12:00:00 AM,07/09/2025 12:29:59 AM,0.056,0,A
9000000001,90000000001,000000000009999999,MRIM,99999#002,Controlledload,07/09/2025 12:00:00 AM,07/09/2025 12:29:59 AM,0.4,0,A
9000000001,90000000001,000000000009999999,MRIM,99999#001,Generalusage,07/09/2025 12:30:00 AM,07/09/2025 12:59:59 AM,0.07,0,A
9000000001,90000000001,000000000009999999,MRIM,99999#002,Controlledload,07/09/2025 12:30:00 AM,07/09/2025 12:59:59 AM,0.297,0,A
9000000001,90000000001,000000000009999999,MRIM,99999#001,Generalusage,07/09/2025 01:00:00 AM,07/09/2025 01:29:59 AM,0.069,0,A
9000000001,90000000001,000000000009999999,MRIM,99999#002,Controlledload,07/09/2025 01:00:00 AM,07/09/2025 01:29:59 AM,0.237,0,A
9000000001,90000000001,000000000009999999,MRIM,99999#001,Generalusage,07/09/2025 01:30:00 AM,07/09/2025 01:59:59 AM,0.065,0,A
9000000001,90000000001,000000000009999999,MRIM,99999#002,Controlledload,07/09/2025 01:30:00 AM,07/09/2025 01:59:59 AM,0.582,0,A
9000000001,90000000001,000000000009999999,MRIM,99999#001,Generalusage,07/09/2025 02:00:00 AM,07/09/2025 02:29:59 AM,0.05,0,A
9000000001,90000000001,000000000009999999,MRIM,99999#002,Controlledload,07/09/2025 02:00:00 AM,07/09/2025 02:29:59 AM,0.695,0,A
9000000001,90000000001,000000000009999999,MRIM,99999#001,Generalusage,07/09/2025 02:30:00 AM,07/09/2025 02:59:59 AM,0.078,0,A
9000000001,90000000001,000000000009999999,MRIM,99999#002,Controlledload,07/09/2025 02:30:00 AM,07/09/2025 02:59:59 AM,0.259,0,A
9000000001,90000000001,000000000009999999,MRIM,99999#001,Generalusage,07/09/2025 03:00:00 AM,07/09/2025 03:29:59 AM,0.098,0,A
9000000001,90000000001,000000000009999999,MRIM,99999#002,Controlledload,07/09/2025 03:00:00 AM,07/09/2025 03:29:59 AM,0.397,0,A
9000000001,90000000001,000000000009999999,MRIM,99999#001,Generalusage,07/09/2025 03:30:00 AM,07/09/2025 03:59:59 AM,0.086,0,A
9000000001,90000000001,000000000009999999,MRIM,99999#002,Controlledload,07/09/2025 03:30:00 AM,07/09/2025 03:59:59 AM,0.37,0,A
9000000001,90000000001,000000000009999999,MRIM,99999#001,Generalusage,07/09/2025 04:00:00 AM,07/09/2025 04:29:59 AM,0.096,0,A
9000000001,90000000001,000000000009999999,MRIM,99999#002,Controlledload,07/09/2025 04:00:00 AM,07/09/2025 04:29:59 AM,0.577,0,A
9000000001,90000000001,000000000009999999,MRIM,99999#001,Generalusage,07/09/2025 04:30:00 AM,07/09/2025 04:59:59 AM,0.048,0,A
9000000001,90000000001,000000000009999999,MRIM,99999#002,Controlledload,07/09/2025 04:30:00 AM,07/09/2025 04:59:59 AM,0.455,0,A
9000000001,90000000001,000000000009999999,MRIM,99999#001,Generalusage,07/09/2025 05:00:00 AM,07/09/2025 05:29:59 AM,0.08,0,A
9000000001,90000000001,000000000009999999,MRIM,99999#002,Controlledload,07/09/2025 05:00:00 AM,07/09/2025 05:29:59 AM,0.223,0,A
9000000001,90000000001,000000000009999999,MRIM,99999#001,Generalusage,07/09/2025 05:30:00 AM,07/09/2025 05:59:59 AM,0.087,0,A
9000000001,90000000001,000000000009999999,MRIM,99999#002,Controlledload,07/09/2025 05:30:00 AM,07/09/2025 05:59:59 AM,0.367,0,A
9000000001,90000000001,000000000009999999,MRIM,99999#001,Generalusage,07/09/2025 06:00:00 AM,07/09/2025 06:29:59 AM,0.177,0,A
9000000001,90000000001,000000000009999999,MRIM,99999#002,Controlledload,07/09/2025 06:00:00 AM,07/09/2025 06:29:59 AM,0.0,0,A
9000000001,90000000001,000000000009999999,MRIM,99999#001,Generalusage,07/09/2025 06:30:00 AM,07/09/2025 06:59:59 AM,0.274,0,A
9000000001,90000000001,000000000009999999,MRIM,99999#002,Controlledload,07/09/2025 06:30:00 AM,07/09/2025 06:59:59 AM,0.0,0,A
9000000001,90000000001,000000000009999999,MRIM,99999#001,Generalusage,07/09/2025 07:00:00 AM,07/09/2025 07:29:59 AM,0.382,0,A
9000000001,90000000001,000000000009999999,MRIM,99999#002,Controlledload,07/09/2025 07:00:00 AM,07/09/2025 07:29:59 AM,0.0,0,A
9000000001,90000000001,000000000009999999,MRIM,99999#001,Generalusage,07/09/2025 07:30:00 AM,07/09/2025 07:59:59 AM,0.418,0,A
9000000001,90000000001,000000000009999999,MRIM,99999#002,Controlledload,07/09/2025 07:30:00 AM,07/09/2025 07:59:59 AM,0.0,0,A
9000000001,90000000001,000000000009999999,MRIM,99999#001,Generalusage,07/09/2025 08:00:00 AM,07/09/2025 08:29:59 AM,0.366,0,A
9000000001,90000000001,000000000009999999,MRIM,99999#002,Controlledload,07/09/2025 08:00:00 AM,07/09/2025 08:29:59 AM,0.0,0,A
9000000001,90000000001,000000000009999999,MRIM,99999#001,Generalusage,07/09/2025 08:30:00 AM,07/09/2025 08:59:59 AM,0.294,0,A
9000000001,90000000001,000000000009999999,MRIM,99999#002,Controlledload,07/09/2025 08:30:00 AM,07/09/2025 08:59:59 AM,0.0,0,A
9000000001,90000000001,000000000009999999,MRIM,99999#001,Generalusage,07/09/2025 09:00:00 AM,07/09/2025 09:29:59 AM,0.172,0,A
9000000001,90000000001,000000000009999999,MRIM,99999#002,Controlledload,07/09/2025 09:00:00 AM,07/09/2025 09:29:59 AM,0.0,0,A
9000000001,90000000001,000000000009999999,MRIM,99999#001,Generalusage,07/09/2025 09:30:00 AM,07/09/2025 09:59:59 AM,0.179,0,A
9000000001,90000000001,000000000009999999,MRIM,99999#002,Controlledload,07/09/2025 09:30:00 AM,07/09/2025 09:59:59 AM,0.0,0,A
9000000001,90000000001,000000000009999999,MRIM,99999#001,Generalusage,07/09/2025 10:00:00 AM,07/09/2025 10:29:59 AM,0.153,0,A
9000000001,90000000001,000000000009999999,MRIM,99999#002,Controlledload,07/09/2025 10:00:00 AM,07/09/2025 10:29:59 AM,0.0,0,A
9000000001,90000000001,000000000009999999,MRIM,99999#001,Generalusage,07/09/2025 10:30:00 AM,07/09/2025 10:59:59 AM,0.143,0,A
9000000001,90000000001,000000000009999999,MRIM,99999#002,Controlledload,07/09/2025 10:30:00 AM,07/09/2025 10:59:59 AM,0.0,0,A
9000000001,90000000001,000000000009999999,MRIM,99999#001,Generalusage,07/09/2025 11:00:00 AM,07/09/2025 11:29:59 AM,0.183,0,A
9000000001,90000000001,000000000009999999,MRIM,99999#002,Controlledload,07/09/2025 11:00:00 AM,07/09/2025 11:29:59 AM,0.0,0,A
9000000001,90000000001,000000000009999999,MRIM,99999#001,Generalusage,07/09/2025 11:30:00 AM,07/09/2025 11:59:59 AM,0.26,0,A
9000000001,90000000001,000000000009999999,MRIM,99999#002,Controlledload,07/09/2025 11:30:00 AM,07/09/2025 11:59:59 AM,0.0,0,A
9000000001,90000000001,000000000009999999,MRIM,99999#001,Generalusage,07/09/2025 12:00:00 PM,07/09/2025 12:29:59 PM,0.279,0,A
9000000001,90000000001,000000000009999999,MRIM,99999#002,Controlledload,07/09/2025 12:00:00 PM,07/09/2025 12:29:59 PM,0.0,0,A
9000000001,90000000001,000000000009999999,MRIM,99999#001,Generalusage,07/09/2025 12:30:00 PM,07/09/2025 12:59:59 PM,0.319,0,A
9000000001,90000000001,000000000009999999,MRIM,99999#002,Controlledload,07/09/2025 12:30:00 PM,07/09/2025 12:59:59 PM,0.0,0,A
9000000001,90000000001,000000000009999999,MRIM,99999#001,Generalusage,07/09/2025 01:00:00 PM,07/09/2025 01:29:59 PM,0.301,0,A
9000000001,90000000001,000000000009999999,MRIM,99999#002,Controlledload,07/09/2025 01:00:00 PM,07/09/2025 01:29:59 PM,0.0,0,A
9000000001,90000000001,000000000009999999,MRIM,99999#001,Generalusage,07/09/2025 01:30:00 PM,07/09/2025 01:59:59 PM,0.327,0,A
9000000001,90000000001,000000000009999999,MRIM,99999#002,Controlledload,07/09/2025 01:30:00 PM,07/09/2025 01:59:59 PM,0.0,0,A
9000000001,90000000001,000000000009999999,MRIM,99999#001,Generalusage,07/09/2025 02:00:00 PM,07/09/2025 02:29:59 PM,0.268,0,A
9000000001,90000000001,000000000009999999,MRIM,99999#002,Controlledload,07/09/2025 02:00:00 PM,07/09/2025 02:29:59 PM,0.0,0,A
9000000001,90000000001,000000000009999999,MRIM,99999#001,Generalusage,07/09/2025 02:30:00 PM,07/09/2025 02:59:59 PM,0.25,0,A
9000000001,90000000001,000000000009999999,MRIM,99999#002,Controlledload,07/09/2025 02:30:00 PM,07/09/2025 02:59:59 PM,0.0,0,A
9000000001,90000000001,000000000009999999,MRIM,99999#001,Generalusage,07/09/2025 03:00:00 PM,07/09/2025 03:29:59 PM,0.23,0,A
9000000001,90000000001,000000000009999999,MRIM,99999#002,Controlledload,07/09/2025 03:00:00 PM,07/09/2025 03:29:59 PM,0.0,0,A
9000000001,90000000001,000000000009999999,MRIM,99999#001,Generalusage,07/09/2025 03:30:00 PM,07/09/2025 03:59:59 PM,0.169,0,A
9000000001,90000000001,000000000009999999,MRIM,99999#002,Controlledload,07/09/2025 03:30:00 PM,07/09/2025 03:59:59 PM,0.0,0,A
9000000001,90000000001,000000000009999999,MRIM,99999#001,Generalusage,07/09/2025 04:00:00 PM,07/09/2025 04:29:59 PM,0.171,0,A
9000000001,90000000001,000000000009999999,MRIM,99999#002,Controlledload,07/09/2025 04:00:00 PM,07/09/2025 04:29:59 PM,0.0,0,A
9000000001,90000000001,000000000009999999,MRIM,99999#001,Generalusage,07/09/2025 04:30:00 PM,07/09/2025 04:59:59 PM,0.188,0,A
9000000001,90000000001,000000000009999999,MRIM,99999#002,Controlledload,07/09/2025 04:30:00 PM,07/09/2025 04:59:59 PM,0.0,0,A
9000000001,90000000001,000000000009999999,MRIM,99999#001,Generalusage,07/09/2025 05:00:00 PM,07/09/2025 05:29:59 PM,0.254,0,A
9000000001,90000000001,000000000009999999,MRIM,99999#002,Controlledload,07/09/2025 05:00:00 PM,07/09/2025 05:29:59 PM,0.0,0,A
9000000001,90000000001,000000000009999999,MRIM,99999#001,Generalusage,07/09/2025 05:30:00 PM,07/09/2025 05:59:59 PM,0.324,0,A
9000000001,90000000001,000000000009999999,MRIM,99999#002,Controlledload,07/09/2025 05:30:00 PM,07/09/2025 05:59:59 PM,0.0,0,A
9000000001,90000000001,000000000009999999,MRIM,99999#001,Generalusage,07/09/2025 06:00:00 PM,07/09/2025 06:29:59 PM,0.497,0,A
9000000001,90000000001,000000000009999999,MRIM,99999#002,Controlledload,07/09/2025 06:00:00 PM,07/09/2025 06:29:59 PM,0.0,0,A
9000000001,90000000001,000000000009999999,MRIM,99999#001,Generalusage,07/09/2025 06:30:00 PM,07/09/2025 06:59:59 PM,0.651,0,A
9000000001,90000000001,000000000009999999,MRIM,99999#002,Controlledload,07/09/2025 06:30:00 PM,07/09/2025 06:59:59 PM,0.0,0,A
9000000001,90000000001,000000000009999999,MRIM,99999#001,Generalusage,07/09/2025 07:00:00 PM,07/09/2025 07:29:59 PM,0.685,0,A
9000000001,90000000001,000000000009999999,MRIM,99999#002,Controlledload,07/09/2025 07:00:00 PM,07/09/2025 07:29:59 PM,0.0,0,A
9000000001,90000000001,000000000009999999,MRIM,99999#001,Generalusage,07/09/2025 07:30:00 PM,07/09/2025 07:59:59 PM,0.637,0,A
9000000001,90000000001,000000000009999999,MRIM,99999#002,Controlledload,07/09/2025 07:30:00 PM,07/09/2025 07:59:59 PM,0.0,0,A
9000000001,90000000001,000000000009999999,MRIM,99999#001,Generalusage,07/09/2025 08:00:00 PM,07/09/2025 08:29:59 PM,0.5,0,A
9000000001,90000000001,000000000009999999,MRIM,99999#002,Controlledload,07/09/2025 08:00:00 PM,07/09/2025 08:29:59 PM,0.0,0,A
9000000001,90000000001,000000000009999999,MRIM,99999#001,Generalusage,07/09/2025 08:30:00 PM,07/09/2025 08:59:59 PM,0.364,0,A
9000000001,90000000001,000000000009999999,MRIM,99999#002,Controlledload,07/09/2025 08:30:00 PM,07/09/2025 08:59:59 PM,0.0,0,A
9000000001,90000000001,000000000009999999,MRIM,99999#001,Generalusage,07/09/2025 09:00:00 PM,07/09/2025 09:29:59 PM,0.229,0,A
9000000001,90000000001,000000000009999999,MRIM,99999#002,Controlledload,07/09/2025 09:00:00 PM,07/09/2025 09:29:59 PM,0.0,0,A
9000000001,90000000001,000000000009999999,MRIM,99999#001,Generalusage,07/09/2025 09:30:00 PM,07/09/2025 09:59:59 PM,0.117,0,A
9000000001,90000000001,000000000009999999,MRIM,99999#002,Controlledload,07/09/2025 09:30:00 PM,07/09/2025 09:59:59 PM,0.0,0,A
9000000001,90000000001,000000000009999999,MRIM,99999#001,Generalusage,07/09/2025 10:00:00 PM,07/09/2025 10:29:59 PM,0.104,0,A
9000000001,90000000001,000000000009999999,MRIM,99999#002,Controlledload,07/09/2025 10:00:00 PM,07/09/2025 10:29:59 PM,0.0,0,A
9000000001,90000000001,000000000009999999,MRIM,99999#001,Generalusage,07/09/2025 10:30:00 PM,07/09/2025 10:59:59 PM,0.083,0,A
9000000001,90000000001,000000000009999999,MRIM,99999#002,Controlledload,07/09/2025 10:30:00 PM,07/09/2025 10:59:59 PM,0.0,0,A
9000000001,90000000001,000000000009999999,MRIM,99999#001,Generalusage,07/09/2025 11:00:00 PM,07/09/2025 11:29:59 PM,0.092,0,A
9000000001,90000000001,000000000009999999,MRIM,99999#002,Controlledload,07/09/2025 11:00:00 PM,07/09/2025 11:29:59 PM,0.274,0,A
9000000001,90000000001,000000000009999999,MRIM,99999#001,Generalusage,07/09/2025 11:30:00 PM,07/09/2025 11:59:59 PM,0.078,0,A
9000000001,90000000001,000000000009999999,MRIM,99999#002,Controlledload,07/09/2025 11:30:00 PM,07/09/2025 11:59:59 PM,0.216,0,A
